[0m17:22:44.443241 [debug] [MainThread]: Sending event: {'category': 'dbt', 'action': 'invocation', 'label': 'start', 'context': [<snowplow_tracker.self_describing_json.SelfDescribingJson object at 0x10538ed90>, <snowplow_tracker.self_describing_json.SelfDescribingJson object at 0x1053ae990>, <snowplow_tracker.self_describing_json.SelfDescribingJson object at 0x105356c50>]}


============================== 17:22:44.445044 | e849cd77-eb4c-448e-a64b-6b8dae887d1b ==============================
[0m17:22:44.445044 [info ] [MainThread]: Running with dbt=1.11.2
[0m17:22:44.445277 [debug] [MainThread]: running dbt with arguments {'profiles_dir': '/Users/faizaan/.dbt', 'indirect_selection': 'eager', 'cache_selected_only': 'False', 'introspect': 'True', 'no_print': 'None', 'write_json': 'True', 'log_path': '/Users/faizaan/Desktop/dbt_spotify_prj/snowflake_spotify_project/logs', 'use_colors': 'True', 'invocation_command': 'dbt build', 'static_parser': 'True', 'use_experimental_parser': 'False', 'log_format': 'default', 'send_anonymous_usage_stats': 'True', 'warn_error_options': 'WarnErrorOptionsV2(error=[], warn=[], silence=[])', 'partial_parse': 'True', 'version_check': 'True', 'printer_width': '80', 'fail_fast': 'False', 'warn_error': 'None', 'debug': 'False', 'log_cache_events': 'False', 'target_path': 'None', 'quiet': 'False', 'empty': 'False'}
[0m17:22:44.446414 [error] [MainThread]: Encountered an error:
Runtime Error
  Could not find profile named 'snowflake_spotify_project'
[0m17:22:44.447752 [debug] [MainThread]: Resource report: {"command_name": "build", "command_success": false, "command_wall_clock_time": 0.028463293, "process_in_blocks": "0", "process_kernel_time": 0.093054, "process_mem_max_rss": "109101056", "process_out_blocks": "0", "process_user_time": 0.402196}
[0m17:22:44.447927 [debug] [MainThread]: Command `dbt build` failed at 17:22:44.447892 after 0.03 seconds
[0m17:22:44.448061 [debug] [MainThread]: Sending event: {'category': 'dbt', 'action': 'invocation', 'label': 'end', 'context': [<snowplow_tracker.self_describing_json.SelfDescribingJson object at 0x1053cb890>, <snowplow_tracker.self_describing_json.SelfDescribingJson object at 0x1053cbdd0>, <snowplow_tracker.self_describing_json.SelfDescribingJson object at 0x100c287d0>]}
[0m17:22:44.448177 [debug] [MainThread]: Flushing usage events
[0m17:22:44.800825 [debug] [MainThread]: An error was encountered while trying to flush usage events
[0m17:27:14.813487 [debug] [MainThread]: Sending event: {'category': 'dbt', 'action': 'invocation', 'label': 'start', 'context': [<snowplow_tracker.self_describing_json.SelfDescribingJson object at 0x108ce7a50>, <snowplow_tracker.self_describing_json.SelfDescribingJson object at 0x108d06950>, <snowplow_tracker.self_describing_json.SelfDescribingJson object at 0x108d07490>]}


============================== 17:27:14.815407 | acd15845-ad90-47b8-90c9-b410750db22d ==============================
[0m17:27:14.815407 [info ] [MainThread]: Running with dbt=1.11.2
[0m17:27:14.815649 [debug] [MainThread]: running dbt with arguments {'cache_selected_only': 'False', 'use_experimental_parser': 'False', 'log_format': 'default', 'log_cache_events': 'False', 'send_anonymous_usage_stats': 'True', 'warn_error': 'None', 'warn_error_options': 'WarnErrorOptionsV2(error=[], warn=[], silence=[])', 'introspect': 'True', 'debug': 'False', 'fail_fast': 'False', 'static_parser': 'True', 'empty': 'False', 'log_path': '/Users/faizaan/Desktop/dbt_spotify_prj/snowflake_spotify_project/logs', 'printer_width': '80', 'invocation_command': 'dbt build', 'use_colors': 'True', 'indirect_selection': 'eager', 'version_check': 'True', 'partial_parse': 'True', 'write_json': 'True', 'profiles_dir': '/Users/faizaan/Desktop/dbt_spotify_prj/snowflake_spotify_project', 'quiet': 'False', 'target_path': 'None', 'no_print': 'None'}
[0m17:27:14.969920 [debug] [MainThread]: Snowflake adapter: Setting snowflake.connector to ERROR (file logging only)
[0m17:27:14.970118 [debug] [MainThread]: Snowflake adapter: Setting botocore to ERROR (file logging only)
[0m17:27:14.970221 [debug] [MainThread]: Snowflake adapter: Setting boto3 to ERROR (file logging only)
[0m17:27:15.022853 [debug] [MainThread]: Sending event: {'category': 'dbt', 'action': 'project_id', 'label': 'acd15845-ad90-47b8-90c9-b410750db22d', 'context': [<snowplow_tracker.self_describing_json.SelfDescribingJson object at 0x107efe690>]}
[0m17:27:15.039182 [debug] [MainThread]: Sending event: {'category': 'dbt', 'action': 'adapter_info', 'label': 'acd15845-ad90-47b8-90c9-b410750db22d', 'context': [<snowplow_tracker.self_describing_json.SelfDescribingJson object at 0x1099caa90>]}
[0m17:27:15.039686 [info ] [MainThread]: Registered adapter: snowflake=1.11.1
[0m17:27:15.086029 [debug] [MainThread]: checksum: 3d40d8bbe1bef07db1c24822f2dbfff8bc07f2a48ed4fe2658a40653aec0b54b, vars: {}, profile: , target: , version: 1.11.2
[0m17:27:15.086333 [info ] [MainThread]: Unable to do partial parsing because saved manifest not found. Starting full parse.
[0m17:27:15.086469 [debug] [MainThread]: Sending event: {'category': 'dbt', 'action': 'partial_parser', 'label': 'acd15845-ad90-47b8-90c9-b410750db22d', 'context': [<snowplow_tracker.self_describing_json.SelfDescribingJson object at 0x109abdfd0>]}
[0m17:27:15.469918 [debug] [MainThread]: Sending event: {'category': 'dbt', 'action': 'load_project', 'label': 'acd15845-ad90-47b8-90c9-b410750db22d', 'context': [<snowplow_tracker.self_describing_json.SelfDescribingJson object at 0x10a0e39d0>]}
[0m17:27:15.492647 [debug] [MainThread]: Wrote artifact WritableManifest to /Users/faizaan/Desktop/dbt_spotify_prj/snowflake_spotify_project/target/manifest.json
[0m17:27:15.493868 [debug] [MainThread]: Wrote artifact SemanticManifest to /Users/faizaan/Desktop/dbt_spotify_prj/snowflake_spotify_project/target/semantic_manifest.json
[0m17:27:15.547603 [debug] [MainThread]: Sending event: {'category': 'dbt', 'action': 'resource_counts', 'label': 'acd15845-ad90-47b8-90c9-b410750db22d', 'context': [<snowplow_tracker.self_describing_json.SelfDescribingJson object at 0x109ec3290>]}
[0m17:27:15.547814 [info ] [MainThread]: Found 2 models, 4 data tests, 522 macros
[0m17:27:15.548669 [info ] [MainThread]: 
[0m17:27:15.548797 [info ] [MainThread]: Concurrency: 1 threads (target='dev')
[0m17:27:15.548889 [info ] [MainThread]: 
[0m17:27:15.549048 [debug] [MainThread]: Acquiring new snowflake connection 'master'
[0m17:27:15.550383 [debug] [ThreadPool]: Acquiring new snowflake connection 'list_SPOTIFY_DB'
[0m17:27:15.574541 [debug] [ThreadPool]: Using snowflake connection "list_SPOTIFY_DB"
[0m17:27:15.574687 [debug] [ThreadPool]: On list_SPOTIFY_DB: show terse schemas in database SPOTIFY_DB
    limit 10000
/* {"app": "dbt", "dbt_version": "1.11.2", "profile_name": "snowflake_spotify_project", "target_name": "dev", "connection_name": "list_SPOTIFY_DB"} */
[0m17:27:15.574770 [debug] [ThreadPool]: Opening a new connection, currently in state init
[0m17:27:15.821073 [debug] [ThreadPool]: Snowflake adapter: Error running SQL: show terse schemas in database SPOTIFY_DB
    limit 10000
/* {"app": "dbt", "dbt_version": "1.11.2", "profile_name": "snowflake_spotify_project", "target_name": "dev", "connection_name": "list_SPOTIFY_DB"} */
[0m17:27:15.821284 [debug] [ThreadPool]: Snowflake adapter: Rolling back transaction.
[0m17:27:15.821477 [debug] [ThreadPool]: Snowflake adapter: Error running SQL: macro list_schemas
[0m17:27:15.821595 [debug] [ThreadPool]: Snowflake adapter: Rolling back transaction.
[0m17:27:15.821939 [debug] [MainThread]: Connection 'master' was properly closed.
[0m17:27:15.822104 [debug] [MainThread]: Connection 'list_SPOTIFY_DB' was left open.
[0m17:27:15.822231 [debug] [MainThread]: On list_SPOTIFY_DB: No close available on handle
[0m17:27:15.822354 [info ] [MainThread]: 
[0m17:27:15.822494 [info ] [MainThread]: Finished running  in 0 hours 0 minutes and 0.27 seconds (0.27s).
[0m17:27:15.822709 [error] [MainThread]: Encountered an error:
Runtime Error
  Database error while listing schemas in database "SPOTIFY_DB"
  Database Error
    290404 (08001): 404 Not Found: post MT97777.snowflakecomputing.com:443/session/v1/login-request
[0m17:27:15.824689 [debug] [MainThread]: Resource report: {"command_name": "build", "command_success": false, "command_wall_clock_time": 1.0355079, "process_in_blocks": "0", "process_kernel_time": 0.186984, "process_mem_max_rss": "187203584", "process_out_blocks": "0", "process_user_time": 1.039089}
[0m17:27:15.824888 [debug] [MainThread]: Command `dbt build` failed at 17:27:15.824851 after 1.04 seconds
[0m17:27:15.825050 [debug] [MainThread]: Sending event: {'category': 'dbt', 'action': 'invocation', 'label': 'end', 'context': [<snowplow_tracker.self_describing_json.SelfDescribingJson object at 0x108949850>, <snowplow_tracker.self_describing_json.SelfDescribingJson object at 0x106e90690>, <snowplow_tracker.self_describing_json.SelfDescribingJson object at 0x1044756d0>]}
[0m17:27:15.825212 [debug] [MainThread]: Flushing usage events
[0m17:27:16.156735 [debug] [MainThread]: An error was encountered while trying to flush usage events
[0m17:28:09.796687 [debug] [MainThread]: Sending event: {'category': 'dbt', 'action': 'invocation', 'label': 'start', 'context': [<snowplow_tracker.self_describing_json.SelfDescribingJson object at 0x106dc5a50>, <snowplow_tracker.self_describing_json.SelfDescribingJson object at 0x106dc2ed0>, <snowplow_tracker.self_describing_json.SelfDescribingJson object at 0x106dc57d0>]}


============================== 17:28:09.798688 | dec34c97-ded5-42b5-bd6b-fe2460fb0dca ==============================
[0m17:28:09.798688 [info ] [MainThread]: Running with dbt=1.11.2
[0m17:28:09.798936 [debug] [MainThread]: running dbt with arguments {'warn_error': 'None', 'partial_parse': 'True', 'write_json': 'True', 'invocation_command': 'dbt build', 'log_path': '/Users/faizaan/Desktop/dbt_spotify_prj/snowflake_spotify_project/logs', 'use_colors': 'True', 'debug': 'False', 'indirect_selection': 'eager', 'static_parser': 'True', 'printer_width': '80', 'empty': 'False', 'warn_error_options': 'WarnErrorOptionsV2(error=[], warn=[], silence=[])', 'log_cache_events': 'False', 'cache_selected_only': 'False', 'profiles_dir': '/Users/faizaan/Desktop/dbt_spotify_prj/snowflake_spotify_project', 'use_experimental_parser': 'False', 'send_anonymous_usage_stats': 'True', 'fail_fast': 'False', 'introspect': 'True', 'version_check': 'True', 'target_path': 'None', 'no_print': 'None', 'log_format': 'default', 'quiet': 'False'}
[0m17:28:09.949417 [debug] [MainThread]: Snowflake adapter: Setting snowflake.connector to ERROR (file logging only)
[0m17:28:09.949612 [debug] [MainThread]: Snowflake adapter: Setting botocore to ERROR (file logging only)
[0m17:28:09.949719 [debug] [MainThread]: Snowflake adapter: Setting boto3 to ERROR (file logging only)
[0m17:28:10.003528 [debug] [MainThread]: Sending event: {'category': 'dbt', 'action': 'project_id', 'label': 'dec34c97-ded5-42b5-bd6b-fe2460fb0dca', 'context': [<snowplow_tracker.self_describing_json.SelfDescribingJson object at 0x108089550>]}
[0m17:28:10.019943 [debug] [MainThread]: Sending event: {'category': 'dbt', 'action': 'adapter_info', 'label': 'dec34c97-ded5-42b5-bd6b-fe2460fb0dca', 'context': [<snowplow_tracker.self_describing_json.SelfDescribingJson object at 0x105bac090>]}
[0m17:28:10.020438 [info ] [MainThread]: Registered adapter: snowflake=1.11.1
[0m17:28:10.064987 [debug] [MainThread]: checksum: 3d40d8bbe1bef07db1c24822f2dbfff8bc07f2a48ed4fe2658a40653aec0b54b, vars: {}, profile: , target: , version: 1.11.2
[0m17:28:10.111010 [debug] [MainThread]: Partial parsing enabled: 0 files deleted, 0 files added, 0 files changed.
[0m17:28:10.111212 [debug] [MainThread]: Nothing changed, skipping partial parsing.
[0m17:28:10.111358 [debug] [MainThread]: Partial parsing enabled, no changes found, skipping parsing
[0m17:28:10.122873 [debug] [MainThread]: Sending event: {'category': 'dbt', 'action': 'load_project', 'label': 'dec34c97-ded5-42b5-bd6b-fe2460fb0dca', 'context': [<snowplow_tracker.self_describing_json.SelfDescribingJson object at 0x109012750>]}
[0m17:28:10.144411 [debug] [MainThread]: Wrote artifact WritableManifest to /Users/faizaan/Desktop/dbt_spotify_prj/snowflake_spotify_project/target/manifest.json
[0m17:28:10.145252 [debug] [MainThread]: Wrote artifact SemanticManifest to /Users/faizaan/Desktop/dbt_spotify_prj/snowflake_spotify_project/target/semantic_manifest.json
[0m17:28:10.157260 [debug] [MainThread]: Sending event: {'category': 'dbt', 'action': 'resource_counts', 'label': 'dec34c97-ded5-42b5-bd6b-fe2460fb0dca', 'context': [<snowplow_tracker.self_describing_json.SelfDescribingJson object at 0x10940fcd0>]}
[0m17:28:10.157430 [info ] [MainThread]: Found 2 models, 4 data tests, 522 macros
[0m17:28:10.158177 [info ] [MainThread]: 
[0m17:28:10.158291 [info ] [MainThread]: Concurrency: 1 threads (target='dev')
[0m17:28:10.158377 [info ] [MainThread]: 
[0m17:28:10.158541 [debug] [MainThread]: Acquiring new snowflake connection 'master'
[0m17:28:10.159842 [debug] [ThreadPool]: Acquiring new snowflake connection 'list_SPOTIFY_DB'
[0m17:28:10.184825 [debug] [ThreadPool]: Using snowflake connection "list_SPOTIFY_DB"
[0m17:28:10.184991 [debug] [ThreadPool]: On list_SPOTIFY_DB: show terse schemas in database SPOTIFY_DB
    limit 10000
/* {"app": "dbt", "dbt_version": "1.11.2", "profile_name": "snowflake_spotify_project", "target_name": "dev", "connection_name": "list_SPOTIFY_DB"} */
[0m17:28:10.185081 [debug] [ThreadPool]: Opening a new connection, currently in state init
[0m17:28:10.365557 [debug] [ThreadPool]: Snowflake adapter: Error running SQL: show terse schemas in database SPOTIFY_DB
    limit 10000
/* {"app": "dbt", "dbt_version": "1.11.2", "profile_name": "snowflake_spotify_project", "target_name": "dev", "connection_name": "list_SPOTIFY_DB"} */
[0m17:28:10.365767 [debug] [ThreadPool]: Snowflake adapter: Rolling back transaction.
[0m17:28:10.365940 [debug] [ThreadPool]: Snowflake adapter: Error running SQL: macro list_schemas
[0m17:28:10.366047 [debug] [ThreadPool]: Snowflake adapter: Rolling back transaction.
[0m17:28:10.366376 [debug] [MainThread]: Connection 'master' was properly closed.
[0m17:28:10.366493 [debug] [MainThread]: Connection 'list_SPOTIFY_DB' was left open.
[0m17:28:10.366599 [debug] [MainThread]: On list_SPOTIFY_DB: No close available on handle
[0m17:28:10.366714 [info ] [MainThread]: 
[0m17:28:10.366849 [info ] [MainThread]: Finished running  in 0 hours 0 minutes and 0.21 seconds (0.21s).
[0m17:28:10.367051 [error] [MainThread]: Encountered an error:
Runtime Error
  Database error while listing schemas in database "SPOTIFY_DB"
  Database Error
    290404 (08001): 404 Not Found: post MT97777.snowflakecomputing.com:443/session/v1/login-request
[0m17:28:10.368714 [debug] [MainThread]: Resource report: {"command_name": "build", "command_success": false, "command_wall_clock_time": 0.59897506, "process_in_blocks": "0", "process_kernel_time": 0.175743, "process_mem_max_rss": "162562048", "process_out_blocks": "0", "process_user_time": 0.685965}
[0m17:28:10.368897 [debug] [MainThread]: Command `dbt build` failed at 17:28:10.368865 after 0.60 seconds
[0m17:28:10.369048 [debug] [MainThread]: Sending event: {'category': 'dbt', 'action': 'invocation', 'label': 'end', 'context': [<snowplow_tracker.self_describing_json.SelfDescribingJson object at 0x1010f9590>, <snowplow_tracker.self_describing_json.SelfDescribingJson object at 0x106e38810>, <snowplow_tracker.self_describing_json.SelfDescribingJson object at 0x109775990>]}
[0m17:28:10.369191 [debug] [MainThread]: Flushing usage events
[0m17:28:10.688390 [debug] [MainThread]: An error was encountered while trying to flush usage events
[0m17:28:38.920143 [debug] [MainThread]: Sending event: {'category': 'dbt', 'action': 'invocation', 'label': 'start', 'context': [<snowplow_tracker.self_describing_json.SelfDescribingJson object at 0x110c2ba90>, <snowplow_tracker.self_describing_json.SelfDescribingJson object at 0x110c34850>, <snowplow_tracker.self_describing_json.SelfDescribingJson object at 0x110c53750>]}


============================== 17:28:38.921903 | eaa0309a-265e-4a89-947a-7c5c6f8bafc7 ==============================
[0m17:28:38.921903 [info ] [MainThread]: Running with dbt=1.11.2
[0m17:28:38.922139 [debug] [MainThread]: running dbt with arguments {'use_experimental_parser': 'False', 'partial_parse': 'True', 'profiles_dir': '/Users/faizaan/Desktop/dbt_spotify_prj/snowflake_spotify_project', 'empty': 'False', 'static_parser': 'True', 'write_json': 'True', 'introspect': 'True', 'quiet': 'False', 'fail_fast': 'False', 'log_cache_events': 'False', 'log_format': 'default', 'no_print': 'None', 'version_check': 'True', 'warn_error_options': 'WarnErrorOptionsV2(error=[], warn=[], silence=[])', 'invocation_command': 'dbt build', 'indirect_selection': 'eager', 'warn_error': 'None', 'use_colors': 'True', 'debug': 'False', 'send_anonymous_usage_stats': 'True', 'log_path': '/Users/faizaan/Desktop/dbt_spotify_prj/snowflake_spotify_project/logs', 'printer_width': '80', 'cache_selected_only': 'False', 'target_path': 'None'}
[0m17:28:39.059229 [debug] [MainThread]: Snowflake adapter: Setting snowflake.connector to ERROR (file logging only)
[0m17:28:39.059433 [debug] [MainThread]: Snowflake adapter: Setting botocore to ERROR (file logging only)
[0m17:28:39.059538 [debug] [MainThread]: Snowflake adapter: Setting boto3 to ERROR (file logging only)
[0m17:28:39.108811 [debug] [MainThread]: Sending event: {'category': 'dbt', 'action': 'project_id', 'label': 'eaa0309a-265e-4a89-947a-7c5c6f8bafc7', 'context': [<snowplow_tracker.self_describing_json.SelfDescribingJson object at 0x111e10f10>]}
[0m17:28:39.124953 [debug] [MainThread]: Sending event: {'category': 'dbt', 'action': 'adapter_info', 'label': 'eaa0309a-265e-4a89-947a-7c5c6f8bafc7', 'context': [<snowplow_tracker.self_describing_json.SelfDescribingJson object at 0x10759ab10>]}
[0m17:28:39.125369 [info ] [MainThread]: Registered adapter: snowflake=1.11.1
[0m17:28:39.171952 [debug] [MainThread]: checksum: 3d40d8bbe1bef07db1c24822f2dbfff8bc07f2a48ed4fe2658a40653aec0b54b, vars: {}, profile: , target: , version: 1.11.2
[0m17:28:39.199313 [info ] [MainThread]: Unable to do partial parsing because profile has changed
[0m17:28:39.199522 [debug] [MainThread]: Sending event: {'category': 'dbt', 'action': 'partial_parser', 'label': 'eaa0309a-265e-4a89-947a-7c5c6f8bafc7', 'context': [<snowplow_tracker.self_describing_json.SelfDescribingJson object at 0x1075b68d0>]}
[0m17:28:39.567901 [debug] [MainThread]: Sending event: {'category': 'dbt', 'action': 'load_project', 'label': 'eaa0309a-265e-4a89-947a-7c5c6f8bafc7', 'context': [<snowplow_tracker.self_describing_json.SelfDescribingJson object at 0x111f4ee50>]}
[0m17:28:39.588854 [debug] [MainThread]: Wrote artifact WritableManifest to /Users/faizaan/Desktop/dbt_spotify_prj/snowflake_spotify_project/target/manifest.json
[0m17:28:39.589732 [debug] [MainThread]: Wrote artifact SemanticManifest to /Users/faizaan/Desktop/dbt_spotify_prj/snowflake_spotify_project/target/semantic_manifest.json
[0m17:28:39.601248 [debug] [MainThread]: Sending event: {'category': 'dbt', 'action': 'resource_counts', 'label': 'eaa0309a-265e-4a89-947a-7c5c6f8bafc7', 'context': [<snowplow_tracker.self_describing_json.SelfDescribingJson object at 0x114be61d0>]}
[0m17:28:39.601414 [info ] [MainThread]: Found 2 models, 4 data tests, 522 macros
[0m17:28:39.602081 [info ] [MainThread]: 
[0m17:28:39.602201 [info ] [MainThread]: Concurrency: 1 threads (target='dev')
[0m17:28:39.602288 [info ] [MainThread]: 
[0m17:28:39.602436 [debug] [MainThread]: Acquiring new snowflake connection 'master'
[0m17:28:39.603728 [debug] [ThreadPool]: Acquiring new snowflake connection 'list_SPOTIFY_DB'
[0m17:28:39.624674 [debug] [ThreadPool]: Using snowflake connection "list_SPOTIFY_DB"
[0m17:28:39.624823 [debug] [ThreadPool]: On list_SPOTIFY_DB: show terse schemas in database SPOTIFY_DB
    limit 10000
/* {"app": "dbt", "dbt_version": "1.11.2", "profile_name": "snowflake_spotify_project", "target_name": "dev", "connection_name": "list_SPOTIFY_DB"} */
[0m17:28:39.624910 [debug] [ThreadPool]: Opening a new connection, currently in state init
[0m17:28:39.810163 [debug] [ThreadPool]: Snowflake adapter: Error running SQL: show terse schemas in database SPOTIFY_DB
    limit 10000
/* {"app": "dbt", "dbt_version": "1.11.2", "profile_name": "snowflake_spotify_project", "target_name": "dev", "connection_name": "list_SPOTIFY_DB"} */
[0m17:28:39.810360 [debug] [ThreadPool]: Snowflake adapter: Rolling back transaction.
[0m17:28:39.810544 [debug] [ThreadPool]: Snowflake adapter: Error running SQL: macro list_schemas
[0m17:28:39.810662 [debug] [ThreadPool]: Snowflake adapter: Rolling back transaction.
[0m17:28:39.810988 [debug] [MainThread]: Connection 'master' was properly closed.
[0m17:28:39.811115 [debug] [MainThread]: Connection 'list_SPOTIFY_DB' was left open.
[0m17:28:39.811231 [debug] [MainThread]: On list_SPOTIFY_DB: No close available on handle
[0m17:28:39.811347 [info ] [MainThread]: 
[0m17:28:39.811478 [info ] [MainThread]: Finished running  in 0 hours 0 minutes and 0.21 seconds (0.21s).
[0m17:28:39.811679 [error] [MainThread]: Encountered an error:
Runtime Error
  Database error while listing schemas in database "SPOTIFY_DB"
  Database Error
    290404 (08001): 404 Not Found: post MT97777.snowflakecomputing.com:443/session/v1/login-request
[0m17:28:39.813429 [debug] [MainThread]: Resource report: {"command_name": "build", "command_success": false, "command_wall_clock_time": 0.91575885, "process_in_blocks": "0", "process_kernel_time": 0.160082, "process_mem_max_rss": "168263680", "process_out_blocks": "0", "process_user_time": 1.012412}
[0m17:28:39.813609 [debug] [MainThread]: Command `dbt build` failed at 17:28:39.813576 after 0.92 seconds
[0m17:28:39.813757 [debug] [MainThread]: Sending event: {'category': 'dbt', 'action': 'invocation', 'label': 'end', 'context': [<snowplow_tracker.self_describing_json.SelfDescribingJson object at 0x110c6fb50>, <snowplow_tracker.self_describing_json.SelfDescribingJson object at 0x110c6fb90>, <snowplow_tracker.self_describing_json.SelfDescribingJson object at 0x111f81d10>]}
[0m17:28:39.813909 [debug] [MainThread]: Flushing usage events
[0m17:28:40.168088 [debug] [MainThread]: An error was encountered while trying to flush usage events
[0m17:29:27.839570 [debug] [MainThread]: Sending event: {'category': 'dbt', 'action': 'invocation', 'label': 'start', 'context': [<snowplow_tracker.self_describing_json.SelfDescribingJson object at 0x10571e0d0>, <snowplow_tracker.self_describing_json.SelfDescribingJson object at 0x10571ee50>, <snowplow_tracker.self_describing_json.SelfDescribingJson object at 0x1057abb50>]}


============================== 17:29:27.840940 | 86772782-34e4-4619-be90-1c1f7066a6bf ==============================
[0m17:29:27.840940 [info ] [MainThread]: Running with dbt=1.11.2
[0m17:29:27.841164 [debug] [MainThread]: running dbt with arguments {'static_parser': 'True', 'quiet': 'False', 'use_experimental_parser': 'False', 'fail_fast': 'False', 'version_check': 'True', 'printer_width': '80', 'cache_selected_only': 'False', 'invocation_command': 'dbt build', 'write_json': 'True', 'introspect': 'True', 'log_cache_events': 'False', 'send_anonymous_usage_stats': 'True', 'warn_error': 'None', 'target_path': 'None', 'debug': 'False', 'partial_parse': 'True', 'warn_error_options': 'WarnErrorOptionsV2(error=[], warn=[], silence=[])', 'no_print': 'None', 'log_format': 'default', 'log_path': '/Users/faizaan/Desktop/dbt_spotify_prj/snowflake_spotify_project/logs', 'use_colors': 'True', 'empty': 'False', 'profiles_dir': '/Users/faizaan/Desktop/dbt_spotify_prj/snowflake_spotify_project', 'indirect_selection': 'eager'}
[0m17:29:27.925774 [debug] [MainThread]: Snowflake adapter: Setting snowflake.connector to ERROR (file logging only)
[0m17:29:27.925971 [debug] [MainThread]: Snowflake adapter: Setting botocore to ERROR (file logging only)
[0m17:29:27.926075 [debug] [MainThread]: Snowflake adapter: Setting boto3 to ERROR (file logging only)
[0m17:29:27.973600 [debug] [MainThread]: Sending event: {'category': 'dbt', 'action': 'project_id', 'label': '86772782-34e4-4619-be90-1c1f7066a6bf', 'context': [<snowplow_tracker.self_describing_json.SelfDescribingJson object at 0x105750b90>]}
[0m17:29:27.990270 [debug] [MainThread]: Sending event: {'category': 'dbt', 'action': 'adapter_info', 'label': '86772782-34e4-4619-be90-1c1f7066a6bf', 'context': [<snowplow_tracker.self_describing_json.SelfDescribingJson object at 0x102ee0f50>]}
[0m17:29:27.990599 [info ] [MainThread]: Registered adapter: snowflake=1.11.1
[0m17:29:28.032680 [debug] [MainThread]: checksum: 3d40d8bbe1bef07db1c24822f2dbfff8bc07f2a48ed4fe2658a40653aec0b54b, vars: {}, profile: , target: , version: 1.11.2
[0m17:29:28.058906 [info ] [MainThread]: Unable to do partial parsing because profile has changed
[0m17:29:28.059097 [debug] [MainThread]: Sending event: {'category': 'dbt', 'action': 'partial_parser', 'label': '86772782-34e4-4619-be90-1c1f7066a6bf', 'context': [<snowplow_tracker.self_describing_json.SelfDescribingJson object at 0x1049128d0>]}
[0m17:29:28.412161 [debug] [MainThread]: Sending event: {'category': 'dbt', 'action': 'load_project', 'label': '86772782-34e4-4619-be90-1c1f7066a6bf', 'context': [<snowplow_tracker.self_describing_json.SelfDescribingJson object at 0x10663a4d0>]}
[0m17:29:28.433058 [debug] [MainThread]: Wrote artifact WritableManifest to /Users/faizaan/Desktop/dbt_spotify_prj/snowflake_spotify_project/target/manifest.json
[0m17:29:28.433905 [debug] [MainThread]: Wrote artifact SemanticManifest to /Users/faizaan/Desktop/dbt_spotify_prj/snowflake_spotify_project/target/semantic_manifest.json
[0m17:29:28.441404 [debug] [MainThread]: Sending event: {'category': 'dbt', 'action': 'resource_counts', 'label': '86772782-34e4-4619-be90-1c1f7066a6bf', 'context': [<snowplow_tracker.self_describing_json.SelfDescribingJson object at 0x10663e6d0>]}
[0m17:29:28.441568 [info ] [MainThread]: Found 2 models, 4 data tests, 522 macros
[0m17:29:28.442237 [info ] [MainThread]: 
[0m17:29:28.442350 [info ] [MainThread]: Concurrency: 1 threads (target='dev')
[0m17:29:28.442445 [info ] [MainThread]: 
[0m17:29:28.442588 [debug] [MainThread]: Acquiring new snowflake connection 'master'
[0m17:29:28.443876 [debug] [ThreadPool]: Acquiring new snowflake connection 'list_SPOTIFY_DB'
[0m17:29:28.462497 [debug] [ThreadPool]: Using snowflake connection "list_SPOTIFY_DB"
[0m17:29:28.462647 [debug] [ThreadPool]: On list_SPOTIFY_DB: show terse schemas in database SPOTIFY_DB
    limit 10000
/* {"app": "dbt", "dbt_version": "1.11.2", "profile_name": "snowflake_spotify_project", "target_name": "dev", "connection_name": "list_SPOTIFY_DB"} */
[0m17:29:28.462734 [debug] [ThreadPool]: Opening a new connection, currently in state init
[0m17:29:29.771345 [debug] [ThreadPool]: SQL status: SUCCESS 3 in 1.308 seconds
[0m17:29:29.774404 [debug] [ThreadPool]: Re-using an available connection from the pool (formerly list_SPOTIFY_DB, now list_SPOTIFY_DB_SOURCE)
[0m17:29:29.785141 [debug] [ThreadPool]: Using snowflake connection "list_SPOTIFY_DB_SOURCE"
[0m17:29:29.785427 [debug] [ThreadPool]: On list_SPOTIFY_DB_SOURCE: show objects in SPOTIFY_DB.SOURCE
    limit 10000
    

/* {"app": "dbt", "dbt_version": "1.11.2", "profile_name": "snowflake_spotify_project", "target_name": "dev", "connection_name": "list_SPOTIFY_DB_SOURCE"} */;
[0m17:29:29.929100 [debug] [ThreadPool]: SQL status: SUCCESS 0 in 0.143 seconds
[0m17:29:29.932712 [debug] [MainThread]: Sending event: {'category': 'dbt', 'action': 'runnable_timing', 'label': '86772782-34e4-4619-be90-1c1f7066a6bf', 'context': [<snowplow_tracker.self_describing_json.SelfDescribingJson object at 0x106c21f50>]}
[0m17:29:29.937695 [debug] [Thread-2 (]: Began running node model.snowflake_spotify_project.my_first_dbt_model
[0m17:29:29.938245 [info ] [Thread-2 (]: 1 of 6 START sql table model SOURCE.my_first_dbt_model ......................... [RUN]
[0m17:29:29.938651 [debug] [Thread-2 (]: Re-using an available connection from the pool (formerly list_SPOTIFY_DB_SOURCE, now model.snowflake_spotify_project.my_first_dbt_model)
[0m17:29:29.938929 [debug] [Thread-2 (]: Began compiling node model.snowflake_spotify_project.my_first_dbt_model
[0m17:29:29.945497 [debug] [Thread-2 (]: Writing injected SQL for node "model.snowflake_spotify_project.my_first_dbt_model"
[0m17:29:29.946560 [debug] [Thread-2 (]: Began executing node model.snowflake_spotify_project.my_first_dbt_model
[0m17:29:29.967072 [debug] [Thread-2 (]: Writing runtime sql for node "model.snowflake_spotify_project.my_first_dbt_model"
[0m17:29:29.968193 [debug] [Thread-2 (]: Using snowflake connection "model.snowflake_spotify_project.my_first_dbt_model"
[0m17:29:29.968400 [debug] [Thread-2 (]: On model.snowflake_spotify_project.my_first_dbt_model: create or replace transient table SPOTIFY_DB.SOURCE.my_first_dbt_model
    
    
    
    as (/*
    Welcome to your first dbt model!
    Did you know that you can also configure models directly within SQL files?
    This will override configurations stated in dbt_project.yml

    Try changing "table" to "view" below
*/



with source_data as (

    select 1 as id
    union all
    select null as id

)

select *
from source_data

/*
    Uncomment the line below to remove records with null `id` values
*/

-- where id is not null
    )

/* {"app": "dbt", "dbt_version": "1.11.2", "profile_name": "snowflake_spotify_project", "target_name": "dev", "node_id": "model.snowflake_spotify_project.my_first_dbt_model"} */;
[0m17:29:31.077682 [debug] [Thread-2 (]: SQL status: SUCCESS 1 in 1.109 seconds
[0m17:29:31.100869 [debug] [Thread-2 (]: Sending event: {'category': 'dbt', 'action': 'run_model', 'label': '86772782-34e4-4619-be90-1c1f7066a6bf', 'context': [<snowplow_tracker.self_describing_json.SelfDescribingJson object at 0x106bf3f10>]}
[0m17:29:31.101560 [info ] [Thread-2 (]: 1 of 6 OK created sql table model SOURCE.my_first_dbt_model .................... [[32mSUCCESS 1[0m in 1.16s]
[0m17:29:31.101994 [debug] [Thread-2 (]: Finished running node model.snowflake_spotify_project.my_first_dbt_model
[0m17:29:31.102674 [debug] [Thread-2 (]: Began running node test.snowflake_spotify_project.not_null_my_first_dbt_model_id.5fb22c2710
[0m17:29:31.103108 [info ] [Thread-2 (]: 2 of 6 START test not_null_my_first_dbt_model_id ............................... [RUN]
[0m17:29:31.103466 [debug] [Thread-2 (]: Re-using an available connection from the pool (formerly model.snowflake_spotify_project.my_first_dbt_model, now test.snowflake_spotify_project.not_null_my_first_dbt_model_id.5fb22c2710)
[0m17:29:31.103708 [debug] [Thread-2 (]: Began compiling node test.snowflake_spotify_project.not_null_my_first_dbt_model_id.5fb22c2710
[0m17:29:31.112467 [debug] [Thread-2 (]: Writing injected SQL for node "test.snowflake_spotify_project.not_null_my_first_dbt_model_id.5fb22c2710"
[0m17:29:31.113278 [debug] [Thread-2 (]: Began executing node test.snowflake_spotify_project.not_null_my_first_dbt_model_id.5fb22c2710
[0m17:29:31.123350 [debug] [Thread-2 (]: Writing runtime sql for node "test.snowflake_spotify_project.not_null_my_first_dbt_model_id.5fb22c2710"
[0m17:29:31.123999 [debug] [Thread-2 (]: Using snowflake connection "test.snowflake_spotify_project.not_null_my_first_dbt_model_id.5fb22c2710"
[0m17:29:31.124196 [debug] [Thread-2 (]: On test.snowflake_spotify_project.not_null_my_first_dbt_model_id.5fb22c2710: select
      count(*) as failures,
      count(*) != 0 as should_warn,
      count(*) != 0 as should_error
    from (
      
    
  
    
    



select id
from SPOTIFY_DB.SOURCE.my_first_dbt_model
where id is null



  
  
      
    ) dbt_internal_test
/* {"app": "dbt", "dbt_version": "1.11.2", "profile_name": "snowflake_spotify_project", "target_name": "dev", "node_id": "test.snowflake_spotify_project.not_null_my_first_dbt_model_id.5fb22c2710"} */
[0m17:29:31.327573 [debug] [Thread-2 (]: SQL status: SUCCESS 1 in 0.203 seconds
[0m17:29:31.333359 [error] [Thread-2 (]: 2 of 6 FAIL 1 not_null_my_first_dbt_model_id ................................... [[31mFAIL 1[0m in 0.23s]
[0m17:29:31.333983 [debug] [Thread-2 (]: Finished running node test.snowflake_spotify_project.not_null_my_first_dbt_model_id.5fb22c2710
[0m17:29:31.334337 [debug] [Thread-2 (]: Began running node test.snowflake_spotify_project.unique_my_first_dbt_model_id.16e066b321
[0m17:29:31.334736 [debug] [Thread-5 (]: Marking all children of 'test.snowflake_spotify_project.not_null_my_first_dbt_model_id.5fb22c2710' to be skipped because of status 'fail'.  Reason: Got 1 result, configured to fail if != 0.
[0m17:29:31.335101 [info ] [Thread-2 (]: 3 of 6 START test unique_my_first_dbt_model_id ................................. [RUN]
[0m17:29:31.335976 [debug] [Thread-2 (]: Re-using an available connection from the pool (formerly test.snowflake_spotify_project.not_null_my_first_dbt_model_id.5fb22c2710, now test.snowflake_spotify_project.unique_my_first_dbt_model_id.16e066b321)
[0m17:29:31.336249 [debug] [Thread-2 (]: Began compiling node test.snowflake_spotify_project.unique_my_first_dbt_model_id.16e066b321
[0m17:29:31.342351 [debug] [Thread-2 (]: Writing injected SQL for node "test.snowflake_spotify_project.unique_my_first_dbt_model_id.16e066b321"
[0m17:29:31.343173 [debug] [Thread-2 (]: Began executing node test.snowflake_spotify_project.unique_my_first_dbt_model_id.16e066b321
[0m17:29:31.345725 [debug] [Thread-2 (]: Writing runtime sql for node "test.snowflake_spotify_project.unique_my_first_dbt_model_id.16e066b321"
[0m17:29:31.346819 [debug] [Thread-2 (]: Using snowflake connection "test.snowflake_spotify_project.unique_my_first_dbt_model_id.16e066b321"
[0m17:29:31.347153 [debug] [Thread-2 (]: On test.snowflake_spotify_project.unique_my_first_dbt_model_id.16e066b321: select
      count(*) as failures,
      count(*) != 0 as should_warn,
      count(*) != 0 as should_error
    from (
      
    
  
    
    

select
    id as unique_field,
    count(*) as n_records

from SPOTIFY_DB.SOURCE.my_first_dbt_model
where id is not null
group by id
having count(*) > 1



  
  
      
    ) dbt_internal_test
/* {"app": "dbt", "dbt_version": "1.11.2", "profile_name": "snowflake_spotify_project", "target_name": "dev", "node_id": "test.snowflake_spotify_project.unique_my_first_dbt_model_id.16e066b321"} */
[0m17:29:31.795169 [debug] [Thread-2 (]: SQL status: SUCCESS 1 in 0.447 seconds
[0m17:29:31.799409 [info ] [Thread-2 (]: 3 of 6 PASS unique_my_first_dbt_model_id ....................................... [[32mPASS[0m in 0.46s]
[0m17:29:31.799904 [debug] [Thread-2 (]: Finished running node test.snowflake_spotify_project.unique_my_first_dbt_model_id.16e066b321
[0m17:29:31.800639 [debug] [Thread-2 (]: Began running node model.snowflake_spotify_project.my_second_dbt_model
[0m17:29:31.801045 [info ] [Thread-2 (]: 4 of 6 SKIP relation SOURCE.my_second_dbt_model ................................ [[33mSKIP[0m]
[0m17:29:31.801375 [debug] [Thread-2 (]: Finished running node model.snowflake_spotify_project.my_second_dbt_model
[0m17:29:31.801625 [debug] [Thread-5 (]: Marking all children of 'model.snowflake_spotify_project.my_second_dbt_model' to be skipped because of status 'skipped'. 
[0m17:29:31.802113 [debug] [Thread-2 (]: Began running node test.snowflake_spotify_project.not_null_my_second_dbt_model_id.151b76d778
[0m17:29:31.802391 [info ] [Thread-2 (]: 5 of 6 SKIP test not_null_my_second_dbt_model_id ............................... [[33mSKIP[0m]
[0m17:29:31.802645 [debug] [Thread-2 (]: Finished running node test.snowflake_spotify_project.not_null_my_second_dbt_model_id.151b76d778
[0m17:29:31.803033 [debug] [Thread-2 (]: Began running node test.snowflake_spotify_project.unique_my_second_dbt_model_id.57a0f8c493
[0m17:29:31.803383 [debug] [Thread-5 (]: Marking all children of 'test.snowflake_spotify_project.not_null_my_second_dbt_model_id.151b76d778' to be skipped because of status 'skipped'. 
[0m17:29:31.803774 [info ] [Thread-2 (]: 6 of 6 SKIP test unique_my_second_dbt_model_id ................................. [[33mSKIP[0m]
[0m17:29:31.804264 [debug] [Thread-2 (]: Finished running node test.snowflake_spotify_project.unique_my_second_dbt_model_id.57a0f8c493
[0m17:29:31.804668 [debug] [Thread-5 (]: Marking all children of 'test.snowflake_spotify_project.unique_my_second_dbt_model_id.57a0f8c493' to be skipped because of status 'skipped'. 
[0m17:29:31.805624 [debug] [MainThread]: Connection 'master' was properly closed.
[0m17:29:31.805872 [debug] [MainThread]: Connection 'test.snowflake_spotify_project.unique_my_first_dbt_model_id.16e066b321' was left open.
[0m17:29:31.806072 [debug] [MainThread]: On test.snowflake_spotify_project.unique_my_first_dbt_model_id.16e066b321: Close
[0m17:29:31.993089 [info ] [MainThread]: 
[0m17:29:31.993953 [info ] [MainThread]: Finished running 1 table model, 4 data tests, 1 view model in 0 hours 0 minutes and 3.55 seconds (3.55s).
[0m17:29:31.994626 [debug] [MainThread]: Command end result
[0m17:29:32.009358 [debug] [MainThread]: Wrote artifact WritableManifest to /Users/faizaan/Desktop/dbt_spotify_prj/snowflake_spotify_project/target/manifest.json
[0m17:29:32.010200 [debug] [MainThread]: Wrote artifact SemanticManifest to /Users/faizaan/Desktop/dbt_spotify_prj/snowflake_spotify_project/target/semantic_manifest.json
[0m17:29:32.013034 [debug] [MainThread]: Wrote artifact RunExecutionResult to /Users/faizaan/Desktop/dbt_spotify_prj/snowflake_spotify_project/target/run_results.json
[0m17:29:32.013187 [info ] [MainThread]: 
[0m17:29:32.013359 [info ] [MainThread]: [31mCompleted with 1 error, 0 partial successes, and 0 warnings:[0m
[0m17:29:32.013491 [info ] [MainThread]: 
[0m17:29:32.013641 [error] [MainThread]: [31mFailure in test not_null_my_first_dbt_model_id (models/example/schema.yml)[0m
[0m17:29:32.013778 [error] [MainThread]:   Got 1 result, configured to fail if != 0
[0m17:29:32.013885 [info ] [MainThread]: 
[0m17:29:32.014021 [info ] [MainThread]:   compiled code at target/compiled/snowflake_spotify_project/models/example/schema.yml/not_null_my_first_dbt_model_id.sql
[0m17:29:32.014139 [info ] [MainThread]: 
[0m17:29:32.014272 [info ] [MainThread]: Done. PASS=2 WARN=0 ERROR=1 SKIP=3 NO-OP=0 TOTAL=6
[0m17:29:32.015577 [debug] [MainThread]: Resource report: {"command_name": "build", "command_success": false, "command_wall_clock_time": 4.1969833, "process_in_blocks": "0", "process_kernel_time": 0.164751, "process_mem_max_rss": "173686784", "process_out_blocks": "0", "process_user_time": 1.218278}
[0m17:29:32.015765 [debug] [MainThread]: Command `dbt build` failed at 17:29:32.015731 after 4.20 seconds
[0m17:29:32.015931 [debug] [MainThread]: Sending event: {'category': 'dbt', 'action': 'invocation', 'label': 'end', 'context': [<snowplow_tracker.self_describing_json.SelfDescribingJson object at 0x100ded590>, <snowplow_tracker.self_describing_json.SelfDescribingJson object at 0x100ded710>, <snowplow_tracker.self_describing_json.SelfDescribingJson object at 0x1057ab5d0>]}
[0m17:29:32.016083 [debug] [MainThread]: Flushing usage events
[0m17:29:32.353068 [debug] [MainThread]: An error was encountered while trying to flush usage events
[0m17:30:38.004897 [debug] [MainThread]: Sending event: {'category': 'dbt', 'action': 'invocation', 'label': 'start', 'context': [<snowplow_tracker.self_describing_json.SelfDescribingJson object at 0x1085c73d0>, <snowplow_tracker.self_describing_json.SelfDescribingJson object at 0x108181fd0>, <snowplow_tracker.self_describing_json.SelfDescribingJson object at 0x10864ee50>]}


============================== 17:30:38.006266 | 9c7638aa-c140-4a5a-bd95-2ecfe8ffde04 ==============================
[0m17:30:38.006266 [info ] [MainThread]: Running with dbt=1.11.2
[0m17:30:38.006488 [debug] [MainThread]: running dbt with arguments {'invocation_command': 'dbt debug', 'version_check': 'True', 'target_path': 'None', 'warn_error_options': 'WarnErrorOptionsV2(error=[], warn=[], silence=[])', 'quiet': 'False', 'write_json': 'True', 'log_path': '/Users/faizaan/Desktop/dbt_spotify_prj/snowflake_spotify_project/logs', 'partial_parse': 'True', 'static_parser': 'True', 'log_cache_events': 'False', 'profiles_dir': '/Users/faizaan/Desktop/dbt_spotify_prj/snowflake_spotify_project', 'use_experimental_parser': 'False', 'introspect': 'True', 'send_anonymous_usage_stats': 'True', 'printer_width': '80', 'debug': 'False', 'empty': 'None', 'no_print': 'None', 'log_format': 'default', 'fail_fast': 'False', 'use_colors': 'True', 'warn_error': 'None', 'cache_selected_only': 'False', 'indirect_selection': 'eager'}
[0m17:30:38.012593 [info ] [MainThread]: dbt version: 1.11.2
[0m17:30:38.012749 [info ] [MainThread]: python version: 3.11.0
[0m17:30:38.012913 [info ] [MainThread]: python path: /Users/faizaan/Desktop/dbt_spotify_prj/.venv/bin/python3
[0m17:30:38.013081 [info ] [MainThread]: os info: macOS-26.2-arm64-arm-64bit
[0m17:30:38.098842 [debug] [MainThread]: Snowflake adapter: Setting snowflake.connector to ERROR (file logging only)
[0m17:30:38.099028 [debug] [MainThread]: Snowflake adapter: Setting botocore to ERROR (file logging only)
[0m17:30:38.099126 [debug] [MainThread]: Snowflake adapter: Setting boto3 to ERROR (file logging only)
[0m17:30:38.115908 [info ] [MainThread]: Using profiles dir at /Users/faizaan/Desktop/dbt_spotify_prj/snowflake_spotify_project
[0m17:30:38.116076 [info ] [MainThread]: Using profiles.yml file at /Users/faizaan/Desktop/dbt_spotify_prj/snowflake_spotify_project/profiles.yml
[0m17:30:38.116194 [info ] [MainThread]: Using dbt_project.yml file at /Users/faizaan/Desktop/dbt_spotify_prj/snowflake_spotify_project/dbt_project.yml
[0m17:30:38.116343 [info ] [MainThread]: adapter type: snowflake
[0m17:30:38.116438 [info ] [MainThread]: adapter version: 1.11.1
[0m17:30:38.143600 [info ] [MainThread]: Configuration:
[0m17:30:38.143782 [info ] [MainThread]:   profiles.yml file [[32mOK found and valid[0m]
[0m17:30:38.143880 [info ] [MainThread]:   dbt_project.yml file [[32mOK found and valid[0m]
[0m17:30:38.143963 [info ] [MainThread]: Required dependencies:
[0m17:30:38.144082 [debug] [MainThread]: Executing "git --help"
[0m17:30:38.155014 [debug] [MainThread]: STDOUT: "b"usage: git [-v | --version] [-h | --help] [-C <path>] [-c <name>=<value>]\n           [--exec-path[=<path>]] [--html-path] [--man-path] [--info-path]\n           [-p | --paginate | -P | --no-pager] [--no-replace-objects] [--no-lazy-fetch]\n           [--no-optional-locks] [--no-advice] [--bare] [--git-dir=<path>]\n           [--work-tree=<path>] [--namespace=<name>] [--config-env=<name>=<envvar>]\n           <command> [<args>]\n\nThese are common Git commands used in various situations:\n\nstart a working area (see also: git help tutorial)\n   clone      Clone a repository into a new directory\n   init       Create an empty Git repository or reinitialize an existing one\n\nwork on the current change (see also: git help everyday)\n   add        Add file contents to the index\n   mv         Move or rename a file, a directory, or a symlink\n   restore    Restore working tree files\n   rm         Remove files from the working tree and from the index\n\nexamine the history and state (see also: git help revisions)\n   bisect     Use binary search to find the commit that introduced a bug\n   diff       Show changes between commits, commit and working tree, etc\n   grep       Print lines matching a pattern\n   log        Show commit logs\n   show       Show various types of objects\n   status     Show the working tree status\n\ngrow, mark and tweak your common history\n   backfill   Download missing objects in a partial clone\n   branch     List, create, or delete branches\n   commit     Record changes to the repository\n   merge      Join two or more development histories together\n   rebase     Reapply commits on top of another base tip\n   reset      Reset current HEAD to the specified state\n   switch     Switch branches\n   tag        Create, list, delete or verify a tag object signed with GPG\n\ncollaborate (see also: git help workflows)\n   fetch      Download objects and refs from another repository\n   pull       Fetch from and integrate with another repository or a local branch\n   push       Update remote refs along with associated objects\n\n'git help -a' and 'git help -g' list available subcommands and some\nconcept guides. See 'git help <command>' or 'git help <concept>'\nto read about a specific subcommand or concept.\nSee 'git help git' for an overview of the system.\n""
[0m17:30:38.155350 [debug] [MainThread]: STDERR: "b''"
[0m17:30:38.155472 [info ] [MainThread]:  - git [[32mOK found[0m]

[0m17:30:38.155598 [info ] [MainThread]: Connection:
[0m17:30:38.155728 [info ] [MainThread]:   account: WSRZOUZ-MT97777
[0m17:30:38.155811 [info ] [MainThread]:   user: FAIZAAN
[0m17:30:38.155891 [info ] [MainThread]:   database: SPOTIFY_DB
[0m17:30:38.155969 [info ] [MainThread]:   warehouse: COMPUTE_WH
[0m17:30:38.156091 [info ] [MainThread]:   role: ACCOUNTADMIN
[0m17:30:38.156164 [info ] [MainThread]:   schema: SOURCE
[0m17:30:38.156238 [info ] [MainThread]:   authenticator: None
[0m17:30:38.156362 [info ] [MainThread]:   oauth_client_id: None
[0m17:30:38.156487 [info ] [MainThread]:   query_tag: None
[0m17:30:38.156628 [info ] [MainThread]:   client_session_keep_alive: False
[0m17:30:38.156721 [info ] [MainThread]:   host: None
[0m17:30:38.156810 [info ] [MainThread]:   port: None
[0m17:30:38.156890 [info ] [MainThread]:   proxy_host: None
[0m17:30:38.156974 [info ] [MainThread]:   proxy_port: None
[0m17:30:38.157065 [info ] [MainThread]:   protocol: None
[0m17:30:38.157144 [info ] [MainThread]:   connect_retries: 1
[0m17:30:38.157223 [info ] [MainThread]:   connect_timeout: None
[0m17:30:38.157299 [info ] [MainThread]:   retry_on_database_errors: False
[0m17:30:38.157375 [info ] [MainThread]:   retry_all: False
[0m17:30:38.157454 [info ] [MainThread]:   insecure_mode: False
[0m17:30:38.157532 [info ] [MainThread]:   reuse_connections: True
[0m17:30:38.157613 [info ] [MainThread]:   s3_stage_vpce_dns_name: None
[0m17:30:38.157705 [info ] [MainThread]:   platform_detection_timeout_seconds: 0.0
[0m17:30:38.157913 [info ] [MainThread]: Registered adapter: snowflake=1.11.1
[0m17:30:38.198845 [debug] [MainThread]: Acquiring new snowflake connection 'debug'
[0m17:30:38.213886 [debug] [MainThread]: Using snowflake connection "debug"
[0m17:30:38.214023 [debug] [MainThread]: On debug: select 1 as id
[0m17:30:38.214111 [debug] [MainThread]: Opening a new connection, currently in state init
[0m17:30:39.497133 [debug] [MainThread]: SQL status: SUCCESS 1 in 1.283 seconds
[0m17:30:39.498940 [info ] [MainThread]:   Connection test: [[32mOK connection ok[0m]

[0m17:30:39.499398 [info ] [MainThread]: [32mAll checks passed![0m
[0m17:30:39.502586 [debug] [MainThread]: Resource report: {"command_name": "debug", "command_success": true, "command_wall_clock_time": 1.5191422, "process_in_blocks": "0", "process_kernel_time": 0.125573, "process_mem_max_rss": "155041792", "process_out_blocks": "0", "process_user_time": 0.608335}
[0m17:30:39.503142 [debug] [MainThread]: Command `dbt debug` succeeded at 17:30:39.503056 after 1.52 seconds
[0m17:30:39.503475 [debug] [MainThread]: Connection 'debug' was left open.
[0m17:30:39.503737 [debug] [MainThread]: On debug: Close
[0m17:30:39.700123 [debug] [MainThread]: Sending event: {'category': 'dbt', 'action': 'invocation', 'label': 'end', 'context': [<snowplow_tracker.self_describing_json.SelfDescribingJson object at 0x108273190>, <snowplow_tracker.self_describing_json.SelfDescribingJson object at 0x1008b2150>, <snowplow_tracker.self_describing_json.SelfDescribingJson object at 0x109b96a10>]}
[0m17:30:39.700976 [debug] [MainThread]: Flushing usage events
[0m17:30:40.072709 [debug] [MainThread]: An error was encountered while trying to flush usage events
[0m18:29:12.134982 [debug] [MainThread]: Sending event: {'category': 'dbt', 'action': 'invocation', 'label': 'start', 'context': [<snowplow_tracker.self_describing_json.SelfDescribingJson object at 0x1095570d0>, <snowplow_tracker.self_describing_json.SelfDescribingJson object at 0x10954e4d0>, <snowplow_tracker.self_describing_json.SelfDescribingJson object at 0x1071a7f90>]}


============================== 18:29:12.136371 | 20e16113-083d-4823-8214-dd0d2dd7f79e ==============================
[0m18:29:12.136371 [info ] [MainThread]: Running with dbt=1.10.0
[0m18:29:12.136581 [debug] [MainThread]: running dbt with arguments {'printer_width': '80', 'indirect_selection': 'eager', 'log_cache_events': 'False', 'write_json': 'True', 'partial_parse': 'True', 'cache_selected_only': 'False', 'warn_error': 'None', 'debug': 'False', 'version_check': 'True', 'log_path': '/Users/faizaan/Desktop/dbt_spotify_prj/snowflake_spotify_project/logs', 'fail_fast': 'False', 'profiles_dir': '/Users/faizaan/Desktop/dbt_spotify_prj/snowflake_spotify_project', 'use_colors': 'True', 'use_experimental_parser': 'False', 'empty': 'None', 'quiet': 'False', 'no_print': 'None', 'log_format': 'default', 'static_parser': 'True', 'introspect': 'True', 'invocation_command': 'dbt ', 'target_path': 'None', 'warn_error_options': 'WarnErrorOptionsV2(error=[], warn=[], silence=[])', 'send_anonymous_usage_stats': 'True'}
[0m18:29:12.234030 [debug] [MainThread]: Sending event: {'category': 'dbt', 'action': 'project_id', 'label': '20e16113-083d-4823-8214-dd0d2dd7f79e', 'context': [<snowplow_tracker.self_describing_json.SelfDescribingJson object at 0x109662110>]}
[0m18:29:12.239450 [info ] [MainThread]: Warning: No packages were found in packages.yml
[0m18:29:12.239777 [info ] [MainThread]: Warning: No packages were found in packages.yml
[0m18:29:12.241673 [debug] [MainThread]: Resource report: {"command_name": "deps", "command_success": true, "command_wall_clock_time": 0.13252342, "process_in_blocks": "0", "process_kernel_time": 0.06812, "process_mem_max_rss": "110559232", "process_out_blocks": "0", "process_user_time": 0.406494}
[0m18:29:12.241887 [debug] [MainThread]: Command `cli deps` succeeded at 18:29:12.241837 after 0.13 seconds
[0m18:29:12.242035 [debug] [MainThread]: Sending event: {'category': 'dbt', 'action': 'invocation', 'label': 'end', 'context': [<snowplow_tracker.self_describing_json.SelfDescribingJson object at 0x1095bd050>, <snowplow_tracker.self_describing_json.SelfDescribingJson object at 0x1095bed50>, <snowplow_tracker.self_describing_json.SelfDescribingJson object at 0x1050ca490>]}
[0m18:29:12.242162 [debug] [MainThread]: Flushing usage events
[0m18:29:12.615245 [debug] [MainThread]: An error was encountered while trying to flush usage events
[0m18:31:35.861706 [debug] [MainThread]: Sending event: {'category': 'dbt', 'action': 'invocation', 'label': 'start', 'context': [<snowplow_tracker.self_describing_json.SelfDescribingJson object at 0x110b3fe90>, <snowplow_tracker.self_describing_json.SelfDescribingJson object at 0x110efdc10>, <snowplow_tracker.self_describing_json.SelfDescribingJson object at 0x110f0bfd0>]}


============================== 18:31:35.863252 | 054be053-7a70-4c61-a666-9e70f5c90241 ==============================
[0m18:31:35.863252 [info ] [MainThread]: Running with dbt=1.11.2
[0m18:31:35.863469 [debug] [MainThread]: running dbt with arguments {'version_check': 'True', 'use_colors': 'True', 'target_path': 'None', 'debug': 'False', 'profiles_dir': '/Users/faizaan/Desktop/dbt_spotify_prj/snowflake_spotify_project', 'warn_error': 'None', 'fail_fast': 'False', 'cache_selected_only': 'False', 'empty': 'None', 'static_parser': 'True', 'invocation_command': 'dbt ', 'quiet': 'False', 'indirect_selection': 'eager', 'no_print': 'None', 'introspect': 'True', 'printer_width': '80', 'use_experimental_parser': 'False', 'log_path': '/Users/faizaan/Desktop/dbt_spotify_prj/snowflake_spotify_project/logs', 'write_json': 'True', 'log_cache_events': 'False', 'partial_parse': 'True', 'send_anonymous_usage_stats': 'True', 'log_format': 'default', 'warn_error_options': 'WarnErrorOptionsV2(error=[], warn=[], silence=[])'}
[0m18:31:35.951278 [debug] [MainThread]: Sending event: {'category': 'dbt', 'action': 'project_id', 'label': '054be053-7a70-4c61-a666-9e70f5c90241', 'context': [<snowplow_tracker.self_describing_json.SelfDescribingJson object at 0x110f283d0>]}
[0m18:31:35.957702 [info ] [MainThread]: Warning: No packages were found in packages.yml
[0m18:31:35.958148 [info ] [MainThread]: Warning: No packages were found in packages.yml
[0m18:31:35.960148 [debug] [MainThread]: Resource report: {"command_name": "deps", "command_success": true, "command_wall_clock_time": 0.1200605, "process_in_blocks": "0", "process_kernel_time": 0.070593, "process_mem_max_rss": "112885760", "process_out_blocks": "0", "process_user_time": 0.426693}
[0m18:31:35.960358 [debug] [MainThread]: Command `cli deps` succeeded at 18:31:35.960308 after 0.12 seconds
[0m18:31:35.960494 [debug] [MainThread]: Sending event: {'category': 'dbt', 'action': 'invocation', 'label': 'end', 'context': [<snowplow_tracker.self_describing_json.SelfDescribingJson object at 0x110ea1bd0>, <snowplow_tracker.self_describing_json.SelfDescribingJson object at 0x110900550>, <snowplow_tracker.self_describing_json.SelfDescribingJson object at 0x102ab2ad0>]}
[0m18:31:35.960624 [debug] [MainThread]: Flushing usage events
[0m18:31:36.325773 [debug] [MainThread]: An error was encountered while trying to flush usage events
[0m18:41:03.547146 [debug] [MainThread]: Sending event: {'category': 'dbt', 'action': 'invocation', 'label': 'start', 'context': [<snowplow_tracker.self_describing_json.SelfDescribingJson object at 0x11e3c7b50>, <snowplow_tracker.self_describing_json.SelfDescribingJson object at 0x11e44e410>, <snowplow_tracker.self_describing_json.SelfDescribingJson object at 0x11e44ef50>]}


============================== 18:41:03.549052 | c211dd6a-9b77-431f-a862-a7c794872036 ==============================
[0m18:41:03.549052 [info ] [MainThread]: Running with dbt=1.11.2
[0m18:41:03.549286 [debug] [MainThread]: running dbt with arguments {'log_cache_events': 'False', 'write_json': 'True', 'fail_fast': 'False', 'use_experimental_parser': 'False', 'profiles_dir': '/Users/faizaan/Desktop/dbt_spotify_prj/snowflake_spotify_project', 'log_path': '/Users/faizaan/Desktop/dbt_spotify_prj/snowflake_spotify_project/logs', 'printer_width': '80', 'introspect': 'True', 'no_print': 'None', 'log_format': 'default', 'static_parser': 'True', 'target_path': 'None', 'warn_error_options': 'WarnErrorOptionsV2(error=[], warn=[], silence=[])', 'warn_error': 'None', 'use_colors': 'True', 'debug': 'False', 'send_anonymous_usage_stats': 'True', 'partial_parse': 'True', 'indirect_selection': 'eager', 'cache_selected_only': 'False', 'version_check': 'True', 'empty': 'False', 'invocation_command': 'dbt run', 'quiet': 'False'}
[0m18:41:03.692911 [debug] [MainThread]: Snowflake adapter: Setting snowflake.connector to ERROR (file logging only)
[0m18:41:03.693125 [debug] [MainThread]: Snowflake adapter: Setting botocore to ERROR (file logging only)
[0m18:41:03.693240 [debug] [MainThread]: Snowflake adapter: Setting boto3 to ERROR (file logging only)
[0m18:41:03.744112 [debug] [MainThread]: Sending event: {'category': 'dbt', 'action': 'project_id', 'label': 'c211dd6a-9b77-431f-a862-a7c794872036', 'context': [<snowplow_tracker.self_describing_json.SelfDescribingJson object at 0x11e4819d0>]}
[0m18:41:03.761390 [debug] [MainThread]: Sending event: {'category': 'dbt', 'action': 'adapter_info', 'label': 'c211dd6a-9b77-431f-a862-a7c794872036', 'context': [<snowplow_tracker.self_describing_json.SelfDescribingJson object at 0x11d032ad0>]}
[0m18:41:03.762077 [info ] [MainThread]: Registered adapter: snowflake=1.11.1
[0m18:41:03.806715 [debug] [MainThread]: checksum: 3d40d8bbe1bef07db1c24822f2dbfff8bc07f2a48ed4fe2658a40653aec0b54b, vars: {}, profile: , target: , version: 1.11.2
[0m18:41:03.849406 [debug] [MainThread]: Partial parsing enabled: 0 files deleted, 0 files added, 0 files changed.
[0m18:41:03.849549 [debug] [MainThread]: Nothing changed, skipping partial parsing.
[0m18:41:03.849637 [debug] [MainThread]: Partial parsing enabled, no changes found, skipping parsing
[0m18:41:03.851252 [warn ] [MainThread]: [[33mWARNING[0m]: Configuration paths exist in your dbt_project.yml file which do not apply to any resources.
There are 2 unused configuration paths:
- models.snowflake_spotify_project.gold
- models.snowflake_spotify_project.silver
[0m18:41:03.860380 [debug] [MainThread]: Sending event: {'category': 'dbt', 'action': 'load_project', 'label': 'c211dd6a-9b77-431f-a862-a7c794872036', 'context': [<snowplow_tracker.self_describing_json.SelfDescribingJson object at 0x11faaa2d0>]}
[0m18:41:03.882455 [debug] [MainThread]: Wrote artifact WritableManifest to /Users/faizaan/Desktop/dbt_spotify_prj/snowflake_spotify_project/target/manifest.json
[0m18:41:03.883386 [debug] [MainThread]: Wrote artifact SemanticManifest to /Users/faizaan/Desktop/dbt_spotify_prj/snowflake_spotify_project/target/semantic_manifest.json
[0m18:41:03.891708 [debug] [MainThread]: Sending event: {'category': 'dbt', 'action': 'resource_counts', 'label': 'c211dd6a-9b77-431f-a862-a7c794872036', 'context': [<snowplow_tracker.self_describing_json.SelfDescribingJson object at 0x11f8e9bd0>]}
[0m18:41:03.891881 [info ] [MainThread]: Found 3 models, 3 sources, 523 macros
[0m18:41:03.891997 [debug] [MainThread]: Sending event: {'category': 'dbt', 'action': 'runnable_timing', 'label': 'c211dd6a-9b77-431f-a862-a7c794872036', 'context': [<snowplow_tracker.self_describing_json.SelfDescribingJson object at 0x11f86f2d0>]}
[0m18:41:03.892772 [info ] [MainThread]: 
[0m18:41:03.892886 [info ] [MainThread]: Concurrency: 1 threads (target='dev')
[0m18:41:03.892978 [info ] [MainThread]: 
[0m18:41:03.893136 [debug] [MainThread]: Acquiring new snowflake connection 'master'
[0m18:41:03.894458 [debug] [ThreadPool]: Acquiring new snowflake connection 'list_SPOTIFY_DB'
[0m18:41:03.919633 [debug] [ThreadPool]: Using snowflake connection "list_SPOTIFY_DB"
[0m18:41:03.919782 [debug] [ThreadPool]: On list_SPOTIFY_DB: show terse schemas in database SPOTIFY_DB
    limit 10000
/* {"app": "dbt", "dbt_version": "1.11.2", "profile_name": "snowflake_spotify_project", "target_name": "dev", "connection_name": "list_SPOTIFY_DB"} */
[0m18:41:03.919871 [debug] [ThreadPool]: Opening a new connection, currently in state init
[0m18:41:05.208538 [debug] [ThreadPool]: SQL status: SUCCESS 3 in 1.288 seconds
[0m18:41:05.211078 [debug] [ThreadPool]: Re-using an available connection from the pool (formerly list_SPOTIFY_DB, now create_SPOTIFY_DB_bronze)
[0m18:41:05.211546 [debug] [ThreadPool]: Creating schema "database: "SPOTIFY_DB"
schema: "bronze"
"
[0m18:41:05.216666 [debug] [ThreadPool]: Using snowflake connection "create_SPOTIFY_DB_bronze"
[0m18:41:05.216968 [debug] [ThreadPool]: On create_SPOTIFY_DB_bronze: create schema if not exists SPOTIFY_DB.bronze
/* {"app": "dbt", "dbt_version": "1.11.2", "profile_name": "snowflake_spotify_project", "target_name": "dev", "connection_name": "create_SPOTIFY_DB_bronze"} */
[0m18:41:05.368692 [debug] [ThreadPool]: SQL status: SUCCESS 1 in 0.151 seconds
[0m18:41:05.371421 [debug] [ThreadPool]: Re-using an available connection from the pool (formerly create_SPOTIFY_DB_bronze, now list_SPOTIFY_DB_bronze)
[0m18:41:05.382404 [debug] [ThreadPool]: Using snowflake connection "list_SPOTIFY_DB_bronze"
[0m18:41:05.382693 [debug] [ThreadPool]: On list_SPOTIFY_DB_bronze: show objects in SPOTIFY_DB.bronze
    limit 10000
    

/* {"app": "dbt", "dbt_version": "1.11.2", "profile_name": "snowflake_spotify_project", "target_name": "dev", "connection_name": "list_SPOTIFY_DB_bronze"} */;
[0m18:41:05.515789 [debug] [ThreadPool]: SQL status: SUCCESS 0 in 0.133 seconds
[0m18:41:05.519674 [debug] [MainThread]: Sending event: {'category': 'dbt', 'action': 'runnable_timing', 'label': 'c211dd6a-9b77-431f-a862-a7c794872036', 'context': [<snowplow_tracker.self_describing_json.SelfDescribingJson object at 0x11f41eb10>]}
[0m18:41:05.525589 [debug] [Thread-2 (]: Began running node model.snowflake_spotify_project.bronze_bookings
[0m18:41:05.526171 [info ] [Thread-2 (]: 1 of 3 START sql incremental model bronze.bronze_bookings ...................... [RUN]
[0m18:41:05.526597 [debug] [Thread-2 (]: Re-using an available connection from the pool (formerly list_SPOTIFY_DB_bronze, now model.snowflake_spotify_project.bronze_bookings)
[0m18:41:05.526871 [debug] [Thread-2 (]: Began compiling node model.snowflake_spotify_project.bronze_bookings
[0m18:41:05.536318 [debug] [Thread-2 (]: Writing injected SQL for node "model.snowflake_spotify_project.bronze_bookings"
[0m18:41:05.537499 [debug] [Thread-2 (]: Began executing node model.snowflake_spotify_project.bronze_bookings
[0m18:41:05.574405 [debug] [Thread-2 (]: Writing runtime sql for node "model.snowflake_spotify_project.bronze_bookings"
[0m18:41:05.574983 [debug] [Thread-2 (]: Using snowflake connection "model.snowflake_spotify_project.bronze_bookings"
[0m18:41:05.575142 [debug] [Thread-2 (]: On model.snowflake_spotify_project.bronze_bookings: create or replace transient table SPOTIFY_DB.bronze.bronze_bookings
    
    
    
    as (

select * from SPOTIFY_DB.source.bookings


    )

/* {"app": "dbt", "dbt_version": "1.11.2", "profile_name": "snowflake_spotify_project", "target_name": "dev", "node_id": "model.snowflake_spotify_project.bronze_bookings"} */;
[0m18:41:06.371163 [debug] [Thread-2 (]: SQL status: SUCCESS 1 in 0.796 seconds
[0m18:41:06.380304 [debug] [Thread-2 (]: Applying DROP to: SPOTIFY_DB.bronze.bronze_bookings__dbt_tmp
[0m18:41:06.385364 [debug] [Thread-2 (]: Using snowflake connection "model.snowflake_spotify_project.bronze_bookings"
[0m18:41:06.385668 [debug] [Thread-2 (]: On model.snowflake_spotify_project.bronze_bookings: drop view if exists SPOTIFY_DB.bronze.bronze_bookings__dbt_tmp cascade
/* {"app": "dbt", "dbt_version": "1.11.2", "profile_name": "snowflake_spotify_project", "target_name": "dev", "node_id": "model.snowflake_spotify_project.bronze_bookings"} */
[0m18:41:06.512981 [debug] [Thread-2 (]: SQL status: SUCCESS 1 in 0.127 seconds
[0m18:41:06.525511 [debug] [Thread-2 (]: Sending event: {'category': 'dbt', 'action': 'run_model', 'label': 'c211dd6a-9b77-431f-a862-a7c794872036', 'context': [<snowplow_tracker.self_describing_json.SelfDescribingJson object at 0x128a0e510>]}
[0m18:41:06.525945 [info ] [Thread-2 (]: 1 of 3 OK created sql incremental model bronze.bronze_bookings ................. [[32mSUCCESS 1[0m in 1.00s]
[0m18:41:06.526241 [debug] [Thread-2 (]: Finished running node model.snowflake_spotify_project.bronze_bookings
[0m18:41:06.526442 [debug] [Thread-2 (]: Began running node model.snowflake_spotify_project.bronze_hosts
[0m18:41:06.526734 [info ] [Thread-2 (]: 2 of 3 START sql incremental model bronze.bronze_hosts ......................... [RUN]
[0m18:41:06.527008 [debug] [Thread-2 (]: Re-using an available connection from the pool (formerly model.snowflake_spotify_project.bronze_bookings, now model.snowflake_spotify_project.bronze_hosts)
[0m18:41:06.527187 [debug] [Thread-2 (]: Began compiling node model.snowflake_spotify_project.bronze_hosts
[0m18:41:06.530319 [debug] [Thread-2 (]: Writing injected SQL for node "model.snowflake_spotify_project.bronze_hosts"
[0m18:41:06.530738 [debug] [Thread-2 (]: Began executing node model.snowflake_spotify_project.bronze_hosts
[0m18:41:06.532432 [debug] [Thread-2 (]: Writing runtime sql for node "model.snowflake_spotify_project.bronze_hosts"
[0m18:41:06.533024 [debug] [Thread-2 (]: Using snowflake connection "model.snowflake_spotify_project.bronze_hosts"
[0m18:41:06.533196 [debug] [Thread-2 (]: On model.snowflake_spotify_project.bronze_hosts: create or replace transient table SPOTIFY_DB.bronze.bronze_hosts
    
    
    
    as (

select * from SPOTIFY_DB.source.hosts


    )

/* {"app": "dbt", "dbt_version": "1.11.2", "profile_name": "snowflake_spotify_project", "target_name": "dev", "node_id": "model.snowflake_spotify_project.bronze_hosts"} */;
[0m18:41:07.086540 [debug] [Thread-2 (]: SQL status: SUCCESS 1 in 0.553 seconds
[0m18:41:07.089289 [debug] [Thread-2 (]: Applying DROP to: SPOTIFY_DB.bronze.bronze_hosts__dbt_tmp
[0m18:41:07.089955 [debug] [Thread-2 (]: Using snowflake connection "model.snowflake_spotify_project.bronze_hosts"
[0m18:41:07.090175 [debug] [Thread-2 (]: On model.snowflake_spotify_project.bronze_hosts: drop view if exists SPOTIFY_DB.bronze.bronze_hosts__dbt_tmp cascade
/* {"app": "dbt", "dbt_version": "1.11.2", "profile_name": "snowflake_spotify_project", "target_name": "dev", "node_id": "model.snowflake_spotify_project.bronze_hosts"} */
[0m18:41:07.212094 [debug] [Thread-2 (]: SQL status: SUCCESS 1 in 0.121 seconds
[0m18:41:07.215877 [debug] [Thread-2 (]: Sending event: {'category': 'dbt', 'action': 'run_model', 'label': 'c211dd6a-9b77-431f-a862-a7c794872036', 'context': [<snowplow_tracker.self_describing_json.SelfDescribingJson object at 0x128daa710>]}
[0m18:41:07.216505 [info ] [Thread-2 (]: 2 of 3 OK created sql incremental model bronze.bronze_hosts .................... [[32mSUCCESS 1[0m in 0.69s]
[0m18:41:07.216935 [debug] [Thread-2 (]: Finished running node model.snowflake_spotify_project.bronze_hosts
[0m18:41:07.217240 [debug] [Thread-2 (]: Began running node model.snowflake_spotify_project.bronze_listings
[0m18:41:07.217679 [info ] [Thread-2 (]: 3 of 3 START sql incremental model bronze.bronze_listings ...................... [RUN]
[0m18:41:07.218088 [debug] [Thread-2 (]: Re-using an available connection from the pool (formerly model.snowflake_spotify_project.bronze_hosts, now model.snowflake_spotify_project.bronze_listings)
[0m18:41:07.218355 [debug] [Thread-2 (]: Began compiling node model.snowflake_spotify_project.bronze_listings
[0m18:41:07.222080 [debug] [Thread-2 (]: Writing injected SQL for node "model.snowflake_spotify_project.bronze_listings"
[0m18:41:07.222796 [debug] [Thread-2 (]: Began executing node model.snowflake_spotify_project.bronze_listings
[0m18:41:07.225974 [debug] [Thread-2 (]: Writing runtime sql for node "model.snowflake_spotify_project.bronze_listings"
[0m18:41:07.226864 [debug] [Thread-2 (]: Using snowflake connection "model.snowflake_spotify_project.bronze_listings"
[0m18:41:07.227184 [debug] [Thread-2 (]: On model.snowflake_spotify_project.bronze_listings: create or replace transient table SPOTIFY_DB.bronze.bronze_listings
    
    
    
    as (


select * from SPOTIFY_DB.source.listings


    )

/* {"app": "dbt", "dbt_version": "1.11.2", "profile_name": "snowflake_spotify_project", "target_name": "dev", "node_id": "model.snowflake_spotify_project.bronze_listings"} */;
[0m18:41:07.835776 [debug] [Thread-2 (]: SQL status: SUCCESS 1 in 0.608 seconds
[0m18:41:07.841009 [debug] [Thread-2 (]: Applying DROP to: SPOTIFY_DB.bronze.bronze_listings__dbt_tmp
[0m18:41:07.842090 [debug] [Thread-2 (]: Using snowflake connection "model.snowflake_spotify_project.bronze_listings"
[0m18:41:07.842418 [debug] [Thread-2 (]: On model.snowflake_spotify_project.bronze_listings: drop view if exists SPOTIFY_DB.bronze.bronze_listings__dbt_tmp cascade
/* {"app": "dbt", "dbt_version": "1.11.2", "profile_name": "snowflake_spotify_project", "target_name": "dev", "node_id": "model.snowflake_spotify_project.bronze_listings"} */
[0m18:41:07.958779 [debug] [Thread-2 (]: SQL status: SUCCESS 1 in 0.116 seconds
[0m18:41:07.963025 [debug] [Thread-2 (]: Sending event: {'category': 'dbt', 'action': 'run_model', 'label': 'c211dd6a-9b77-431f-a862-a7c794872036', 'context': [<snowplow_tracker.self_describing_json.SelfDescribingJson object at 0x128dab0d0>]}
[0m18:41:07.963821 [info ] [Thread-2 (]: 3 of 3 OK created sql incremental model bronze.bronze_listings ................. [[32mSUCCESS 1[0m in 0.74s]
[0m18:41:07.964512 [debug] [Thread-2 (]: Finished running node model.snowflake_spotify_project.bronze_listings
[0m18:41:07.965999 [debug] [MainThread]: Connection 'master' was properly closed.
[0m18:41:07.966340 [debug] [MainThread]: Connection 'model.snowflake_spotify_project.bronze_listings' was left open.
[0m18:41:07.966592 [debug] [MainThread]: On model.snowflake_spotify_project.bronze_listings: Close
[0m18:41:08.152202 [info ] [MainThread]: 
[0m18:41:08.152849 [info ] [MainThread]: Finished running 3 incremental models in 0 hours 0 minutes and 4.26 seconds (4.26s).
[0m18:41:08.153729 [debug] [MainThread]: Command end result
[0m18:41:08.175442 [debug] [MainThread]: Wrote artifact WritableManifest to /Users/faizaan/Desktop/dbt_spotify_prj/snowflake_spotify_project/target/manifest.json
[0m18:41:08.176898 [debug] [MainThread]: Wrote artifact SemanticManifest to /Users/faizaan/Desktop/dbt_spotify_prj/snowflake_spotify_project/target/semantic_manifest.json
[0m18:41:08.181203 [debug] [MainThread]: Wrote artifact RunExecutionResult to /Users/faizaan/Desktop/dbt_spotify_prj/snowflake_spotify_project/target/run_results.json
[0m18:41:08.181423 [info ] [MainThread]: 
[0m18:41:08.181676 [info ] [MainThread]: [32mCompleted successfully[0m
[0m18:41:08.181832 [info ] [MainThread]: 
[0m18:41:08.182002 [info ] [MainThread]: Done. PASS=3 WARN=0 ERROR=0 SKIP=0 NO-OP=0 TOTAL=3
[0m18:41:08.184464 [debug] [MainThread]: Resource report: {"command_name": "run", "command_success": true, "command_wall_clock_time": 4.659323, "process_in_blocks": "0", "process_kernel_time": 0.193999, "process_mem_max_rss": "167264256", "process_out_blocks": "0", "process_user_time": 0.952236}
[0m18:41:08.184765 [debug] [MainThread]: Command `dbt run` succeeded at 18:41:08.184716 after 4.66 seconds
[0m18:41:08.185001 [debug] [MainThread]: Sending event: {'category': 'dbt', 'action': 'invocation', 'label': 'end', 'context': [<snowplow_tracker.self_describing_json.SelfDescribingJson object at 0x11e46f910>, <snowplow_tracker.self_describing_json.SelfDescribingJson object at 0x11e46fed0>, <snowplow_tracker.self_describing_json.SelfDescribingJson object at 0x1289ea710>]}
[0m18:41:08.185209 [debug] [MainThread]: Flushing usage events
[0m18:41:08.518382 [debug] [MainThread]: An error was encountered while trying to flush usage events
[0m19:02:46.079453 [debug] [MainThread]: Sending event: {'category': 'dbt', 'action': 'invocation', 'label': 'start', 'context': [<snowplow_tracker.self_describing_json.SelfDescribingJson object at 0x10913b690>, <snowplow_tracker.self_describing_json.SelfDescribingJson object at 0x10913a710>, <snowplow_tracker.self_describing_json.SelfDescribingJson object at 0x1091be6d0>]}


============================== 19:02:46.081283 | cc9d39d8-df47-4cf4-9734-b48ff1655e64 ==============================
[0m19:02:46.081283 [info ] [MainThread]: Running with dbt=1.11.2
[0m19:02:46.081547 [debug] [MainThread]: running dbt with arguments {'quiet': 'False', 'printer_width': '80', 'no_print': 'None', 'static_parser': 'True', 'empty': 'None', 'version_check': 'True', 'warn_error_options': 'WarnErrorOptionsV2(error=[], warn=[], silence=[])', 'send_anonymous_usage_stats': 'True', 'target_path': 'None', 'introspect': 'True', 'log_cache_events': 'False', 'profiles_dir': '/Users/faizaan/Desktop/dbt_spotify_prj/snowflake_spotify_project', 'warn_error': 'None', 'use_experimental_parser': 'False', 'log_format': 'default', 'debug': 'False', 'cache_selected_only': 'False', 'fail_fast': 'False', 'use_colors': 'True', 'log_path': '/Users/faizaan/Desktop/dbt_spotify_prj/snowflake_spotify_project/logs', 'indirect_selection': 'eager', 'invocation_command': 'dbt clean', 'partial_parse': 'True', 'write_json': 'True'}
[0m19:02:46.118796 [debug] [MainThread]: Sending event: {'category': 'dbt', 'action': 'project_id', 'label': 'cc9d39d8-df47-4cf4-9734-b48ff1655e64', 'context': [<snowplow_tracker.self_describing_json.SelfDescribingJson object at 0x1091a8310>]}
[0m19:02:46.129063 [debug] [MainThread]: Resource report: {"command_name": "clean", "command_success": true, "command_wall_clock_time": 0.071771204, "process_in_blocks": "0", "process_kernel_time": 0.09086, "process_mem_max_rss": "113262592", "process_out_blocks": "0", "process_user_time": 0.447898}
[0m19:02:46.129228 [debug] [MainThread]: Command `dbt clean` succeeded at 19:02:46.129200 after 0.07 seconds
[0m19:02:46.129350 [debug] [MainThread]: Sending event: {'category': 'dbt', 'action': 'invocation', 'label': 'end', 'context': [<snowplow_tracker.self_describing_json.SelfDescribingJson object at 0x1049c1690>, <snowplow_tracker.self_describing_json.SelfDescribingJson object at 0x1049c1910>, <snowplow_tracker.self_describing_json.SelfDescribingJson object at 0x109315990>]}
[0m19:02:46.129465 [debug] [MainThread]: Flushing usage events
[0m19:02:46.459543 [debug] [MainThread]: An error was encountered while trying to flush usage events
[0m19:07:47.010818 [debug] [MainThread]: Sending event: {'category': 'dbt', 'action': 'invocation', 'label': 'start', 'context': [<snowplow_tracker.self_describing_json.SelfDescribingJson object at 0x106d77510>, <snowplow_tracker.self_describing_json.SelfDescribingJson object at 0x106dfe410>, <snowplow_tracker.self_describing_json.SelfDescribingJson object at 0x106dfef50>]}


============================== 19:07:47.012573 | efb250d4-fe80-4056-bba8-19063648112f ==============================
[0m19:07:47.012573 [info ] [MainThread]: Running with dbt=1.11.2
[0m19:07:47.012849 [debug] [MainThread]: running dbt with arguments {'warn_error': 'None', 'empty': 'False', 'partial_parse': 'True', 'write_json': 'True', 'introspect': 'True', 'log_path': '/Users/faizaan/Desktop/dbt_spotify_prj/snowflake_spotify_project/logs', 'indirect_selection': 'eager', 'printer_width': '80', 'version_check': 'True', 'target_path': 'None', 'log_cache_events': 'False', 'use_colors': 'True', 'invocation_command': 'dbt run', 'quiet': 'False', 'use_experimental_parser': 'False', 'static_parser': 'True', 'warn_error_options': 'WarnErrorOptionsV2(error=[], warn=[], silence=[])', 'profiles_dir': '/Users/faizaan/Desktop/dbt_spotify_prj/snowflake_spotify_project', 'cache_selected_only': 'False', 'send_anonymous_usage_stats': 'True', 'log_format': 'default', 'no_print': 'None', 'fail_fast': 'False', 'debug': 'False'}
[0m19:07:47.154522 [debug] [MainThread]: Snowflake adapter: Setting snowflake.connector to ERROR (file logging only)
[0m19:07:47.154711 [debug] [MainThread]: Snowflake adapter: Setting botocore to ERROR (file logging only)
[0m19:07:47.154813 [debug] [MainThread]: Snowflake adapter: Setting boto3 to ERROR (file logging only)
[0m19:07:47.204948 [debug] [MainThread]: Sending event: {'category': 'dbt', 'action': 'project_id', 'label': 'efb250d4-fe80-4056-bba8-19063648112f', 'context': [<snowplow_tracker.self_describing_json.SelfDescribingJson object at 0x107ca3950>]}
[0m19:07:47.221242 [debug] [MainThread]: Sending event: {'category': 'dbt', 'action': 'adapter_info', 'label': 'efb250d4-fe80-4056-bba8-19063648112f', 'context': [<snowplow_tracker.self_describing_json.SelfDescribingJson object at 0x105f5c110>]}
[0m19:07:47.221744 [info ] [MainThread]: Registered adapter: snowflake=1.11.1
[0m19:07:47.266179 [debug] [MainThread]: checksum: 3d40d8bbe1bef07db1c24822f2dbfff8bc07f2a48ed4fe2658a40653aec0b54b, vars: {}, profile: , target: , version: 1.11.2
[0m19:07:47.314643 [debug] [MainThread]: Partial parsing enabled: 0 files deleted, 0 files added, 0 files changed.
[0m19:07:47.314790 [debug] [MainThread]: Nothing changed, skipping partial parsing.
[0m19:07:47.314877 [debug] [MainThread]: Partial parsing enabled, no changes found, skipping parsing
[0m19:07:47.316677 [warn ] [MainThread]: [[33mWARNING[0m]: Configuration paths exist in your dbt_project.yml file which do not apply to any resources.
There are 1 unused configuration paths:
- models.snowflake_spotify_project.gold
[0m19:07:47.328809 [debug] [MainThread]: Sending event: {'category': 'dbt', 'action': 'load_project', 'label': 'efb250d4-fe80-4056-bba8-19063648112f', 'context': [<snowplow_tracker.self_describing_json.SelfDescribingJson object at 0x107c85910>]}
[0m19:07:47.354403 [debug] [MainThread]: Wrote artifact WritableManifest to /Users/faizaan/Desktop/dbt_spotify_prj/snowflake_spotify_project/target/manifest.json
[0m19:07:47.355280 [debug] [MainThread]: Wrote artifact SemanticManifest to /Users/faizaan/Desktop/dbt_spotify_prj/snowflake_spotify_project/target/semantic_manifest.json
[0m19:07:47.363649 [debug] [MainThread]: Sending event: {'category': 'dbt', 'action': 'resource_counts', 'label': 'efb250d4-fe80-4056-bba8-19063648112f', 'context': [<snowplow_tracker.self_describing_json.SelfDescribingJson object at 0x107fb2090>]}
[0m19:07:47.363866 [info ] [MainThread]: Found 6 models, 1 analysis, 3 sources, 527 macros
[0m19:07:47.363981 [debug] [MainThread]: Sending event: {'category': 'dbt', 'action': 'runnable_timing', 'label': 'efb250d4-fe80-4056-bba8-19063648112f', 'context': [<snowplow_tracker.self_describing_json.SelfDescribingJson object at 0x107d3ad10>]}
[0m19:07:47.364628 [info ] [MainThread]: 
[0m19:07:47.364743 [info ] [MainThread]: Concurrency: 1 threads (target='dev')
[0m19:07:47.364828 [info ] [MainThread]: 
[0m19:07:47.364993 [debug] [MainThread]: Acquiring new snowflake connection 'master'
[0m19:07:47.366626 [debug] [ThreadPool]: Acquiring new snowflake connection 'list_SPOTIFY_DB'
[0m19:07:47.392157 [debug] [ThreadPool]: Using snowflake connection "list_SPOTIFY_DB"
[0m19:07:47.392314 [debug] [ThreadPool]: On list_SPOTIFY_DB: show terse schemas in database SPOTIFY_DB
    limit 10000
/* {"app": "dbt", "dbt_version": "1.11.2", "profile_name": "snowflake_spotify_project", "target_name": "dev", "connection_name": "list_SPOTIFY_DB"} */
[0m19:07:47.392406 [debug] [ThreadPool]: Opening a new connection, currently in state init
[0m19:07:48.791158 [debug] [ThreadPool]: SQL status: SUCCESS 4 in 1.399 seconds
[0m19:07:48.797027 [debug] [ThreadPool]: Using snowflake connection "list_SPOTIFY_DB"
[0m19:07:48.797492 [debug] [ThreadPool]: On list_SPOTIFY_DB: show terse schemas in database SPOTIFY_DB
    limit 10000
/* {"app": "dbt", "dbt_version": "1.11.2", "profile_name": "snowflake_spotify_project", "target_name": "dev", "connection_name": "list_SPOTIFY_DB"} */
[0m19:07:49.049448 [debug] [ThreadPool]: SQL status: SUCCESS 4 in 0.252 seconds
[0m19:07:49.050717 [debug] [ThreadPool]: Re-using an available connection from the pool (formerly list_SPOTIFY_DB, now create_SPOTIFY_DB_silver)
[0m19:07:49.050978 [debug] [ThreadPool]: Creating schema "database: "SPOTIFY_DB"
schema: "silver"
"
[0m19:07:49.053464 [debug] [ThreadPool]: Using snowflake connection "create_SPOTIFY_DB_silver"
[0m19:07:49.053608 [debug] [ThreadPool]: On create_SPOTIFY_DB_silver: create schema if not exists SPOTIFY_DB.silver
/* {"app": "dbt", "dbt_version": "1.11.2", "profile_name": "snowflake_spotify_project", "target_name": "dev", "connection_name": "create_SPOTIFY_DB_silver"} */
[0m19:07:49.190691 [debug] [ThreadPool]: SQL status: SUCCESS 1 in 0.137 seconds
[0m19:07:49.193026 [debug] [ThreadPool]: Re-using an available connection from the pool (formerly create_SPOTIFY_DB_silver, now list_SPOTIFY_DB_bronze)
[0m19:07:49.203739 [debug] [ThreadPool]: Using snowflake connection "list_SPOTIFY_DB_bronze"
[0m19:07:49.204018 [debug] [ThreadPool]: On list_SPOTIFY_DB_bronze: show objects in SPOTIFY_DB.bronze
    limit 10000
    

/* {"app": "dbt", "dbt_version": "1.11.2", "profile_name": "snowflake_spotify_project", "target_name": "dev", "connection_name": "list_SPOTIFY_DB_bronze"} */;
[0m19:07:49.335736 [debug] [ThreadPool]: SQL status: SUCCESS 3 in 0.131 seconds
[0m19:07:49.337356 [debug] [ThreadPool]: Re-using an available connection from the pool (formerly list_SPOTIFY_DB_bronze, now list_SPOTIFY_DB_silver)
[0m19:07:49.339801 [debug] [ThreadPool]: Using snowflake connection "list_SPOTIFY_DB_silver"
[0m19:07:49.340054 [debug] [ThreadPool]: On list_SPOTIFY_DB_silver: show objects in SPOTIFY_DB.silver
    limit 10000
    

/* {"app": "dbt", "dbt_version": "1.11.2", "profile_name": "snowflake_spotify_project", "target_name": "dev", "connection_name": "list_SPOTIFY_DB_silver"} */;
[0m19:07:49.594030 [debug] [ThreadPool]: SQL status: SUCCESS 0 in 0.254 seconds
[0m19:07:49.597006 [debug] [MainThread]: Sending event: {'category': 'dbt', 'action': 'runnable_timing', 'label': 'efb250d4-fe80-4056-bba8-19063648112f', 'context': [<snowplow_tracker.self_describing_json.SelfDescribingJson object at 0x107c60610>]}
[0m19:07:49.604256 [debug] [Thread-2 (]: Began running node model.snowflake_spotify_project.bronze_bookings
[0m19:07:49.604797 [info ] [Thread-2 (]: 1 of 6 START sql incremental model bronze.bronze_bookings ...................... [RUN]
[0m19:07:49.605186 [debug] [Thread-2 (]: Re-using an available connection from the pool (formerly list_SPOTIFY_DB_silver, now model.snowflake_spotify_project.bronze_bookings)
[0m19:07:49.605465 [debug] [Thread-2 (]: Began compiling node model.snowflake_spotify_project.bronze_bookings
[0m19:07:49.617274 [debug] [Thread-2 (]: Writing injected SQL for node "model.snowflake_spotify_project.bronze_bookings"
[0m19:07:49.618472 [debug] [Thread-2 (]: Began executing node model.snowflake_spotify_project.bronze_bookings
[0m19:07:49.648353 [debug] [Thread-2 (]: Using snowflake connection "model.snowflake_spotify_project.bronze_bookings"
[0m19:07:49.648584 [debug] [Thread-2 (]: On model.snowflake_spotify_project.bronze_bookings: create or replace  temporary view SPOTIFY_DB.bronze.bronze_bookings__dbt_tmp
  
  
  
  
  as (
    

select * from SPOTIFY_DB.source.bookings


    where created_at >= (select coalesce(max(created_at), '1900-01-01') from SPOTIFY_DB.bronze.bronze_bookings)

  )
/* {"app": "dbt", "dbt_version": "1.11.2", "profile_name": "snowflake_spotify_project", "target_name": "dev", "node_id": "model.snowflake_spotify_project.bronze_bookings"} */;
[0m19:07:49.853706 [debug] [Thread-2 (]: SQL status: SUCCESS 1 in 0.205 seconds
[0m19:07:49.863537 [debug] [Thread-2 (]: Using snowflake connection "model.snowflake_spotify_project.bronze_bookings"
[0m19:07:49.863958 [debug] [Thread-2 (]: On model.snowflake_spotify_project.bronze_bookings: describe table SPOTIFY_DB.bronze.bronze_bookings__dbt_tmp
/* {"app": "dbt", "dbt_version": "1.11.2", "profile_name": "snowflake_spotify_project", "target_name": "dev", "node_id": "model.snowflake_spotify_project.bronze_bookings"} */
[0m19:07:50.371238 [debug] [Thread-2 (]: SQL status: SUCCESS 9 in 0.507 seconds
[0m19:07:50.376712 [debug] [Thread-2 (]: Using snowflake connection "model.snowflake_spotify_project.bronze_bookings"
[0m19:07:50.377158 [debug] [Thread-2 (]: On model.snowflake_spotify_project.bronze_bookings: describe table SPOTIFY_DB.bronze.bronze_bookings
/* {"app": "dbt", "dbt_version": "1.11.2", "profile_name": "snowflake_spotify_project", "target_name": "dev", "node_id": "model.snowflake_spotify_project.bronze_bookings"} */
[0m19:07:50.494108 [debug] [Thread-2 (]: SQL status: SUCCESS 9 in 0.116 seconds
[0m19:07:50.504572 [debug] [Thread-2 (]: Using snowflake connection "model.snowflake_spotify_project.bronze_bookings"
[0m19:07:50.505032 [debug] [Thread-2 (]: On model.snowflake_spotify_project.bronze_bookings: describe table "SPOTIFY_DB"."BRONZE"."BRONZE_BOOKINGS"
/* {"app": "dbt", "dbt_version": "1.11.2", "profile_name": "snowflake_spotify_project", "target_name": "dev", "node_id": "model.snowflake_spotify_project.bronze_bookings"} */
[0m19:07:50.644056 [debug] [Thread-2 (]: SQL status: SUCCESS 9 in 0.138 seconds
[0m19:07:50.660885 [debug] [Thread-2 (]: Writing runtime sql for node "model.snowflake_spotify_project.bronze_bookings"
[0m19:07:50.662510 [debug] [Thread-2 (]: Using snowflake connection "model.snowflake_spotify_project.bronze_bookings"
[0m19:07:50.662914 [debug] [Thread-2 (]: On model.snowflake_spotify_project.bronze_bookings: -- back compat for old kwarg name
  
  begin
/* {"app": "dbt", "dbt_version": "1.11.2", "profile_name": "snowflake_spotify_project", "target_name": "dev", "node_id": "model.snowflake_spotify_project.bronze_bookings"} */;
[0m19:07:50.789072 [debug] [Thread-2 (]: SQL status: SUCCESS 1 in 0.126 seconds
[0m19:07:50.790211 [debug] [Thread-2 (]: Using snowflake connection "model.snowflake_spotify_project.bronze_bookings"
[0m19:07:50.790988 [debug] [Thread-2 (]: On model.snowflake_spotify_project.bronze_bookings: insert into SPOTIFY_DB.bronze.bronze_bookings ("BOOKING_ID", "LISTING_ID", "BOOKING_DATE", "NIGHTS_BOOKED", "BOOKING_AMOUNT", "CLEANING_FEE", "SERVICE_FEE", "BOOKING_STATUS", "CREATED_AT")
        (
            select "BOOKING_ID", "LISTING_ID", "BOOKING_DATE", "NIGHTS_BOOKED", "BOOKING_AMOUNT", "CLEANING_FEE", "SERVICE_FEE", "BOOKING_STATUS", "CREATED_AT"
            from SPOTIFY_DB.bronze.bronze_bookings__dbt_tmp
        )
/* {"app": "dbt", "dbt_version": "1.11.2", "profile_name": "snowflake_spotify_project", "target_name": "dev", "node_id": "model.snowflake_spotify_project.bronze_bookings"} */;
[0m19:07:51.365560 [debug] [Thread-2 (]: SQL status: SUCCESS 5000 in 0.574 seconds
[0m19:07:51.366230 [debug] [Thread-2 (]: Using snowflake connection "model.snowflake_spotify_project.bronze_bookings"
[0m19:07:51.366513 [debug] [Thread-2 (]: On model.snowflake_spotify_project.bronze_bookings: COMMIT
/* {"app": "dbt", "dbt_version": "1.11.2", "profile_name": "snowflake_spotify_project", "target_name": "dev", "node_id": "model.snowflake_spotify_project.bronze_bookings"} */
[0m19:07:51.627566 [debug] [Thread-2 (]: SQL status: SUCCESS 1 in 0.260 seconds
[0m19:07:51.637234 [debug] [Thread-2 (]: Applying DROP to: SPOTIFY_DB.bronze.bronze_bookings__dbt_tmp
[0m19:07:51.642328 [debug] [Thread-2 (]: Using snowflake connection "model.snowflake_spotify_project.bronze_bookings"
[0m19:07:51.642636 [debug] [Thread-2 (]: On model.snowflake_spotify_project.bronze_bookings: drop view if exists SPOTIFY_DB.bronze.bronze_bookings__dbt_tmp cascade
/* {"app": "dbt", "dbt_version": "1.11.2", "profile_name": "snowflake_spotify_project", "target_name": "dev", "node_id": "model.snowflake_spotify_project.bronze_bookings"} */
[0m19:07:51.805122 [debug] [Thread-2 (]: SQL status: SUCCESS 1 in 0.162 seconds
[0m19:07:51.824034 [debug] [Thread-2 (]: Sending event: {'category': 'dbt', 'action': 'run_model', 'label': 'efb250d4-fe80-4056-bba8-19063648112f', 'context': [<snowplow_tracker.self_describing_json.SelfDescribingJson object at 0x10919db50>]}
[0m19:07:51.824524 [info ] [Thread-2 (]: 1 of 6 OK created sql incremental model bronze.bronze_bookings ................. [[32mSUCCESS 5000[0m in 2.22s]
[0m19:07:51.824809 [debug] [Thread-2 (]: Finished running node model.snowflake_spotify_project.bronze_bookings
[0m19:07:51.825004 [debug] [Thread-2 (]: Began running node model.snowflake_spotify_project.bronze_hosts
[0m19:07:51.825353 [info ] [Thread-2 (]: 2 of 6 START sql incremental model bronze.bronze_hosts ......................... [RUN]
[0m19:07:51.825619 [debug] [Thread-2 (]: Re-using an available connection from the pool (formerly model.snowflake_spotify_project.bronze_bookings, now model.snowflake_spotify_project.bronze_hosts)
[0m19:07:51.825781 [debug] [Thread-2 (]: Began compiling node model.snowflake_spotify_project.bronze_hosts
[0m19:07:51.827831 [debug] [Thread-2 (]: Writing injected SQL for node "model.snowflake_spotify_project.bronze_hosts"
[0m19:07:51.828245 [debug] [Thread-2 (]: Began executing node model.snowflake_spotify_project.bronze_hosts
[0m19:07:51.829748 [debug] [Thread-2 (]: Using snowflake connection "model.snowflake_spotify_project.bronze_hosts"
[0m19:07:51.829903 [debug] [Thread-2 (]: On model.snowflake_spotify_project.bronze_hosts: create or replace  temporary view SPOTIFY_DB.bronze.bronze_hosts__dbt_tmp
  
  
  
  
  as (
    

select * from SPOTIFY_DB.source.hosts


    where created_at >= (select coalesce(max(created_at), '1900-01-01') from SPOTIFY_DB.bronze.bronze_hosts)

  )
/* {"app": "dbt", "dbt_version": "1.11.2", "profile_name": "snowflake_spotify_project", "target_name": "dev", "node_id": "model.snowflake_spotify_project.bronze_hosts"} */;
[0m19:07:52.071796 [debug] [Thread-2 (]: SQL status: SUCCESS 1 in 0.242 seconds
[0m19:07:52.075945 [debug] [Thread-2 (]: Using snowflake connection "model.snowflake_spotify_project.bronze_hosts"
[0m19:07:52.076262 [debug] [Thread-2 (]: On model.snowflake_spotify_project.bronze_hosts: describe table SPOTIFY_DB.bronze.bronze_hosts__dbt_tmp
/* {"app": "dbt", "dbt_version": "1.11.2", "profile_name": "snowflake_spotify_project", "target_name": "dev", "node_id": "model.snowflake_spotify_project.bronze_hosts"} */
[0m19:07:52.208148 [debug] [Thread-2 (]: SQL status: SUCCESS 6 in 0.131 seconds
[0m19:07:52.213943 [debug] [Thread-2 (]: Using snowflake connection "model.snowflake_spotify_project.bronze_hosts"
[0m19:07:52.214429 [debug] [Thread-2 (]: On model.snowflake_spotify_project.bronze_hosts: describe table SPOTIFY_DB.bronze.bronze_hosts
/* {"app": "dbt", "dbt_version": "1.11.2", "profile_name": "snowflake_spotify_project", "target_name": "dev", "node_id": "model.snowflake_spotify_project.bronze_hosts"} */
[0m19:07:52.356082 [debug] [Thread-2 (]: SQL status: SUCCESS 6 in 0.141 seconds
[0m19:07:52.361508 [debug] [Thread-2 (]: Using snowflake connection "model.snowflake_spotify_project.bronze_hosts"
[0m19:07:52.361887 [debug] [Thread-2 (]: On model.snowflake_spotify_project.bronze_hosts: describe table "SPOTIFY_DB"."BRONZE"."BRONZE_HOSTS"
/* {"app": "dbt", "dbt_version": "1.11.2", "profile_name": "snowflake_spotify_project", "target_name": "dev", "node_id": "model.snowflake_spotify_project.bronze_hosts"} */
[0m19:07:52.473539 [debug] [Thread-2 (]: SQL status: SUCCESS 6 in 0.111 seconds
[0m19:07:52.476760 [debug] [Thread-2 (]: Writing runtime sql for node "model.snowflake_spotify_project.bronze_hosts"
[0m19:07:52.477978 [debug] [Thread-2 (]: Using snowflake connection "model.snowflake_spotify_project.bronze_hosts"
[0m19:07:52.478259 [debug] [Thread-2 (]: On model.snowflake_spotify_project.bronze_hosts: -- back compat for old kwarg name
  
  begin
/* {"app": "dbt", "dbt_version": "1.11.2", "profile_name": "snowflake_spotify_project", "target_name": "dev", "node_id": "model.snowflake_spotify_project.bronze_hosts"} */;
[0m19:07:52.667965 [debug] [Thread-2 (]: SQL status: SUCCESS 1 in 0.189 seconds
[0m19:07:52.669138 [debug] [Thread-2 (]: Using snowflake connection "model.snowflake_spotify_project.bronze_hosts"
[0m19:07:52.669857 [debug] [Thread-2 (]: On model.snowflake_spotify_project.bronze_hosts: insert into SPOTIFY_DB.bronze.bronze_hosts ("HOST_ID", "HOST_NAME", "HOST_SINCE", "IS_SUPERHOST", "RESPONSE_RATE", "CREATED_AT")
        (
            select "HOST_ID", "HOST_NAME", "HOST_SINCE", "IS_SUPERHOST", "RESPONSE_RATE", "CREATED_AT"
            from SPOTIFY_DB.bronze.bronze_hosts__dbt_tmp
        )
/* {"app": "dbt", "dbt_version": "1.11.2", "profile_name": "snowflake_spotify_project", "target_name": "dev", "node_id": "model.snowflake_spotify_project.bronze_hosts"} */;
[0m19:07:53.136254 [debug] [Thread-2 (]: SQL status: SUCCESS 200 in 0.465 seconds
[0m19:07:53.137571 [debug] [Thread-2 (]: Using snowflake connection "model.snowflake_spotify_project.bronze_hosts"
[0m19:07:53.138292 [debug] [Thread-2 (]: On model.snowflake_spotify_project.bronze_hosts: COMMIT
/* {"app": "dbt", "dbt_version": "1.11.2", "profile_name": "snowflake_spotify_project", "target_name": "dev", "node_id": "model.snowflake_spotify_project.bronze_hosts"} */
[0m19:07:53.546771 [debug] [Thread-2 (]: SQL status: SUCCESS 1 in 0.408 seconds
[0m19:07:53.553369 [debug] [Thread-2 (]: Applying DROP to: SPOTIFY_DB.bronze.bronze_hosts__dbt_tmp
[0m19:07:53.554390 [debug] [Thread-2 (]: Using snowflake connection "model.snowflake_spotify_project.bronze_hosts"
[0m19:07:53.554704 [debug] [Thread-2 (]: On model.snowflake_spotify_project.bronze_hosts: drop view if exists SPOTIFY_DB.bronze.bronze_hosts__dbt_tmp cascade
/* {"app": "dbt", "dbt_version": "1.11.2", "profile_name": "snowflake_spotify_project", "target_name": "dev", "node_id": "model.snowflake_spotify_project.bronze_hosts"} */
[0m19:07:53.715882 [debug] [Thread-2 (]: SQL status: SUCCESS 1 in 0.161 seconds
[0m19:07:53.720412 [debug] [Thread-2 (]: Sending event: {'category': 'dbt', 'action': 'run_model', 'label': 'efb250d4-fe80-4056-bba8-19063648112f', 'context': [<snowplow_tracker.self_describing_json.SelfDescribingJson object at 0x10918a510>]}
[0m19:07:53.721445 [info ] [Thread-2 (]: 2 of 6 OK created sql incremental model bronze.bronze_hosts .................... [[32mSUCCESS 200[0m in 1.89s]
[0m19:07:53.722095 [debug] [Thread-2 (]: Finished running node model.snowflake_spotify_project.bronze_hosts
[0m19:07:53.722461 [debug] [Thread-2 (]: Began running node model.snowflake_spotify_project.bronze_listings
[0m19:07:53.723111 [info ] [Thread-2 (]: 3 of 6 START sql incremental model bronze.bronze_listings ...................... [RUN]
[0m19:07:53.723611 [debug] [Thread-2 (]: Re-using an available connection from the pool (formerly model.snowflake_spotify_project.bronze_hosts, now model.snowflake_spotify_project.bronze_listings)
[0m19:07:53.723953 [debug] [Thread-2 (]: Began compiling node model.snowflake_spotify_project.bronze_listings
[0m19:07:53.728308 [debug] [Thread-2 (]: Writing injected SQL for node "model.snowflake_spotify_project.bronze_listings"
[0m19:07:53.729143 [debug] [Thread-2 (]: Began executing node model.snowflake_spotify_project.bronze_listings
[0m19:07:53.732279 [debug] [Thread-2 (]: Using snowflake connection "model.snowflake_spotify_project.bronze_listings"
[0m19:07:53.732586 [debug] [Thread-2 (]: On model.snowflake_spotify_project.bronze_listings: create or replace  temporary view SPOTIFY_DB.bronze.bronze_listings__dbt_tmp
  
  
  
  
  as (
    


select * from SPOTIFY_DB.source.listings


    where created_at >= (select coalesce(max(created_at), '1900-01-01') from SPOTIFY_DB.bronze.bronze_listings)

  )
/* {"app": "dbt", "dbt_version": "1.11.2", "profile_name": "snowflake_spotify_project", "target_name": "dev", "node_id": "model.snowflake_spotify_project.bronze_listings"} */;
[0m19:07:54.231022 [debug] [Thread-2 (]: SQL status: SUCCESS 1 in 0.498 seconds
[0m19:07:54.237908 [debug] [Thread-2 (]: Using snowflake connection "model.snowflake_spotify_project.bronze_listings"
[0m19:07:54.238277 [debug] [Thread-2 (]: On model.snowflake_spotify_project.bronze_listings: describe table SPOTIFY_DB.bronze.bronze_listings__dbt_tmp
/* {"app": "dbt", "dbt_version": "1.11.2", "profile_name": "snowflake_spotify_project", "target_name": "dev", "node_id": "model.snowflake_spotify_project.bronze_listings"} */
[0m19:07:54.432881 [debug] [Thread-2 (]: SQL status: SUCCESS 11 in 0.194 seconds
[0m19:07:54.439335 [debug] [Thread-2 (]: Using snowflake connection "model.snowflake_spotify_project.bronze_listings"
[0m19:07:54.439724 [debug] [Thread-2 (]: On model.snowflake_spotify_project.bronze_listings: describe table SPOTIFY_DB.bronze.bronze_listings
/* {"app": "dbt", "dbt_version": "1.11.2", "profile_name": "snowflake_spotify_project", "target_name": "dev", "node_id": "model.snowflake_spotify_project.bronze_listings"} */
[0m19:07:54.580701 [debug] [Thread-2 (]: SQL status: SUCCESS 11 in 0.140 seconds
[0m19:07:54.587775 [debug] [Thread-2 (]: Using snowflake connection "model.snowflake_spotify_project.bronze_listings"
[0m19:07:54.588186 [debug] [Thread-2 (]: On model.snowflake_spotify_project.bronze_listings: describe table "SPOTIFY_DB"."BRONZE"."BRONZE_LISTINGS"
/* {"app": "dbt", "dbt_version": "1.11.2", "profile_name": "snowflake_spotify_project", "target_name": "dev", "node_id": "model.snowflake_spotify_project.bronze_listings"} */
[0m19:07:54.701818 [debug] [Thread-2 (]: SQL status: SUCCESS 11 in 0.113 seconds
[0m19:07:54.709625 [debug] [Thread-2 (]: Writing runtime sql for node "model.snowflake_spotify_project.bronze_listings"
[0m19:07:54.710912 [debug] [Thread-2 (]: Using snowflake connection "model.snowflake_spotify_project.bronze_listings"
[0m19:07:54.711221 [debug] [Thread-2 (]: On model.snowflake_spotify_project.bronze_listings: -- back compat for old kwarg name
  
  begin
/* {"app": "dbt", "dbt_version": "1.11.2", "profile_name": "snowflake_spotify_project", "target_name": "dev", "node_id": "model.snowflake_spotify_project.bronze_listings"} */;
[0m19:07:54.852478 [debug] [Thread-2 (]: SQL status: SUCCESS 1 in 0.141 seconds
[0m19:07:54.853601 [debug] [Thread-2 (]: Using snowflake connection "model.snowflake_spotify_project.bronze_listings"
[0m19:07:54.854324 [debug] [Thread-2 (]: On model.snowflake_spotify_project.bronze_listings: insert into SPOTIFY_DB.bronze.bronze_listings ("LISTING_ID", "HOST_ID", "PROPERTY_TYPE", "ROOM_TYPE", "CITY", "COUNTRY", "ACCOMMODATES", "BEDROOMS", "BATHROOMS", "PRICE_PER_NIGHT", "CREATED_AT")
        (
            select "LISTING_ID", "HOST_ID", "PROPERTY_TYPE", "ROOM_TYPE", "CITY", "COUNTRY", "ACCOMMODATES", "BEDROOMS", "BATHROOMS", "PRICE_PER_NIGHT", "CREATED_AT"
            from SPOTIFY_DB.bronze.bronze_listings__dbt_tmp
        )
/* {"app": "dbt", "dbt_version": "1.11.2", "profile_name": "snowflake_spotify_project", "target_name": "dev", "node_id": "model.snowflake_spotify_project.bronze_listings"} */;
[0m19:07:55.286524 [debug] [Thread-2 (]: SQL status: SUCCESS 500 in 0.431 seconds
[0m19:07:55.287798 [debug] [Thread-2 (]: Using snowflake connection "model.snowflake_spotify_project.bronze_listings"
[0m19:07:55.288503 [debug] [Thread-2 (]: On model.snowflake_spotify_project.bronze_listings: COMMIT
/* {"app": "dbt", "dbt_version": "1.11.2", "profile_name": "snowflake_spotify_project", "target_name": "dev", "node_id": "model.snowflake_spotify_project.bronze_listings"} */
[0m19:07:55.797899 [debug] [Thread-2 (]: SQL status: SUCCESS 1 in 0.509 seconds
[0m19:07:55.803878 [debug] [Thread-2 (]: Applying DROP to: SPOTIFY_DB.bronze.bronze_listings__dbt_tmp
[0m19:07:55.804578 [debug] [Thread-2 (]: Using snowflake connection "model.snowflake_spotify_project.bronze_listings"
[0m19:07:55.804841 [debug] [Thread-2 (]: On model.snowflake_spotify_project.bronze_listings: drop view if exists SPOTIFY_DB.bronze.bronze_listings__dbt_tmp cascade
/* {"app": "dbt", "dbt_version": "1.11.2", "profile_name": "snowflake_spotify_project", "target_name": "dev", "node_id": "model.snowflake_spotify_project.bronze_listings"} */
[0m19:07:55.958459 [debug] [Thread-2 (]: SQL status: SUCCESS 1 in 0.153 seconds
[0m19:07:55.962903 [debug] [Thread-2 (]: Sending event: {'category': 'dbt', 'action': 'run_model', 'label': 'efb250d4-fe80-4056-bba8-19063648112f', 'context': [<snowplow_tracker.self_describing_json.SelfDescribingJson object at 0x1091c1050>]}
[0m19:07:55.964252 [info ] [Thread-2 (]: 3 of 6 OK created sql incremental model bronze.bronze_listings ................. [[32mSUCCESS 500[0m in 2.24s]
[0m19:07:55.965042 [debug] [Thread-2 (]: Finished running node model.snowflake_spotify_project.bronze_listings
[0m19:07:55.965440 [debug] [Thread-2 (]: Began running node model.snowflake_spotify_project.silver_bookings
[0m19:07:55.966027 [info ] [Thread-2 (]: 4 of 6 START sql incremental model silver.silver_bookings ...................... [RUN]
[0m19:07:55.966643 [debug] [Thread-2 (]: Re-using an available connection from the pool (formerly model.snowflake_spotify_project.bronze_listings, now model.snowflake_spotify_project.silver_bookings)
[0m19:07:55.966953 [debug] [Thread-2 (]: Began compiling node model.snowflake_spotify_project.silver_bookings
[0m19:07:55.971851 [debug] [Thread-2 (]: Writing injected SQL for node "model.snowflake_spotify_project.silver_bookings"
[0m19:07:55.972799 [debug] [Thread-2 (]: Began executing node model.snowflake_spotify_project.silver_bookings
[0m19:07:55.987356 [debug] [Thread-2 (]: Writing runtime sql for node "model.snowflake_spotify_project.silver_bookings"
[0m19:07:55.988435 [debug] [Thread-2 (]: Using snowflake connection "model.snowflake_spotify_project.silver_bookings"
[0m19:07:55.988699 [debug] [Thread-2 (]: On model.snowflake_spotify_project.silver_bookings: create or replace transient table SPOTIFY_DB.silver.silver_bookings
    
    
    
    as (


select 
    booking_id,
    listing_id,
    booking_date,
    
    ROUND(booking_amount * nights_booked, 2)
 as total_amount,
    service_fee,
    cleaning_fee,
    booking_status,
    created_at as booking_created_at 
from 
    SPOTIFY_DB.bronze.bronze_bookings
    )

/* {"app": "dbt", "dbt_version": "1.11.2", "profile_name": "snowflake_spotify_project", "target_name": "dev", "node_id": "model.snowflake_spotify_project.silver_bookings"} */;
[0m19:07:56.924538 [debug] [Thread-2 (]: SQL status: SUCCESS 1 in 0.935 seconds
[0m19:07:56.931883 [debug] [Thread-2 (]: Applying DROP to: SPOTIFY_DB.silver.silver_bookings__dbt_tmp
[0m19:07:56.932921 [debug] [Thread-2 (]: Using snowflake connection "model.snowflake_spotify_project.silver_bookings"
[0m19:07:56.933244 [debug] [Thread-2 (]: On model.snowflake_spotify_project.silver_bookings: drop view if exists SPOTIFY_DB.silver.silver_bookings__dbt_tmp cascade
/* {"app": "dbt", "dbt_version": "1.11.2", "profile_name": "snowflake_spotify_project", "target_name": "dev", "node_id": "model.snowflake_spotify_project.silver_bookings"} */
[0m19:07:57.047596 [debug] [Thread-2 (]: SQL status: SUCCESS 1 in 0.114 seconds
[0m19:07:57.050266 [debug] [Thread-2 (]: Sending event: {'category': 'dbt', 'action': 'run_model', 'label': 'efb250d4-fe80-4056-bba8-19063648112f', 'context': [<snowplow_tracker.self_describing_json.SelfDescribingJson object at 0x1092a3810>]}
[0m19:07:57.050924 [info ] [Thread-2 (]: 4 of 6 OK created sql incremental model silver.silver_bookings ................. [[32mSUCCESS 1[0m in 1.08s]
[0m19:07:57.051397 [debug] [Thread-2 (]: Finished running node model.snowflake_spotify_project.silver_bookings
[0m19:07:57.051725 [debug] [Thread-2 (]: Began running node model.snowflake_spotify_project.silver_hosts
[0m19:07:57.052189 [info ] [Thread-2 (]: 5 of 6 START sql incremental model silver.silver_hosts ......................... [RUN]
[0m19:07:57.052549 [debug] [Thread-2 (]: Re-using an available connection from the pool (formerly model.snowflake_spotify_project.silver_bookings, now model.snowflake_spotify_project.silver_hosts)
[0m19:07:57.052972 [debug] [Thread-2 (]: Began compiling node model.snowflake_spotify_project.silver_hosts
[0m19:07:57.057239 [debug] [Thread-2 (]: Writing injected SQL for node "model.snowflake_spotify_project.silver_hosts"
[0m19:07:57.058155 [debug] [Thread-2 (]: Began executing node model.snowflake_spotify_project.silver_hosts
[0m19:07:57.061482 [debug] [Thread-2 (]: Writing runtime sql for node "model.snowflake_spotify_project.silver_hosts"
[0m19:07:57.062641 [debug] [Thread-2 (]: Using snowflake connection "model.snowflake_spotify_project.silver_hosts"
[0m19:07:57.062983 [debug] [Thread-2 (]: On model.snowflake_spotify_project.silver_hosts: create or replace transient table SPOTIFY_DB.silver.silver_hosts
    
    
    
    as (


select 
    host_id,
    
    UPPER(host_name)
   as host_name,
    host_since,
    is_superhost,
    response_rate,
    
    case 
        when response_rate > 95 then 'Very Good'
        when response_rate > 80 then 'Good'
        when response_rate > 60 then 'Average'
        else 'Poor'
    end
 as response_rate_category,
    created_at as host_created_at
from
    SPOTIFY_DB.bronze.bronze_hosts
    )

/* {"app": "dbt", "dbt_version": "1.11.2", "profile_name": "snowflake_spotify_project", "target_name": "dev", "node_id": "model.snowflake_spotify_project.silver_hosts"} */;
[0m19:07:57.846100 [debug] [Thread-2 (]: SQL status: SUCCESS 1 in 0.782 seconds
[0m19:07:57.850825 [debug] [Thread-2 (]: Applying DROP to: SPOTIFY_DB.silver.silver_hosts__dbt_tmp
[0m19:07:57.851770 [debug] [Thread-2 (]: Using snowflake connection "model.snowflake_spotify_project.silver_hosts"
[0m19:07:57.852087 [debug] [Thread-2 (]: On model.snowflake_spotify_project.silver_hosts: drop view if exists SPOTIFY_DB.silver.silver_hosts__dbt_tmp cascade
/* {"app": "dbt", "dbt_version": "1.11.2", "profile_name": "snowflake_spotify_project", "target_name": "dev", "node_id": "model.snowflake_spotify_project.silver_hosts"} */
[0m19:07:57.992190 [debug] [Thread-2 (]: SQL status: SUCCESS 1 in 0.140 seconds
[0m19:07:57.995705 [debug] [Thread-2 (]: Sending event: {'category': 'dbt', 'action': 'run_model', 'label': 'efb250d4-fe80-4056-bba8-19063648112f', 'context': [<snowplow_tracker.self_describing_json.SelfDescribingJson object at 0x1091066d0>]}
[0m19:07:57.996380 [info ] [Thread-2 (]: 5 of 6 OK created sql incremental model silver.silver_hosts .................... [[32mSUCCESS 1[0m in 0.94s]
[0m19:07:57.996832 [debug] [Thread-2 (]: Finished running node model.snowflake_spotify_project.silver_hosts
[0m19:07:57.997132 [debug] [Thread-2 (]: Began running node model.snowflake_spotify_project.silver_listings
[0m19:07:57.997572 [info ] [Thread-2 (]: 6 of 6 START sql incremental model silver.silver_listings ...................... [RUN]
[0m19:07:57.997957 [debug] [Thread-2 (]: Re-using an available connection from the pool (formerly model.snowflake_spotify_project.silver_hosts, now model.snowflake_spotify_project.silver_listings)
[0m19:07:57.998226 [debug] [Thread-2 (]: Began compiling node model.snowflake_spotify_project.silver_listings
[0m19:07:58.002633 [debug] [Thread-2 (]: Writing injected SQL for node "model.snowflake_spotify_project.silver_listings"
[0m19:07:58.003476 [debug] [Thread-2 (]: Began executing node model.snowflake_spotify_project.silver_listings
[0m19:07:58.008937 [debug] [Thread-2 (]: Writing runtime sql for node "model.snowflake_spotify_project.silver_listings"
[0m19:07:58.010376 [debug] [Thread-2 (]: Using snowflake connection "model.snowflake_spotify_project.silver_listings"
[0m19:07:58.010696 [debug] [Thread-2 (]: On model.snowflake_spotify_project.silver_listings: create or replace transient table SPOTIFY_DB.silver.silver_listings
    
    
    
    as (


select 
    listing_id,
    host_id,
    
    UPPER(property_type)
   as property_type,
    
    UPPER(room_type)
   as room_type,
    
    UPPER(city)
   as city,
    
    UPPER(country)
   as country,
    accommodates,
    bathrooms,
    bedrooms,
    price_per_night,
    
    case 
        when price_per_night < 100 then 'low'
        when price_per_night < 200 then 'medium'
        else 'high'
    end
 as price_per_night_tag,
    created_at as listing_created_at
from 
    SPOTIFY_DB.bronze.bronze_listings
    )

/* {"app": "dbt", "dbt_version": "1.11.2", "profile_name": "snowflake_spotify_project", "target_name": "dev", "node_id": "model.snowflake_spotify_project.silver_listings"} */;
[0m19:07:58.768754 [debug] [Thread-2 (]: SQL status: SUCCESS 1 in 0.757 seconds
[0m19:07:58.828466 [debug] [Thread-2 (]: Applying DROP to: SPOTIFY_DB.silver.silver_listings__dbt_tmp
[0m19:07:58.828861 [debug] [Thread-2 (]: Using snowflake connection "model.snowflake_spotify_project.silver_listings"
[0m19:07:58.829009 [debug] [Thread-2 (]: On model.snowflake_spotify_project.silver_listings: drop view if exists SPOTIFY_DB.silver.silver_listings__dbt_tmp cascade
/* {"app": "dbt", "dbt_version": "1.11.2", "profile_name": "snowflake_spotify_project", "target_name": "dev", "node_id": "model.snowflake_spotify_project.silver_listings"} */
[0m19:07:59.008316 [debug] [Thread-2 (]: SQL status: SUCCESS 1 in 0.179 seconds
[0m19:07:59.011629 [debug] [Thread-2 (]: Sending event: {'category': 'dbt', 'action': 'run_model', 'label': 'efb250d4-fe80-4056-bba8-19063648112f', 'context': [<snowplow_tracker.self_describing_json.SelfDescribingJson object at 0x107c4b0d0>]}
[0m19:07:59.012474 [info ] [Thread-2 (]: 6 of 6 OK created sql incremental model silver.silver_listings ................. [[32mSUCCESS 1[0m in 1.01s]
[0m19:07:59.013059 [debug] [Thread-2 (]: Finished running node model.snowflake_spotify_project.silver_listings
[0m19:07:59.014408 [debug] [MainThread]: Connection 'master' was properly closed.
[0m19:07:59.014681 [debug] [MainThread]: Connection 'model.snowflake_spotify_project.silver_listings' was left open.
[0m19:07:59.014924 [debug] [MainThread]: On model.snowflake_spotify_project.silver_listings: Close
[0m19:07:59.199656 [info ] [MainThread]: 
[0m19:07:59.200229 [info ] [MainThread]: Finished running 6 incremental models in 0 hours 0 minutes and 11.83 seconds (11.83s).
[0m19:07:59.201339 [debug] [MainThread]: Command end result
[0m19:07:59.218933 [debug] [MainThread]: Wrote artifact WritableManifest to /Users/faizaan/Desktop/dbt_spotify_prj/snowflake_spotify_project/target/manifest.json
[0m19:07:59.220378 [debug] [MainThread]: Wrote artifact SemanticManifest to /Users/faizaan/Desktop/dbt_spotify_prj/snowflake_spotify_project/target/semantic_manifest.json
[0m19:07:59.223864 [debug] [MainThread]: Wrote artifact RunExecutionResult to /Users/faizaan/Desktop/dbt_spotify_prj/snowflake_spotify_project/target/run_results.json
[0m19:07:59.224040 [info ] [MainThread]: 
[0m19:07:59.224245 [info ] [MainThread]: [32mCompleted successfully[0m
[0m19:07:59.224396 [info ] [MainThread]: 
[0m19:07:59.224546 [info ] [MainThread]: Done. PASS=6 WARN=0 ERROR=0 SKIP=0 NO-OP=0 TOTAL=6
[0m19:07:59.226828 [debug] [MainThread]: Resource report: {"command_name": "run", "command_success": true, "command_wall_clock_time": 12.23929, "process_in_blocks": "0", "process_kernel_time": 0.207071, "process_mem_max_rss": "166772736", "process_out_blocks": "0", "process_user_time": 1.268617}
[0m19:07:59.227108 [debug] [MainThread]: Command `dbt run` succeeded at 19:07:59.227061 after 12.24 seconds
[0m19:07:59.227338 [debug] [MainThread]: Sending event: {'category': 'dbt', 'action': 'invocation', 'label': 'end', 'context': [<snowplow_tracker.self_describing_json.SelfDescribingJson object at 0x102681610>, <snowplow_tracker.self_describing_json.SelfDescribingJson object at 0x1026817d0>, <snowplow_tracker.self_describing_json.SelfDescribingJson object at 0x102681690>]}
[0m19:07:59.227537 [debug] [MainThread]: Flushing usage events
[0m19:07:59.639913 [debug] [MainThread]: An error was encountered while trying to flush usage events
[0m19:41:36.951482 [debug] [MainThread]: Sending event: {'category': 'dbt', 'action': 'invocation', 'label': 'start', 'context': [<snowplow_tracker.self_describing_json.SelfDescribingJson object at 0x1070c7c10>, <snowplow_tracker.self_describing_json.SelfDescribingJson object at 0x107138d10>, <snowplow_tracker.self_describing_json.SelfDescribingJson object at 0x10714ead0>]}


============================== 19:41:36.953553 | faaec303-db6d-499f-9725-e37401f6f5fd ==============================
[0m19:41:36.953553 [info ] [MainThread]: Running with dbt=1.11.2
[0m19:41:36.953791 [debug] [MainThread]: running dbt with arguments {'introspect': 'True', 'write_json': 'True', 'debug': 'False', 'log_path': '/Users/faizaan/Desktop/dbt_spotify_prj/snowflake_spotify_project/logs', 'no_print': 'None', 'log_cache_events': 'False', 'fail_fast': 'False', 'warn_error_options': 'WarnErrorOptionsV2(error=[], warn=[], silence=[])', 'empty': 'False', 'log_format': 'default', 'send_anonymous_usage_stats': 'True', 'warn_error': 'None', 'use_experimental_parser': 'False', 'invocation_command': 'dbt run', 'indirect_selection': 'eager', 'profiles_dir': '/Users/faizaan/Desktop/dbt_spotify_prj/snowflake_spotify_project', 'quiet': 'False', 'partial_parse': 'True', 'target_path': 'None', 'static_parser': 'True', 'use_colors': 'True', 'printer_width': '80', 'version_check': 'True', 'cache_selected_only': 'False'}
[0m19:41:37.100823 [debug] [MainThread]: Snowflake adapter: Setting snowflake.connector to ERROR (file logging only)
[0m19:41:37.101034 [debug] [MainThread]: Snowflake adapter: Setting botocore to ERROR (file logging only)
[0m19:41:37.101140 [debug] [MainThread]: Snowflake adapter: Setting boto3 to ERROR (file logging only)
[0m19:41:37.155039 [debug] [MainThread]: Sending event: {'category': 'dbt', 'action': 'project_id', 'label': 'faaec303-db6d-499f-9725-e37401f6f5fd', 'context': [<snowplow_tracker.self_describing_json.SelfDescribingJson object at 0x106b95810>]}
[0m19:41:37.171272 [debug] [MainThread]: Sending event: {'category': 'dbt', 'action': 'adapter_info', 'label': 'faaec303-db6d-499f-9725-e37401f6f5fd', 'context': [<snowplow_tracker.self_describing_json.SelfDescribingJson object at 0x105f9aad0>]}
[0m19:41:37.171789 [info ] [MainThread]: Registered adapter: snowflake=1.11.1
[0m19:41:37.217508 [debug] [MainThread]: checksum: 3d40d8bbe1bef07db1c24822f2dbfff8bc07f2a48ed4fe2658a40653aec0b54b, vars: {}, profile: , target: , version: 1.11.2
[0m19:41:37.265844 [debug] [MainThread]: Partial parsing enabled: 0 files deleted, 0 files added, 0 files changed.
[0m19:41:37.266001 [debug] [MainThread]: Nothing changed, skipping partial parsing.
[0m19:41:37.266095 [debug] [MainThread]: Partial parsing enabled, no changes found, skipping parsing
[0m19:41:37.280520 [debug] [MainThread]: Sending event: {'category': 'dbt', 'action': 'load_project', 'label': 'faaec303-db6d-499f-9725-e37401f6f5fd', 'context': [<snowplow_tracker.self_describing_json.SelfDescribingJson object at 0x1093b2210>]}
[0m19:41:37.306676 [debug] [MainThread]: Wrote artifact WritableManifest to /Users/faizaan/Desktop/dbt_spotify_prj/snowflake_spotify_project/target/manifest.json
[0m19:41:37.307800 [debug] [MainThread]: Wrote artifact SemanticManifest to /Users/faizaan/Desktop/dbt_spotify_prj/snowflake_spotify_project/target/semantic_manifest.json
[0m19:41:37.315919 [debug] [MainThread]: Sending event: {'category': 'dbt', 'action': 'resource_counts', 'label': 'faaec303-db6d-499f-9725-e37401f6f5fd', 'context': [<snowplow_tracker.self_describing_json.SelfDescribingJson object at 0x109374210>]}
[0m19:41:37.316094 [info ] [MainThread]: Found 7 models, 1 analysis, 3 sources, 527 macros
[0m19:41:37.316210 [debug] [MainThread]: Sending event: {'category': 'dbt', 'action': 'runnable_timing', 'label': 'faaec303-db6d-499f-9725-e37401f6f5fd', 'context': [<snowplow_tracker.self_describing_json.SelfDescribingJson object at 0x1086d5150>]}
[0m19:41:37.316873 [info ] [MainThread]: 
[0m19:41:37.316986 [info ] [MainThread]: Concurrency: 1 threads (target='dev')
[0m19:41:37.317070 [info ] [MainThread]: 
[0m19:41:37.317235 [debug] [MainThread]: Acquiring new snowflake connection 'master'
[0m19:41:37.318721 [debug] [ThreadPool]: Acquiring new snowflake connection 'list_SPOTIFY_DB'
[0m19:41:37.344362 [debug] [ThreadPool]: Using snowflake connection "list_SPOTIFY_DB"
[0m19:41:37.344501 [debug] [ThreadPool]: On list_SPOTIFY_DB: show terse schemas in database SPOTIFY_DB
    limit 10000
/* {"app": "dbt", "dbt_version": "1.11.2", "profile_name": "snowflake_spotify_project", "target_name": "dev", "connection_name": "list_SPOTIFY_DB"} */
[0m19:41:37.344586 [debug] [ThreadPool]: Opening a new connection, currently in state init
[0m19:41:38.646952 [debug] [ThreadPool]: SQL status: SUCCESS 5 in 1.302 seconds
[0m19:41:38.652060 [debug] [ThreadPool]: Using snowflake connection "list_SPOTIFY_DB"
[0m19:41:38.652454 [debug] [ThreadPool]: On list_SPOTIFY_DB: show terse schemas in database SPOTIFY_DB
    limit 10000
/* {"app": "dbt", "dbt_version": "1.11.2", "profile_name": "snowflake_spotify_project", "target_name": "dev", "connection_name": "list_SPOTIFY_DB"} */
[0m19:41:38.782512 [debug] [ThreadPool]: SQL status: SUCCESS 5 in 0.130 seconds
[0m19:41:38.788314 [debug] [ThreadPool]: Using snowflake connection "list_SPOTIFY_DB"
[0m19:41:38.788650 [debug] [ThreadPool]: On list_SPOTIFY_DB: show terse schemas in database SPOTIFY_DB
    limit 10000
/* {"app": "dbt", "dbt_version": "1.11.2", "profile_name": "snowflake_spotify_project", "target_name": "dev", "connection_name": "list_SPOTIFY_DB"} */
[0m19:41:38.904031 [debug] [ThreadPool]: SQL status: SUCCESS 5 in 0.115 seconds
[0m19:41:38.907692 [debug] [ThreadPool]: Re-using an available connection from the pool (formerly list_SPOTIFY_DB, now create_SPOTIFY_DB_gold)
[0m19:41:38.908322 [debug] [ThreadPool]: Creating schema "database: "SPOTIFY_DB"
schema: "gold"
"
[0m19:41:38.913154 [debug] [ThreadPool]: Using snowflake connection "create_SPOTIFY_DB_gold"
[0m19:41:38.913424 [debug] [ThreadPool]: On create_SPOTIFY_DB_gold: create schema if not exists SPOTIFY_DB.gold
/* {"app": "dbt", "dbt_version": "1.11.2", "profile_name": "snowflake_spotify_project", "target_name": "dev", "connection_name": "create_SPOTIFY_DB_gold"} */
[0m19:41:39.044579 [debug] [ThreadPool]: SQL status: SUCCESS 1 in 0.131 seconds
[0m19:41:39.049480 [debug] [ThreadPool]: Re-using an available connection from the pool (formerly create_SPOTIFY_DB_gold, now list_SPOTIFY_DB_silver)
[0m19:41:39.061195 [debug] [ThreadPool]: Using snowflake connection "list_SPOTIFY_DB_silver"
[0m19:41:39.061507 [debug] [ThreadPool]: On list_SPOTIFY_DB_silver: show objects in SPOTIFY_DB.silver
    limit 10000
    

/* {"app": "dbt", "dbt_version": "1.11.2", "profile_name": "snowflake_spotify_project", "target_name": "dev", "connection_name": "list_SPOTIFY_DB_silver"} */;
[0m19:41:39.190571 [debug] [ThreadPool]: SQL status: SUCCESS 0 in 0.129 seconds
[0m19:41:39.194145 [debug] [ThreadPool]: Re-using an available connection from the pool (formerly list_SPOTIFY_DB_silver, now list_SPOTIFY_DB_gold)
[0m19:41:39.196429 [debug] [ThreadPool]: Using snowflake connection "list_SPOTIFY_DB_gold"
[0m19:41:39.196703 [debug] [ThreadPool]: On list_SPOTIFY_DB_gold: show objects in SPOTIFY_DB.gold
    limit 10000
    

/* {"app": "dbt", "dbt_version": "1.11.2", "profile_name": "snowflake_spotify_project", "target_name": "dev", "connection_name": "list_SPOTIFY_DB_gold"} */;
[0m19:41:39.318970 [debug] [ThreadPool]: SQL status: SUCCESS 0 in 0.122 seconds
[0m19:41:39.321809 [debug] [ThreadPool]: Re-using an available connection from the pool (formerly list_SPOTIFY_DB_gold, now list_SPOTIFY_DB_bronze)
[0m19:41:39.324933 [debug] [ThreadPool]: Using snowflake connection "list_SPOTIFY_DB_bronze"
[0m19:41:39.325257 [debug] [ThreadPool]: On list_SPOTIFY_DB_bronze: show objects in SPOTIFY_DB.bronze
    limit 10000
    

/* {"app": "dbt", "dbt_version": "1.11.2", "profile_name": "snowflake_spotify_project", "target_name": "dev", "connection_name": "list_SPOTIFY_DB_bronze"} */;
[0m19:41:39.465213 [debug] [ThreadPool]: SQL status: SUCCESS 3 in 0.140 seconds
[0m19:41:39.468511 [debug] [MainThread]: Sending event: {'category': 'dbt', 'action': 'runnable_timing', 'label': 'faaec303-db6d-499f-9725-e37401f6f5fd', 'context': [<snowplow_tracker.self_describing_json.SelfDescribingJson object at 0x1093b2590>]}
[0m19:41:39.473635 [debug] [Thread-2 (]: Began running node model.snowflake_spotify_project.bronze_bookings
[0m19:41:39.474141 [info ] [Thread-2 (]: 1 of 7 START sql incremental model bronze.bronze_bookings ...................... [RUN]
[0m19:41:39.474531 [debug] [Thread-2 (]: Re-using an available connection from the pool (formerly list_SPOTIFY_DB_bronze, now model.snowflake_spotify_project.bronze_bookings)
[0m19:41:39.474810 [debug] [Thread-2 (]: Began compiling node model.snowflake_spotify_project.bronze_bookings
[0m19:41:39.488616 [debug] [Thread-2 (]: Writing injected SQL for node "model.snowflake_spotify_project.bronze_bookings"
[0m19:41:39.489802 [debug] [Thread-2 (]: Began executing node model.snowflake_spotify_project.bronze_bookings
[0m19:41:39.518604 [debug] [Thread-2 (]: Using snowflake connection "model.snowflake_spotify_project.bronze_bookings"
[0m19:41:39.518815 [debug] [Thread-2 (]: On model.snowflake_spotify_project.bronze_bookings: create or replace  temporary view SPOTIFY_DB.bronze.bronze_bookings__dbt_tmp
  
  
  
  
  as (
    

select * from SPOTIFY_DB.source.bookings


    where created_at >= (select coalesce(max(created_at), '1900-01-01') from SPOTIFY_DB.bronze.bronze_bookings)

  )
/* {"app": "dbt", "dbt_version": "1.11.2", "profile_name": "snowflake_spotify_project", "target_name": "dev", "node_id": "model.snowflake_spotify_project.bronze_bookings"} */;
[0m19:41:39.736203 [debug] [Thread-2 (]: SQL status: SUCCESS 1 in 0.217 seconds
[0m19:41:39.746748 [debug] [Thread-2 (]: Using snowflake connection "model.snowflake_spotify_project.bronze_bookings"
[0m19:41:39.747198 [debug] [Thread-2 (]: On model.snowflake_spotify_project.bronze_bookings: describe table SPOTIFY_DB.bronze.bronze_bookings__dbt_tmp
/* {"app": "dbt", "dbt_version": "1.11.2", "profile_name": "snowflake_spotify_project", "target_name": "dev", "node_id": "model.snowflake_spotify_project.bronze_bookings"} */
[0m19:41:39.877770 [debug] [Thread-2 (]: SQL status: SUCCESS 9 in 0.130 seconds
[0m19:41:39.883880 [debug] [Thread-2 (]: Using snowflake connection "model.snowflake_spotify_project.bronze_bookings"
[0m19:41:39.884280 [debug] [Thread-2 (]: On model.snowflake_spotify_project.bronze_bookings: describe table SPOTIFY_DB.bronze.bronze_bookings
/* {"app": "dbt", "dbt_version": "1.11.2", "profile_name": "snowflake_spotify_project", "target_name": "dev", "node_id": "model.snowflake_spotify_project.bronze_bookings"} */
[0m19:41:39.993605 [debug] [Thread-2 (]: SQL status: SUCCESS 9 in 0.109 seconds
[0m19:41:40.004710 [debug] [Thread-2 (]: Using snowflake connection "model.snowflake_spotify_project.bronze_bookings"
[0m19:41:40.004986 [debug] [Thread-2 (]: On model.snowflake_spotify_project.bronze_bookings: describe table "SPOTIFY_DB"."BRONZE"."BRONZE_BOOKINGS"
/* {"app": "dbt", "dbt_version": "1.11.2", "profile_name": "snowflake_spotify_project", "target_name": "dev", "node_id": "model.snowflake_spotify_project.bronze_bookings"} */
[0m19:41:40.114257 [debug] [Thread-2 (]: SQL status: SUCCESS 9 in 0.109 seconds
[0m19:41:40.131131 [debug] [Thread-2 (]: Writing runtime sql for node "model.snowflake_spotify_project.bronze_bookings"
[0m19:41:40.132257 [debug] [Thread-2 (]: Using snowflake connection "model.snowflake_spotify_project.bronze_bookings"
[0m19:41:40.132622 [debug] [Thread-2 (]: On model.snowflake_spotify_project.bronze_bookings: -- back compat for old kwarg name
  
  begin
/* {"app": "dbt", "dbt_version": "1.11.2", "profile_name": "snowflake_spotify_project", "target_name": "dev", "node_id": "model.snowflake_spotify_project.bronze_bookings"} */;
[0m19:41:40.266154 [debug] [Thread-2 (]: SQL status: SUCCESS 1 in 0.133 seconds
[0m19:41:40.267334 [debug] [Thread-2 (]: Using snowflake connection "model.snowflake_spotify_project.bronze_bookings"
[0m19:41:40.268094 [debug] [Thread-2 (]: On model.snowflake_spotify_project.bronze_bookings: insert into SPOTIFY_DB.bronze.bronze_bookings ("BOOKING_ID", "LISTING_ID", "BOOKING_DATE", "NIGHTS_BOOKED", "BOOKING_AMOUNT", "CLEANING_FEE", "SERVICE_FEE", "BOOKING_STATUS", "CREATED_AT")
        (
            select "BOOKING_ID", "LISTING_ID", "BOOKING_DATE", "NIGHTS_BOOKED", "BOOKING_AMOUNT", "CLEANING_FEE", "SERVICE_FEE", "BOOKING_STATUS", "CREATED_AT"
            from SPOTIFY_DB.bronze.bronze_bookings__dbt_tmp
        )
/* {"app": "dbt", "dbt_version": "1.11.2", "profile_name": "snowflake_spotify_project", "target_name": "dev", "node_id": "model.snowflake_spotify_project.bronze_bookings"} */;
[0m19:41:41.075677 [debug] [Thread-2 (]: SQL status: SUCCESS 5000 in 0.807 seconds
[0m19:41:41.077019 [debug] [Thread-2 (]: Using snowflake connection "model.snowflake_spotify_project.bronze_bookings"
[0m19:41:41.077740 [debug] [Thread-2 (]: On model.snowflake_spotify_project.bronze_bookings: COMMIT
/* {"app": "dbt", "dbt_version": "1.11.2", "profile_name": "snowflake_spotify_project", "target_name": "dev", "node_id": "model.snowflake_spotify_project.bronze_bookings"} */
[0m19:41:41.332934 [debug] [Thread-2 (]: SQL status: SUCCESS 1 in 0.254 seconds
[0m19:41:41.342692 [debug] [Thread-2 (]: Applying DROP to: SPOTIFY_DB.bronze.bronze_bookings__dbt_tmp
[0m19:41:41.347921 [debug] [Thread-2 (]: Using snowflake connection "model.snowflake_spotify_project.bronze_bookings"
[0m19:41:41.348234 [debug] [Thread-2 (]: On model.snowflake_spotify_project.bronze_bookings: drop view if exists SPOTIFY_DB.bronze.bronze_bookings__dbt_tmp cascade
/* {"app": "dbt", "dbt_version": "1.11.2", "profile_name": "snowflake_spotify_project", "target_name": "dev", "node_id": "model.snowflake_spotify_project.bronze_bookings"} */
[0m19:41:41.506286 [debug] [Thread-2 (]: SQL status: SUCCESS 1 in 0.158 seconds
[0m19:41:41.527447 [debug] [Thread-2 (]: Sending event: {'category': 'dbt', 'action': 'run_model', 'label': 'faaec303-db6d-499f-9725-e37401f6f5fd', 'context': [<snowplow_tracker.self_describing_json.SelfDescribingJson object at 0x10f04cfd0>]}
[0m19:41:41.528140 [info ] [Thread-2 (]: 1 of 7 OK created sql incremental model bronze.bronze_bookings ................. [[32mSUCCESS 5000[0m in 2.05s]
[0m19:41:41.528596 [debug] [Thread-2 (]: Finished running node model.snowflake_spotify_project.bronze_bookings
[0m19:41:41.528915 [debug] [Thread-2 (]: Began running node model.snowflake_spotify_project.bronze_hosts
[0m19:41:41.529352 [info ] [Thread-2 (]: 2 of 7 START sql incremental model bronze.bronze_hosts ......................... [RUN]
[0m19:41:41.529911 [debug] [Thread-2 (]: Re-using an available connection from the pool (formerly model.snowflake_spotify_project.bronze_bookings, now model.snowflake_spotify_project.bronze_hosts)
[0m19:41:41.530255 [debug] [Thread-2 (]: Began compiling node model.snowflake_spotify_project.bronze_hosts
[0m19:41:41.534709 [debug] [Thread-2 (]: Writing injected SQL for node "model.snowflake_spotify_project.bronze_hosts"
[0m19:41:41.535321 [debug] [Thread-2 (]: Began executing node model.snowflake_spotify_project.bronze_hosts
[0m19:41:41.537946 [debug] [Thread-2 (]: Using snowflake connection "model.snowflake_spotify_project.bronze_hosts"
[0m19:41:41.538445 [debug] [Thread-2 (]: On model.snowflake_spotify_project.bronze_hosts: create or replace  temporary view SPOTIFY_DB.bronze.bronze_hosts__dbt_tmp
  
  
  
  
  as (
    

select * from SPOTIFY_DB.source.hosts


    where created_at >= (select coalesce(max(created_at), '1900-01-01') from SPOTIFY_DB.bronze.bronze_hosts)

  )
/* {"app": "dbt", "dbt_version": "1.11.2", "profile_name": "snowflake_spotify_project", "target_name": "dev", "node_id": "model.snowflake_spotify_project.bronze_hosts"} */;
[0m19:41:41.740808 [debug] [Thread-2 (]: SQL status: SUCCESS 1 in 0.202 seconds
[0m19:41:41.745686 [debug] [Thread-2 (]: Using snowflake connection "model.snowflake_spotify_project.bronze_hosts"
[0m19:41:41.746133 [debug] [Thread-2 (]: On model.snowflake_spotify_project.bronze_hosts: describe table SPOTIFY_DB.bronze.bronze_hosts__dbt_tmp
/* {"app": "dbt", "dbt_version": "1.11.2", "profile_name": "snowflake_spotify_project", "target_name": "dev", "node_id": "model.snowflake_spotify_project.bronze_hosts"} */
[0m19:41:41.873513 [debug] [Thread-2 (]: SQL status: SUCCESS 6 in 0.127 seconds
[0m19:41:41.878660 [debug] [Thread-2 (]: Using snowflake connection "model.snowflake_spotify_project.bronze_hosts"
[0m19:41:41.879038 [debug] [Thread-2 (]: On model.snowflake_spotify_project.bronze_hosts: describe table SPOTIFY_DB.bronze.bronze_hosts
/* {"app": "dbt", "dbt_version": "1.11.2", "profile_name": "snowflake_spotify_project", "target_name": "dev", "node_id": "model.snowflake_spotify_project.bronze_hosts"} */
[0m19:41:42.010379 [debug] [Thread-2 (]: SQL status: SUCCESS 6 in 0.131 seconds
[0m19:41:42.015052 [debug] [Thread-2 (]: Using snowflake connection "model.snowflake_spotify_project.bronze_hosts"
[0m19:41:42.015402 [debug] [Thread-2 (]: On model.snowflake_spotify_project.bronze_hosts: describe table "SPOTIFY_DB"."BRONZE"."BRONZE_HOSTS"
/* {"app": "dbt", "dbt_version": "1.11.2", "profile_name": "snowflake_spotify_project", "target_name": "dev", "node_id": "model.snowflake_spotify_project.bronze_hosts"} */
[0m19:41:42.125049 [debug] [Thread-2 (]: SQL status: SUCCESS 6 in 0.109 seconds
[0m19:41:42.129949 [debug] [Thread-2 (]: Writing runtime sql for node "model.snowflake_spotify_project.bronze_hosts"
[0m19:41:42.130957 [debug] [Thread-2 (]: Using snowflake connection "model.snowflake_spotify_project.bronze_hosts"
[0m19:41:42.131221 [debug] [Thread-2 (]: On model.snowflake_spotify_project.bronze_hosts: -- back compat for old kwarg name
  
  begin
/* {"app": "dbt", "dbt_version": "1.11.2", "profile_name": "snowflake_spotify_project", "target_name": "dev", "node_id": "model.snowflake_spotify_project.bronze_hosts"} */;
[0m19:41:42.259629 [debug] [Thread-2 (]: SQL status: SUCCESS 1 in 0.128 seconds
[0m19:41:42.260739 [debug] [Thread-2 (]: Using snowflake connection "model.snowflake_spotify_project.bronze_hosts"
[0m19:41:42.261511 [debug] [Thread-2 (]: On model.snowflake_spotify_project.bronze_hosts: insert into SPOTIFY_DB.bronze.bronze_hosts ("HOST_ID", "HOST_NAME", "HOST_SINCE", "IS_SUPERHOST", "RESPONSE_RATE", "CREATED_AT")
        (
            select "HOST_ID", "HOST_NAME", "HOST_SINCE", "IS_SUPERHOST", "RESPONSE_RATE", "CREATED_AT"
            from SPOTIFY_DB.bronze.bronze_hosts__dbt_tmp
        )
/* {"app": "dbt", "dbt_version": "1.11.2", "profile_name": "snowflake_spotify_project", "target_name": "dev", "node_id": "model.snowflake_spotify_project.bronze_hosts"} */;
[0m19:41:42.817031 [debug] [Thread-2 (]: SQL status: SUCCESS 200 in 0.555 seconds
[0m19:41:42.818305 [debug] [Thread-2 (]: Using snowflake connection "model.snowflake_spotify_project.bronze_hosts"
[0m19:41:42.819013 [debug] [Thread-2 (]: On model.snowflake_spotify_project.bronze_hosts: COMMIT
/* {"app": "dbt", "dbt_version": "1.11.2", "profile_name": "snowflake_spotify_project", "target_name": "dev", "node_id": "model.snowflake_spotify_project.bronze_hosts"} */
[0m19:41:43.056637 [debug] [Thread-2 (]: SQL status: SUCCESS 1 in 0.237 seconds
[0m19:41:43.063314 [debug] [Thread-2 (]: Applying DROP to: SPOTIFY_DB.bronze.bronze_hosts__dbt_tmp
[0m19:41:43.064275 [debug] [Thread-2 (]: Using snowflake connection "model.snowflake_spotify_project.bronze_hosts"
[0m19:41:43.064594 [debug] [Thread-2 (]: On model.snowflake_spotify_project.bronze_hosts: drop view if exists SPOTIFY_DB.bronze.bronze_hosts__dbt_tmp cascade
/* {"app": "dbt", "dbt_version": "1.11.2", "profile_name": "snowflake_spotify_project", "target_name": "dev", "node_id": "model.snowflake_spotify_project.bronze_hosts"} */
[0m19:41:43.223165 [debug] [Thread-2 (]: SQL status: SUCCESS 1 in 0.158 seconds
[0m19:41:43.227031 [debug] [Thread-2 (]: Sending event: {'category': 'dbt', 'action': 'run_model', 'label': 'faaec303-db6d-499f-9725-e37401f6f5fd', 'context': [<snowplow_tracker.self_describing_json.SelfDescribingJson object at 0x10f16b7d0>]}
[0m19:41:43.228031 [info ] [Thread-2 (]: 2 of 7 OK created sql incremental model bronze.bronze_hosts .................... [[32mSUCCESS 200[0m in 1.70s]
[0m19:41:43.228634 [debug] [Thread-2 (]: Finished running node model.snowflake_spotify_project.bronze_hosts
[0m19:41:43.228999 [debug] [Thread-2 (]: Began running node model.snowflake_spotify_project.bronze_listings
[0m19:41:43.229498 [info ] [Thread-2 (]: 3 of 7 START sql incremental model bronze.bronze_listings ...................... [RUN]
[0m19:41:43.230001 [debug] [Thread-2 (]: Re-using an available connection from the pool (formerly model.snowflake_spotify_project.bronze_hosts, now model.snowflake_spotify_project.bronze_listings)
[0m19:41:43.230267 [debug] [Thread-2 (]: Began compiling node model.snowflake_spotify_project.bronze_listings
[0m19:41:43.233923 [debug] [Thread-2 (]: Writing injected SQL for node "model.snowflake_spotify_project.bronze_listings"
[0m19:41:43.234608 [debug] [Thread-2 (]: Began executing node model.snowflake_spotify_project.bronze_listings
[0m19:41:43.237640 [debug] [Thread-2 (]: Using snowflake connection "model.snowflake_spotify_project.bronze_listings"
[0m19:41:43.237942 [debug] [Thread-2 (]: On model.snowflake_spotify_project.bronze_listings: create or replace  temporary view SPOTIFY_DB.bronze.bronze_listings__dbt_tmp
  
  
  
  
  as (
    


select * from SPOTIFY_DB.source.listings


    where created_at >= (select coalesce(max(created_at), '1900-01-01') from SPOTIFY_DB.bronze.bronze_listings)

  )
/* {"app": "dbt", "dbt_version": "1.11.2", "profile_name": "snowflake_spotify_project", "target_name": "dev", "node_id": "model.snowflake_spotify_project.bronze_listings"} */;
[0m19:41:43.423249 [debug] [Thread-2 (]: SQL status: SUCCESS 1 in 0.185 seconds
[0m19:41:43.428373 [debug] [Thread-2 (]: Using snowflake connection "model.snowflake_spotify_project.bronze_listings"
[0m19:41:43.428783 [debug] [Thread-2 (]: On model.snowflake_spotify_project.bronze_listings: describe table SPOTIFY_DB.bronze.bronze_listings__dbt_tmp
/* {"app": "dbt", "dbt_version": "1.11.2", "profile_name": "snowflake_spotify_project", "target_name": "dev", "node_id": "model.snowflake_spotify_project.bronze_listings"} */
[0m19:41:43.561243 [debug] [Thread-2 (]: SQL status: SUCCESS 11 in 0.132 seconds
[0m19:41:43.566777 [debug] [Thread-2 (]: Using snowflake connection "model.snowflake_spotify_project.bronze_listings"
[0m19:41:43.567188 [debug] [Thread-2 (]: On model.snowflake_spotify_project.bronze_listings: describe table SPOTIFY_DB.bronze.bronze_listings
/* {"app": "dbt", "dbt_version": "1.11.2", "profile_name": "snowflake_spotify_project", "target_name": "dev", "node_id": "model.snowflake_spotify_project.bronze_listings"} */
[0m19:41:43.678984 [debug] [Thread-2 (]: SQL status: SUCCESS 11 in 0.111 seconds
[0m19:41:43.684234 [debug] [Thread-2 (]: Using snowflake connection "model.snowflake_spotify_project.bronze_listings"
[0m19:41:43.684574 [debug] [Thread-2 (]: On model.snowflake_spotify_project.bronze_listings: describe table "SPOTIFY_DB"."BRONZE"."BRONZE_LISTINGS"
/* {"app": "dbt", "dbt_version": "1.11.2", "profile_name": "snowflake_spotify_project", "target_name": "dev", "node_id": "model.snowflake_spotify_project.bronze_listings"} */
[0m19:41:43.799297 [debug] [Thread-2 (]: SQL status: SUCCESS 11 in 0.114 seconds
[0m19:41:43.804481 [debug] [Thread-2 (]: Writing runtime sql for node "model.snowflake_spotify_project.bronze_listings"
[0m19:41:43.805420 [debug] [Thread-2 (]: Using snowflake connection "model.snowflake_spotify_project.bronze_listings"
[0m19:41:43.805686 [debug] [Thread-2 (]: On model.snowflake_spotify_project.bronze_listings: -- back compat for old kwarg name
  
  begin
/* {"app": "dbt", "dbt_version": "1.11.2", "profile_name": "snowflake_spotify_project", "target_name": "dev", "node_id": "model.snowflake_spotify_project.bronze_listings"} */;
[0m19:41:43.926429 [debug] [Thread-2 (]: SQL status: SUCCESS 1 in 0.120 seconds
[0m19:41:43.927615 [debug] [Thread-2 (]: Using snowflake connection "model.snowflake_spotify_project.bronze_listings"
[0m19:41:43.928317 [debug] [Thread-2 (]: On model.snowflake_spotify_project.bronze_listings: insert into SPOTIFY_DB.bronze.bronze_listings ("LISTING_ID", "HOST_ID", "PROPERTY_TYPE", "ROOM_TYPE", "CITY", "COUNTRY", "ACCOMMODATES", "BEDROOMS", "BATHROOMS", "PRICE_PER_NIGHT", "CREATED_AT")
        (
            select "LISTING_ID", "HOST_ID", "PROPERTY_TYPE", "ROOM_TYPE", "CITY", "COUNTRY", "ACCOMMODATES", "BEDROOMS", "BATHROOMS", "PRICE_PER_NIGHT", "CREATED_AT"
            from SPOTIFY_DB.bronze.bronze_listings__dbt_tmp
        )
/* {"app": "dbt", "dbt_version": "1.11.2", "profile_name": "snowflake_spotify_project", "target_name": "dev", "node_id": "model.snowflake_spotify_project.bronze_listings"} */;
[0m19:41:44.457104 [debug] [Thread-2 (]: SQL status: SUCCESS 500 in 0.528 seconds
[0m19:41:44.458469 [debug] [Thread-2 (]: Using snowflake connection "model.snowflake_spotify_project.bronze_listings"
[0m19:41:44.458962 [debug] [Thread-2 (]: On model.snowflake_spotify_project.bronze_listings: COMMIT
/* {"app": "dbt", "dbt_version": "1.11.2", "profile_name": "snowflake_spotify_project", "target_name": "dev", "node_id": "model.snowflake_spotify_project.bronze_listings"} */
[0m19:41:44.672233 [debug] [Thread-2 (]: SQL status: SUCCESS 1 in 0.213 seconds
[0m19:41:44.679861 [debug] [Thread-2 (]: Applying DROP to: SPOTIFY_DB.bronze.bronze_listings__dbt_tmp
[0m19:41:44.680415 [debug] [Thread-2 (]: Using snowflake connection "model.snowflake_spotify_project.bronze_listings"
[0m19:41:44.680607 [debug] [Thread-2 (]: On model.snowflake_spotify_project.bronze_listings: drop view if exists SPOTIFY_DB.bronze.bronze_listings__dbt_tmp cascade
/* {"app": "dbt", "dbt_version": "1.11.2", "profile_name": "snowflake_spotify_project", "target_name": "dev", "node_id": "model.snowflake_spotify_project.bronze_listings"} */
[0m19:41:44.839765 [debug] [Thread-2 (]: SQL status: SUCCESS 1 in 0.159 seconds
[0m19:41:44.842879 [debug] [Thread-2 (]: Sending event: {'category': 'dbt', 'action': 'run_model', 'label': 'faaec303-db6d-499f-9725-e37401f6f5fd', 'context': [<snowplow_tracker.self_describing_json.SelfDescribingJson object at 0x10f17a790>]}
[0m19:41:44.843578 [info ] [Thread-2 (]: 3 of 7 OK created sql incremental model bronze.bronze_listings ................. [[32mSUCCESS 500[0m in 1.61s]
[0m19:41:44.844065 [debug] [Thread-2 (]: Finished running node model.snowflake_spotify_project.bronze_listings
[0m19:41:44.844416 [debug] [Thread-2 (]: Began running node model.snowflake_spotify_project.obt
[0m19:41:44.845019 [info ] [Thread-2 (]: 4 of 7 START sql table model gold.obt .......................................... [RUN]
[0m19:41:44.845458 [debug] [Thread-2 (]: Re-using an available connection from the pool (formerly model.snowflake_spotify_project.bronze_listings, now model.snowflake_spotify_project.obt)
[0m19:41:44.845753 [debug] [Thread-2 (]: Began compiling node model.snowflake_spotify_project.obt
[0m19:41:44.848743 [debug] [Thread-2 (]: Writing injected SQL for node "model.snowflake_spotify_project.obt"
[0m19:41:44.849013 [debug] [Thread-2 (]: Began executing node model.snowflake_spotify_project.obt
[0m19:41:44.868505 [debug] [Thread-2 (]: Writing runtime sql for node "model.snowflake_spotify_project.obt"
[0m19:41:44.869449 [debug] [Thread-2 (]: Using snowflake connection "model.snowflake_spotify_project.obt"
[0m19:41:44.869708 [debug] [Thread-2 (]: On model.snowflake_spotify_project.obt: create or replace transient table SPOTIFY_DB.gold.obt
    
    
    
    as (
    )

/* {"app": "dbt", "dbt_version": "1.11.2", "profile_name": "snowflake_spotify_project", "target_name": "dev", "node_id": "model.snowflake_spotify_project.obt"} */;
[0m19:41:44.995515 [debug] [Thread-2 (]: Snowflake adapter: Snowflake query id: 01c1fb3d-3203-ad43-0000-0007183a35dd
[0m19:41:44.995986 [debug] [Thread-2 (]: Snowflake adapter: Snowflake error: 001003 (42000): SQL compilation error:
syntax error line 6 at position 4 unexpected ')'.
[0m19:41:44.999200 [debug] [Thread-2 (]: Database Error in model obt (models/gold/obt.sql)
  001003 (42000): SQL compilation error:
  syntax error line 6 at position 4 unexpected ')'.
  compiled code at target/run/snowflake_spotify_project/models/gold/obt.sql
[0m19:41:44.999707 [debug] [Thread-2 (]: Sending event: {'category': 'dbt', 'action': 'run_model', 'label': 'faaec303-db6d-499f-9725-e37401f6f5fd', 'context': [<snowplow_tracker.self_describing_json.SelfDescribingJson object at 0x10866ef90>]}
[0m19:41:45.000282 [error] [Thread-2 (]: 4 of 7 ERROR creating sql table model gold.obt ................................. [[31mERROR[0m in 0.15s]
[0m19:41:45.000691 [debug] [Thread-2 (]: Finished running node model.snowflake_spotify_project.obt
[0m19:41:45.000999 [debug] [Thread-2 (]: Began running node model.snowflake_spotify_project.silver_bookings
[0m19:41:45.001343 [debug] [Thread-5 (]: Marking all children of 'model.snowflake_spotify_project.obt' to be skipped because of status 'error'.  Reason: Database Error in model obt (models/gold/obt.sql)
  001003 (42000): SQL compilation error:
  syntax error line 6 at position 4 unexpected ')'.
  compiled code at target/run/snowflake_spotify_project/models/gold/obt.sql.
[0m19:41:45.001721 [info ] [Thread-2 (]: 5 of 7 START sql incremental model silver.silver_bookings ...................... [RUN]
[0m19:41:45.002546 [debug] [Thread-2 (]: Re-using an available connection from the pool (formerly model.snowflake_spotify_project.obt, now model.snowflake_spotify_project.silver_bookings)
[0m19:41:45.002801 [debug] [Thread-2 (]: Began compiling node model.snowflake_spotify_project.silver_bookings
[0m19:41:45.007187 [debug] [Thread-2 (]: Writing injected SQL for node "model.snowflake_spotify_project.silver_bookings"
[0m19:41:45.007760 [debug] [Thread-2 (]: Began executing node model.snowflake_spotify_project.silver_bookings
[0m19:41:45.010609 [debug] [Thread-2 (]: Writing runtime sql for node "model.snowflake_spotify_project.silver_bookings"
[0m19:41:45.011817 [debug] [Thread-2 (]: Using snowflake connection "model.snowflake_spotify_project.silver_bookings"
[0m19:41:45.012198 [debug] [Thread-2 (]: On model.snowflake_spotify_project.silver_bookings: create or replace transient table SPOTIFY_DB.silver.silver_bookings
    
    
    
    as (


select 
    booking_id,
    listing_id,
    booking_date,
    
    ROUND(booking_amount * nights_booked, 2)
 as total_amount,
    service_fee,
    cleaning_fee,
    booking_status,
    created_at as booking_created_at 
from 
    SPOTIFY_DB.bronze.bronze_bookings
    )

/* {"app": "dbt", "dbt_version": "1.11.2", "profile_name": "snowflake_spotify_project", "target_name": "dev", "node_id": "model.snowflake_spotify_project.silver_bookings"} */;
[0m19:41:45.684395 [debug] [Thread-2 (]: SQL status: SUCCESS 1 in 0.672 seconds
[0m19:41:45.689708 [debug] [Thread-2 (]: Applying DROP to: SPOTIFY_DB.silver.silver_bookings__dbt_tmp
[0m19:41:45.690549 [debug] [Thread-2 (]: Using snowflake connection "model.snowflake_spotify_project.silver_bookings"
[0m19:41:45.690869 [debug] [Thread-2 (]: On model.snowflake_spotify_project.silver_bookings: drop view if exists SPOTIFY_DB.silver.silver_bookings__dbt_tmp cascade
/* {"app": "dbt", "dbt_version": "1.11.2", "profile_name": "snowflake_spotify_project", "target_name": "dev", "node_id": "model.snowflake_spotify_project.silver_bookings"} */
[0m19:41:45.835463 [debug] [Thread-2 (]: SQL status: SUCCESS 1 in 0.144 seconds
[0m19:41:45.838817 [debug] [Thread-2 (]: Sending event: {'category': 'dbt', 'action': 'run_model', 'label': 'faaec303-db6d-499f-9725-e37401f6f5fd', 'context': [<snowplow_tracker.self_describing_json.SelfDescribingJson object at 0x10f2efbd0>]}
[0m19:41:45.839523 [info ] [Thread-2 (]: 5 of 7 OK created sql incremental model silver.silver_bookings ................. [[32mSUCCESS 1[0m in 0.84s]
[0m19:41:45.839946 [debug] [Thread-2 (]: Finished running node model.snowflake_spotify_project.silver_bookings
[0m19:41:45.840264 [debug] [Thread-2 (]: Began running node model.snowflake_spotify_project.silver_hosts
[0m19:41:45.840681 [info ] [Thread-2 (]: 6 of 7 START sql incremental model silver.silver_hosts ......................... [RUN]
[0m19:41:45.841044 [debug] [Thread-2 (]: Re-using an available connection from the pool (formerly model.snowflake_spotify_project.silver_bookings, now model.snowflake_spotify_project.silver_hosts)
[0m19:41:45.841308 [debug] [Thread-2 (]: Began compiling node model.snowflake_spotify_project.silver_hosts
[0m19:41:45.848325 [debug] [Thread-2 (]: Writing injected SQL for node "model.snowflake_spotify_project.silver_hosts"
[0m19:41:45.849107 [debug] [Thread-2 (]: Began executing node model.snowflake_spotify_project.silver_hosts
[0m19:41:45.898313 [debug] [Thread-2 (]: Writing runtime sql for node "model.snowflake_spotify_project.silver_hosts"
[0m19:41:45.898918 [debug] [Thread-2 (]: Using snowflake connection "model.snowflake_spotify_project.silver_hosts"
[0m19:41:45.899068 [debug] [Thread-2 (]: On model.snowflake_spotify_project.silver_hosts: create or replace transient table SPOTIFY_DB.silver.silver_hosts
    
    
    
    as (


select 
    host_id,
    
    UPPER(host_name)
   as host_name,
    host_since,
    is_superhost,
    response_rate,
    
    case 
        when response_rate > 95 then 'Very Good'
        when response_rate > 80 then 'Good'
        when response_rate > 60 then 'Average'
        else 'Poor'
    end
 as response_rate_category,
    created_at as host_created_at
from
    SPOTIFY_DB.bronze.bronze_hosts
    )

/* {"app": "dbt", "dbt_version": "1.11.2", "profile_name": "snowflake_spotify_project", "target_name": "dev", "node_id": "model.snowflake_spotify_project.silver_hosts"} */;
[0m19:41:46.505497 [debug] [Thread-2 (]: SQL status: SUCCESS 1 in 0.606 seconds
[0m19:41:46.510949 [debug] [Thread-2 (]: Applying DROP to: SPOTIFY_DB.silver.silver_hosts__dbt_tmp
[0m19:41:46.512044 [debug] [Thread-2 (]: Using snowflake connection "model.snowflake_spotify_project.silver_hosts"
[0m19:41:46.512393 [debug] [Thread-2 (]: On model.snowflake_spotify_project.silver_hosts: drop view if exists SPOTIFY_DB.silver.silver_hosts__dbt_tmp cascade
/* {"app": "dbt", "dbt_version": "1.11.2", "profile_name": "snowflake_spotify_project", "target_name": "dev", "node_id": "model.snowflake_spotify_project.silver_hosts"} */
[0m19:41:46.624265 [debug] [Thread-2 (]: SQL status: SUCCESS 1 in 0.111 seconds
[0m19:41:46.628593 [debug] [Thread-2 (]: Sending event: {'category': 'dbt', 'action': 'run_model', 'label': 'faaec303-db6d-499f-9725-e37401f6f5fd', 'context': [<snowplow_tracker.self_describing_json.SelfDescribingJson object at 0x10952b790>]}
[0m19:41:46.629323 [info ] [Thread-2 (]: 6 of 7 OK created sql incremental model silver.silver_hosts .................... [[32mSUCCESS 1[0m in 0.79s]
[0m19:41:46.629732 [debug] [Thread-2 (]: Finished running node model.snowflake_spotify_project.silver_hosts
[0m19:41:46.630024 [debug] [Thread-2 (]: Began running node model.snowflake_spotify_project.silver_listings
[0m19:41:46.630455 [info ] [Thread-2 (]: 7 of 7 START sql incremental model silver.silver_listings ...................... [RUN]
[0m19:41:46.630870 [debug] [Thread-2 (]: Re-using an available connection from the pool (formerly model.snowflake_spotify_project.silver_hosts, now model.snowflake_spotify_project.silver_listings)
[0m19:41:46.631133 [debug] [Thread-2 (]: Began compiling node model.snowflake_spotify_project.silver_listings
[0m19:41:46.635255 [debug] [Thread-2 (]: Writing injected SQL for node "model.snowflake_spotify_project.silver_listings"
[0m19:41:46.635990 [debug] [Thread-2 (]: Began executing node model.snowflake_spotify_project.silver_listings
[0m19:41:46.638455 [debug] [Thread-2 (]: Writing runtime sql for node "model.snowflake_spotify_project.silver_listings"
[0m19:41:46.639687 [debug] [Thread-2 (]: Using snowflake connection "model.snowflake_spotify_project.silver_listings"
[0m19:41:46.639950 [debug] [Thread-2 (]: On model.snowflake_spotify_project.silver_listings: create or replace transient table SPOTIFY_DB.silver.silver_listings
    
    
    
    as (


select 
    listing_id,
    
    UPPER(property_type)
   as property_type,
    
    UPPER(room_type)
   as room_type,
    
    UPPER(city)
   as city,
    
    UPPER(country)
   as country,
    accommodates,
    bathrooms,
    bedrooms,
    price_per_night,
    
    case 
        when price_per_night < 100 then 'low'
        when price_per_night < 200 then 'medium'
        else 'high'
    end
 as price_per_night_tag,
    created_at as listing_created_at
from 
    SPOTIFY_DB.bronze.bronze_listings
    )

/* {"app": "dbt", "dbt_version": "1.11.2", "profile_name": "snowflake_spotify_project", "target_name": "dev", "node_id": "model.snowflake_spotify_project.silver_listings"} */;
[0m19:41:47.322836 [debug] [Thread-2 (]: SQL status: SUCCESS 1 in 0.682 seconds
[0m19:41:47.328259 [debug] [Thread-2 (]: Applying DROP to: SPOTIFY_DB.silver.silver_listings__dbt_tmp
[0m19:41:47.329157 [debug] [Thread-2 (]: Using snowflake connection "model.snowflake_spotify_project.silver_listings"
[0m19:41:47.329480 [debug] [Thread-2 (]: On model.snowflake_spotify_project.silver_listings: drop view if exists SPOTIFY_DB.silver.silver_listings__dbt_tmp cascade
/* {"app": "dbt", "dbt_version": "1.11.2", "profile_name": "snowflake_spotify_project", "target_name": "dev", "node_id": "model.snowflake_spotify_project.silver_listings"} */
[0m19:41:47.435298 [debug] [Thread-2 (]: SQL status: SUCCESS 1 in 0.105 seconds
[0m19:41:47.439496 [debug] [Thread-2 (]: Sending event: {'category': 'dbt', 'action': 'run_model', 'label': 'faaec303-db6d-499f-9725-e37401f6f5fd', 'context': [<snowplow_tracker.self_describing_json.SelfDescribingJson object at 0x106048dd0>]}
[0m19:41:47.440117 [info ] [Thread-2 (]: 7 of 7 OK created sql incremental model silver.silver_listings ................. [[32mSUCCESS 1[0m in 0.81s]
[0m19:41:47.440544 [debug] [Thread-2 (]: Finished running node model.snowflake_spotify_project.silver_listings
[0m19:41:47.441747 [debug] [MainThread]: Connection 'master' was properly closed.
[0m19:41:47.442018 [debug] [MainThread]: Connection 'model.snowflake_spotify_project.silver_listings' was left open.
[0m19:41:47.442244 [debug] [MainThread]: On model.snowflake_spotify_project.silver_listings: Close
[0m19:41:47.630421 [info ] [MainThread]: 
[0m19:41:47.631052 [info ] [MainThread]: Finished running 6 incremental models, 1 table model in 0 hours 0 minutes and 10.31 seconds (10.31s).
[0m19:41:47.632323 [debug] [MainThread]: Command end result
[0m19:41:47.657517 [debug] [MainThread]: Wrote artifact WritableManifest to /Users/faizaan/Desktop/dbt_spotify_prj/snowflake_spotify_project/target/manifest.json
[0m19:41:47.658876 [debug] [MainThread]: Wrote artifact SemanticManifest to /Users/faizaan/Desktop/dbt_spotify_prj/snowflake_spotify_project/target/semantic_manifest.json
[0m19:41:47.663000 [debug] [MainThread]: Wrote artifact RunExecutionResult to /Users/faizaan/Desktop/dbt_spotify_prj/snowflake_spotify_project/target/run_results.json
[0m19:41:47.663192 [info ] [MainThread]: 
[0m19:41:47.663407 [info ] [MainThread]: [31mCompleted with 1 error, 0 partial successes, and 0 warnings:[0m
[0m19:41:47.663564 [info ] [MainThread]: 
[0m19:41:47.663759 [error] [MainThread]: [31mFailure in model obt (models/gold/obt.sql)[0m
[0m19:41:47.663933 [error] [MainThread]:   Database Error in model obt (models/gold/obt.sql)
  001003 (42000): SQL compilation error:
  syntax error line 6 at position 4 unexpected ')'.
  compiled code at target/run/snowflake_spotify_project/models/gold/obt.sql
[0m19:41:47.664089 [info ] [MainThread]: 
[0m19:41:47.664255 [info ] [MainThread]: Done. PASS=6 WARN=0 ERROR=1 SKIP=0 NO-OP=0 TOTAL=7
[0m19:41:47.666754 [debug] [MainThread]: Resource report: {"command_name": "run", "command_success": false, "command_wall_clock_time": 10.738824, "process_in_blocks": "0", "process_kernel_time": 0.226389, "process_mem_max_rss": "168574976", "process_out_blocks": "0", "process_user_time": 1.318878}
[0m19:41:47.667015 [debug] [MainThread]: Command `dbt run` failed at 19:41:47.666972 after 10.74 seconds
[0m19:41:47.667243 [debug] [MainThread]: Sending event: {'category': 'dbt', 'action': 'invocation', 'label': 'end', 'context': [<snowplow_tracker.self_describing_json.SelfDescribingJson object at 0x101135690>, <snowplow_tracker.self_describing_json.SelfDescribingJson object at 0x101135550>, <snowplow_tracker.self_describing_json.SelfDescribingJson object at 0x101135810>]}
[0m19:41:47.667432 [debug] [MainThread]: Flushing usage events
[0m19:41:48.093359 [debug] [MainThread]: An error was encountered while trying to flush usage events
[0m19:43:36.329283 [debug] [MainThread]: Sending event: {'category': 'dbt', 'action': 'invocation', 'label': 'start', 'context': [<snowplow_tracker.self_describing_json.SelfDescribingJson object at 0x1119c47d0>, <snowplow_tracker.self_describing_json.SelfDescribingJson object at 0x1119f7350>, <snowplow_tracker.self_describing_json.SelfDescribingJson object at 0x111a4f050>]}


============================== 19:43:36.331025 | a1ef44a5-136b-4dbc-9390-056e97a16d67 ==============================
[0m19:43:36.331025 [info ] [MainThread]: Running with dbt=1.11.2
[0m19:43:36.331258 [debug] [MainThread]: running dbt with arguments {'introspect': 'True', 'send_anonymous_usage_stats': 'True', 'invocation_command': 'dbt run --select models/silver', 'target_path': 'None', 'debug': 'False', 'partial_parse': 'True', 'warn_error': 'None', 'version_check': 'True', 'profiles_dir': '/Users/faizaan/Desktop/dbt_spotify_prj/snowflake_spotify_project', 'log_format': 'default', 'no_print': 'None', 'fail_fast': 'False', 'cache_selected_only': 'False', 'log_cache_events': 'False', 'indirect_selection': 'eager', 'quiet': 'False', 'static_parser': 'True', 'log_path': '/Users/faizaan/Desktop/dbt_spotify_prj/snowflake_spotify_project/logs', 'write_json': 'True', 'empty': 'False', 'printer_width': '80', 'warn_error_options': 'WarnErrorOptionsV2(error=[], warn=[], silence=[])', 'use_experimental_parser': 'False', 'use_colors': 'True'}
[0m19:43:36.466528 [debug] [MainThread]: Snowflake adapter: Setting snowflake.connector to ERROR (file logging only)
[0m19:43:36.466712 [debug] [MainThread]: Snowflake adapter: Setting botocore to ERROR (file logging only)
[0m19:43:36.466812 [debug] [MainThread]: Snowflake adapter: Setting boto3 to ERROR (file logging only)
[0m19:43:36.515823 [debug] [MainThread]: Sending event: {'category': 'dbt', 'action': 'project_id', 'label': 'a1ef44a5-136b-4dbc-9390-056e97a16d67', 'context': [<snowplow_tracker.self_describing_json.SelfDescribingJson object at 0x112d9ab50>]}
[0m19:43:36.532030 [debug] [MainThread]: Sending event: {'category': 'dbt', 'action': 'adapter_info', 'label': 'a1ef44a5-136b-4dbc-9390-056e97a16d67', 'context': [<snowplow_tracker.self_describing_json.SelfDescribingJson object at 0x107fac090>]}
[0m19:43:36.532586 [info ] [MainThread]: Registered adapter: snowflake=1.11.1
[0m19:43:36.577510 [debug] [MainThread]: checksum: 3d40d8bbe1bef07db1c24822f2dbfff8bc07f2a48ed4fe2658a40653aec0b54b, vars: {}, profile: , target: , version: 1.11.2
[0m19:43:36.623615 [debug] [MainThread]: Partial parsing enabled: 0 files deleted, 0 files added, 0 files changed.
[0m19:43:36.623765 [debug] [MainThread]: Nothing changed, skipping partial parsing.
[0m19:43:36.623859 [debug] [MainThread]: Partial parsing enabled, no changes found, skipping parsing
[0m19:43:36.637229 [debug] [MainThread]: Sending event: {'category': 'dbt', 'action': 'load_project', 'label': 'a1ef44a5-136b-4dbc-9390-056e97a16d67', 'context': [<snowplow_tracker.self_describing_json.SelfDescribingJson object at 0x1119c2d50>]}
[0m19:43:36.662374 [debug] [MainThread]: Wrote artifact WritableManifest to /Users/faizaan/Desktop/dbt_spotify_prj/snowflake_spotify_project/target/manifest.json
[0m19:43:36.663192 [debug] [MainThread]: Wrote artifact SemanticManifest to /Users/faizaan/Desktop/dbt_spotify_prj/snowflake_spotify_project/target/semantic_manifest.json
[0m19:43:36.670732 [debug] [MainThread]: Sending event: {'category': 'dbt', 'action': 'resource_counts', 'label': 'a1ef44a5-136b-4dbc-9390-056e97a16d67', 'context': [<snowplow_tracker.self_describing_json.SelfDescribingJson object at 0x112e0ac50>]}
[0m19:43:36.670897 [info ] [MainThread]: Found 7 models, 1 analysis, 3 sources, 527 macros
[0m19:43:36.671017 [debug] [MainThread]: Sending event: {'category': 'dbt', 'action': 'runnable_timing', 'label': 'a1ef44a5-136b-4dbc-9390-056e97a16d67', 'context': [<snowplow_tracker.self_describing_json.SelfDescribingJson object at 0x112e5cc90>]}
[0m19:43:36.671611 [info ] [MainThread]: 
[0m19:43:36.671722 [info ] [MainThread]: Concurrency: 1 threads (target='dev')
[0m19:43:36.671811 [info ] [MainThread]: 
[0m19:43:36.671966 [debug] [MainThread]: Acquiring new snowflake connection 'master'
[0m19:43:36.673261 [debug] [ThreadPool]: Acquiring new snowflake connection 'list_SPOTIFY_DB'
[0m19:43:36.695271 [debug] [ThreadPool]: Using snowflake connection "list_SPOTIFY_DB"
[0m19:43:36.695430 [debug] [ThreadPool]: On list_SPOTIFY_DB: show terse schemas in database SPOTIFY_DB
    limit 10000
/* {"app": "dbt", "dbt_version": "1.11.2", "profile_name": "snowflake_spotify_project", "target_name": "dev", "connection_name": "list_SPOTIFY_DB"} */
[0m19:43:36.695519 [debug] [ThreadPool]: Opening a new connection, currently in state init
[0m19:43:38.466989 [debug] [ThreadPool]: SQL status: SUCCESS 6 in 1.771 seconds
[0m19:43:38.470075 [debug] [ThreadPool]: Re-using an available connection from the pool (formerly list_SPOTIFY_DB, now list_SPOTIFY_DB_bronze)
[0m19:43:38.480411 [debug] [ThreadPool]: Using snowflake connection "list_SPOTIFY_DB_bronze"
[0m19:43:38.480672 [debug] [ThreadPool]: On list_SPOTIFY_DB_bronze: show objects in SPOTIFY_DB.bronze
    limit 10000
    

/* {"app": "dbt", "dbt_version": "1.11.2", "profile_name": "snowflake_spotify_project", "target_name": "dev", "connection_name": "list_SPOTIFY_DB_bronze"} */;
[0m19:43:38.604784 [debug] [ThreadPool]: SQL status: SUCCESS 3 in 0.124 seconds
[0m19:43:38.609253 [debug] [ThreadPool]: Re-using an available connection from the pool (formerly list_SPOTIFY_DB_bronze, now list_SPOTIFY_DB_gold)
[0m19:43:38.612974 [debug] [ThreadPool]: Using snowflake connection "list_SPOTIFY_DB_gold"
[0m19:43:38.613287 [debug] [ThreadPool]: On list_SPOTIFY_DB_gold: show objects in SPOTIFY_DB.gold
    limit 10000
    

/* {"app": "dbt", "dbt_version": "1.11.2", "profile_name": "snowflake_spotify_project", "target_name": "dev", "connection_name": "list_SPOTIFY_DB_gold"} */;
[0m19:43:38.741125 [debug] [ThreadPool]: SQL status: SUCCESS 0 in 0.127 seconds
[0m19:43:38.743911 [debug] [ThreadPool]: Re-using an available connection from the pool (formerly list_SPOTIFY_DB_gold, now list_SPOTIFY_DB_silver)
[0m19:43:38.747088 [debug] [ThreadPool]: Using snowflake connection "list_SPOTIFY_DB_silver"
[0m19:43:38.747419 [debug] [ThreadPool]: On list_SPOTIFY_DB_silver: show objects in SPOTIFY_DB.silver
    limit 10000
    

/* {"app": "dbt", "dbt_version": "1.11.2", "profile_name": "snowflake_spotify_project", "target_name": "dev", "connection_name": "list_SPOTIFY_DB_silver"} */;
[0m19:43:38.873426 [debug] [ThreadPool]: SQL status: SUCCESS 2 in 0.126 seconds
[0m19:43:38.877010 [debug] [MainThread]: Sending event: {'category': 'dbt', 'action': 'runnable_timing', 'label': 'a1ef44a5-136b-4dbc-9390-056e97a16d67', 'context': [<snowplow_tracker.self_describing_json.SelfDescribingJson object at 0x1119dc3d0>]}
[0m19:43:38.882361 [debug] [Thread-2 (]: Began running node model.snowflake_spotify_project.silver_bookings
[0m19:43:38.882893 [info ] [Thread-2 (]: 1 of 3 START sql incremental model silver.silver_bookings ...................... [RUN]
[0m19:43:38.883294 [debug] [Thread-2 (]: Re-using an available connection from the pool (formerly list_SPOTIFY_DB_silver, now model.snowflake_spotify_project.silver_bookings)
[0m19:43:38.883564 [debug] [Thread-2 (]: Began compiling node model.snowflake_spotify_project.silver_bookings
[0m19:43:38.891930 [debug] [Thread-2 (]: Writing injected SQL for node "model.snowflake_spotify_project.silver_bookings"
[0m19:43:38.892947 [debug] [Thread-2 (]: Began executing node model.snowflake_spotify_project.silver_bookings
[0m19:43:38.926321 [debug] [Thread-2 (]: Using snowflake connection "model.snowflake_spotify_project.silver_bookings"
[0m19:43:38.926560 [debug] [Thread-2 (]: On model.snowflake_spotify_project.silver_bookings: create or replace  temporary view SPOTIFY_DB.silver.silver_bookings__dbt_tmp
  
  
  
  
  as (
    


select 
    booking_id,
    listing_id,
    booking_date,
    
    ROUND(booking_amount * nights_booked, 2)
 as total_amount,
    service_fee,
    cleaning_fee,
    booking_status,
    created_at as booking_created_at 
from 
    SPOTIFY_DB.bronze.bronze_bookings
  )
/* {"app": "dbt", "dbt_version": "1.11.2", "profile_name": "snowflake_spotify_project", "target_name": "dev", "node_id": "model.snowflake_spotify_project.silver_bookings"} */;
[0m19:43:39.146147 [debug] [Thread-2 (]: SQL status: SUCCESS 1 in 0.219 seconds
[0m19:43:39.151947 [debug] [Thread-2 (]: Using snowflake connection "model.snowflake_spotify_project.silver_bookings"
[0m19:43:39.152226 [debug] [Thread-2 (]: On model.snowflake_spotify_project.silver_bookings: describe table SPOTIFY_DB.silver.silver_bookings__dbt_tmp
/* {"app": "dbt", "dbt_version": "1.11.2", "profile_name": "snowflake_spotify_project", "target_name": "dev", "node_id": "model.snowflake_spotify_project.silver_bookings"} */
[0m19:43:39.266761 [debug] [Thread-2 (]: SQL status: SUCCESS 8 in 0.114 seconds
[0m19:43:39.278126 [debug] [Thread-2 (]: Using snowflake connection "model.snowflake_spotify_project.silver_bookings"
[0m19:43:39.278679 [debug] [Thread-2 (]: On model.snowflake_spotify_project.silver_bookings: describe table SPOTIFY_DB.silver.silver_bookings
/* {"app": "dbt", "dbt_version": "1.11.2", "profile_name": "snowflake_spotify_project", "target_name": "dev", "node_id": "model.snowflake_spotify_project.silver_bookings"} */
[0m19:43:39.413982 [debug] [Thread-2 (]: SQL status: SUCCESS 8 in 0.135 seconds
[0m19:43:39.422883 [debug] [Thread-2 (]: Using snowflake connection "model.snowflake_spotify_project.silver_bookings"
[0m19:43:39.423313 [debug] [Thread-2 (]: On model.snowflake_spotify_project.silver_bookings: describe table "SPOTIFY_DB"."SILVER"."SILVER_BOOKINGS"
/* {"app": "dbt", "dbt_version": "1.11.2", "profile_name": "snowflake_spotify_project", "target_name": "dev", "node_id": "model.snowflake_spotify_project.silver_bookings"} */
[0m19:43:39.531038 [debug] [Thread-2 (]: SQL status: SUCCESS 8 in 0.107 seconds
[0m19:43:39.562593 [debug] [Thread-2 (]: Writing runtime sql for node "model.snowflake_spotify_project.silver_bookings"
[0m19:43:39.566081 [debug] [Thread-2 (]: Using snowflake connection "model.snowflake_spotify_project.silver_bookings"
[0m19:43:39.566305 [debug] [Thread-2 (]: On model.snowflake_spotify_project.silver_bookings: -- back compat for old kwarg name
  
  begin
/* {"app": "dbt", "dbt_version": "1.11.2", "profile_name": "snowflake_spotify_project", "target_name": "dev", "node_id": "model.snowflake_spotify_project.silver_bookings"} */;
[0m19:43:39.709115 [debug] [Thread-2 (]: SQL status: SUCCESS 1 in 0.142 seconds
[0m19:43:39.709991 [debug] [Thread-2 (]: Using snowflake connection "model.snowflake_spotify_project.silver_bookings"
[0m19:43:39.710430 [debug] [Thread-2 (]: On model.snowflake_spotify_project.silver_bookings: merge into SPOTIFY_DB.silver.silver_bookings as DBT_INTERNAL_DEST
        using SPOTIFY_DB.silver.silver_bookings__dbt_tmp as DBT_INTERNAL_SOURCE
        on ((DBT_INTERNAL_SOURCE.booking_id = DBT_INTERNAL_DEST.booking_id))

    
    when matched then update set
        "BOOKING_ID" = DBT_INTERNAL_SOURCE."BOOKING_ID","LISTING_ID" = DBT_INTERNAL_SOURCE."LISTING_ID","BOOKING_DATE" = DBT_INTERNAL_SOURCE."BOOKING_DATE","TOTAL_AMOUNT" = DBT_INTERNAL_SOURCE."TOTAL_AMOUNT","SERVICE_FEE" = DBT_INTERNAL_SOURCE."SERVICE_FEE","CLEANING_FEE" = DBT_INTERNAL_SOURCE."CLEANING_FEE","BOOKING_STATUS" = DBT_INTERNAL_SOURCE."BOOKING_STATUS","BOOKING_CREATED_AT" = DBT_INTERNAL_SOURCE."BOOKING_CREATED_AT"
    

    when not matched then insert
        ("BOOKING_ID", "LISTING_ID", "BOOKING_DATE", "TOTAL_AMOUNT", "SERVICE_FEE", "CLEANING_FEE", "BOOKING_STATUS", "BOOKING_CREATED_AT")
    values
        ("BOOKING_ID", "LISTING_ID", "BOOKING_DATE", "TOTAL_AMOUNT", "SERVICE_FEE", "CLEANING_FEE", "BOOKING_STATUS", "BOOKING_CREATED_AT")


/* {"app": "dbt", "dbt_version": "1.11.2", "profile_name": "snowflake_spotify_project", "target_name": "dev", "node_id": "model.snowflake_spotify_project.silver_bookings"} */;
[0m19:43:40.275493 [debug] [Thread-2 (]: Snowflake adapter: Snowflake query id: 01c1fb3f-3203-ad43-0000-0007183a363d
[0m19:43:40.276089 [debug] [Thread-2 (]: Snowflake adapter: Snowflake error: 100090 (42P18): Duplicate row detected during DML action
Row Values: [redacted]
[0m19:43:40.279557 [debug] [Thread-2 (]: Database Error in model silver_bookings (models/silver/silver_bookings.sql)
  100090 (42P18): Duplicate row detected during DML action
  Row Values: [redacted]
  compiled code at target/run/snowflake_spotify_project/models/silver/silver_bookings.sql
[0m19:43:40.281574 [debug] [Thread-2 (]: Sending event: {'category': 'dbt', 'action': 'run_model', 'label': 'a1ef44a5-136b-4dbc-9390-056e97a16d67', 'context': [<snowplow_tracker.self_describing_json.SelfDescribingJson object at 0x1143315d0>]}
[0m19:43:40.282202 [error] [Thread-2 (]: 1 of 3 ERROR creating sql incremental model silver.silver_bookings ............. [[31mERROR[0m in 1.40s]
[0m19:43:40.282636 [debug] [Thread-2 (]: Finished running node model.snowflake_spotify_project.silver_bookings
[0m19:43:40.282929 [debug] [Thread-2 (]: Began running node model.snowflake_spotify_project.silver_hosts
[0m19:43:40.283277 [debug] [Thread-5 (]: Marking all children of 'model.snowflake_spotify_project.silver_bookings' to be skipped because of status 'error'.  Reason: Database Error in model silver_bookings (models/silver/silver_bookings.sql)
  100090 (42P18): Duplicate row detected during DML action
  Row Values: [redacted]
  compiled code at target/run/snowflake_spotify_project/models/silver/silver_bookings.sql.
[0m19:43:40.283663 [info ] [Thread-2 (]: 2 of 3 START sql incremental model silver.silver_hosts ......................... [RUN]
[0m19:43:40.284600 [debug] [Thread-2 (]: Re-using an available connection from the pool (formerly model.snowflake_spotify_project.silver_bookings, now model.snowflake_spotify_project.silver_hosts)
[0m19:43:40.284869 [debug] [Thread-2 (]: Began compiling node model.snowflake_spotify_project.silver_hosts
[0m19:43:40.290317 [debug] [Thread-2 (]: Writing injected SQL for node "model.snowflake_spotify_project.silver_hosts"
[0m19:43:40.290995 [debug] [Thread-2 (]: Began executing node model.snowflake_spotify_project.silver_hosts
[0m19:43:40.293952 [debug] [Thread-2 (]: Using snowflake connection "model.snowflake_spotify_project.silver_hosts"
[0m19:43:40.294252 [debug] [Thread-2 (]: On model.snowflake_spotify_project.silver_hosts: create or replace  temporary view SPOTIFY_DB.silver.silver_hosts__dbt_tmp
  
  
  
  
  as (
    


select 
    host_id,
    
    UPPER(host_name)
   as host_name,
    host_since,
    is_superhost,
    response_rate,
    
    case 
        when response_rate > 95 then 'Very Good'
        when response_rate > 80 then 'Good'
        when response_rate > 60 then 'Average'
        else 'Poor'
    end
 as response_rate_category,
    created_at as host_created_at
from
    SPOTIFY_DB.bronze.bronze_hosts
  )
/* {"app": "dbt", "dbt_version": "1.11.2", "profile_name": "snowflake_spotify_project", "target_name": "dev", "node_id": "model.snowflake_spotify_project.silver_hosts"} */;
[0m19:43:40.680361 [debug] [Thread-2 (]: SQL status: SUCCESS 1 in 0.386 seconds
[0m19:43:40.685624 [debug] [Thread-2 (]: Using snowflake connection "model.snowflake_spotify_project.silver_hosts"
[0m19:43:40.686182 [debug] [Thread-2 (]: On model.snowflake_spotify_project.silver_hosts: describe table SPOTIFY_DB.silver.silver_hosts__dbt_tmp
/* {"app": "dbt", "dbt_version": "1.11.2", "profile_name": "snowflake_spotify_project", "target_name": "dev", "node_id": "model.snowflake_spotify_project.silver_hosts"} */
[0m19:43:40.810924 [debug] [Thread-2 (]: SQL status: SUCCESS 7 in 0.124 seconds
[0m19:43:40.815820 [debug] [Thread-2 (]: Using snowflake connection "model.snowflake_spotify_project.silver_hosts"
[0m19:43:40.816240 [debug] [Thread-2 (]: On model.snowflake_spotify_project.silver_hosts: describe table SPOTIFY_DB.silver.silver_hosts
/* {"app": "dbt", "dbt_version": "1.11.2", "profile_name": "snowflake_spotify_project", "target_name": "dev", "node_id": "model.snowflake_spotify_project.silver_hosts"} */
[0m19:43:40.976238 [debug] [Thread-2 (]: SQL status: SUCCESS 7 in 0.159 seconds
[0m19:43:40.984237 [debug] [Thread-2 (]: Using snowflake connection "model.snowflake_spotify_project.silver_hosts"
[0m19:43:40.984659 [debug] [Thread-2 (]: On model.snowflake_spotify_project.silver_hosts: describe table "SPOTIFY_DB"."SILVER"."SILVER_HOSTS"
/* {"app": "dbt", "dbt_version": "1.11.2", "profile_name": "snowflake_spotify_project", "target_name": "dev", "node_id": "model.snowflake_spotify_project.silver_hosts"} */
[0m19:43:41.092443 [debug] [Thread-2 (]: SQL status: SUCCESS 7 in 0.107 seconds
[0m19:43:41.097328 [debug] [Thread-2 (]: Writing runtime sql for node "model.snowflake_spotify_project.silver_hosts"
[0m19:43:41.098894 [debug] [Thread-2 (]: Using snowflake connection "model.snowflake_spotify_project.silver_hosts"
[0m19:43:41.099175 [debug] [Thread-2 (]: On model.snowflake_spotify_project.silver_hosts: -- back compat for old kwarg name
  
  begin
/* {"app": "dbt", "dbt_version": "1.11.2", "profile_name": "snowflake_spotify_project", "target_name": "dev", "node_id": "model.snowflake_spotify_project.silver_hosts"} */;
[0m19:43:41.243607 [debug] [Thread-2 (]: SQL status: SUCCESS 1 in 0.144 seconds
[0m19:43:41.244804 [debug] [Thread-2 (]: Using snowflake connection "model.snowflake_spotify_project.silver_hosts"
[0m19:43:41.245378 [debug] [Thread-2 (]: On model.snowflake_spotify_project.silver_hosts: merge into SPOTIFY_DB.silver.silver_hosts as DBT_INTERNAL_DEST
        using SPOTIFY_DB.silver.silver_hosts__dbt_tmp as DBT_INTERNAL_SOURCE
        on ((DBT_INTERNAL_SOURCE.host_id = DBT_INTERNAL_DEST.host_id))

    
    when matched then update set
        "HOST_ID" = DBT_INTERNAL_SOURCE."HOST_ID","HOST_NAME" = DBT_INTERNAL_SOURCE."HOST_NAME","HOST_SINCE" = DBT_INTERNAL_SOURCE."HOST_SINCE","IS_SUPERHOST" = DBT_INTERNAL_SOURCE."IS_SUPERHOST","RESPONSE_RATE" = DBT_INTERNAL_SOURCE."RESPONSE_RATE","RESPONSE_RATE_CATEGORY" = DBT_INTERNAL_SOURCE."RESPONSE_RATE_CATEGORY","HOST_CREATED_AT" = DBT_INTERNAL_SOURCE."HOST_CREATED_AT"
    

    when not matched then insert
        ("HOST_ID", "HOST_NAME", "HOST_SINCE", "IS_SUPERHOST", "RESPONSE_RATE", "RESPONSE_RATE_CATEGORY", "HOST_CREATED_AT")
    values
        ("HOST_ID", "HOST_NAME", "HOST_SINCE", "IS_SUPERHOST", "RESPONSE_RATE", "RESPONSE_RATE_CATEGORY", "HOST_CREATED_AT")


/* {"app": "dbt", "dbt_version": "1.11.2", "profile_name": "snowflake_spotify_project", "target_name": "dev", "node_id": "model.snowflake_spotify_project.silver_hosts"} */;
[0m19:43:41.704707 [debug] [Thread-2 (]: Snowflake adapter: Snowflake query id: 01c1fb3f-3203-ad43-0000-0007183a3649
[0m19:43:41.705655 [debug] [Thread-2 (]: Snowflake adapter: Snowflake error: 100090 (42P18): Duplicate row detected during DML action
Row Values: [redacted]
[0m19:43:41.709818 [debug] [Thread-2 (]: Database Error in model silver_hosts (models/silver/silver_hosts.sql)
  100090 (42P18): Duplicate row detected during DML action
  Row Values: [redacted]
  compiled code at target/run/snowflake_spotify_project/models/silver/silver_hosts.sql
[0m19:43:41.710396 [debug] [Thread-2 (]: Sending event: {'category': 'dbt', 'action': 'run_model', 'label': 'a1ef44a5-136b-4dbc-9390-056e97a16d67', 'context': [<snowplow_tracker.self_describing_json.SelfDescribingJson object at 0x114c7fe50>]}
[0m19:43:41.711107 [error] [Thread-2 (]: 2 of 3 ERROR creating sql incremental model silver.silver_hosts ................ [[31mERROR[0m in 1.43s]
[0m19:43:41.711604 [debug] [Thread-2 (]: Finished running node model.snowflake_spotify_project.silver_hosts
[0m19:43:41.711924 [debug] [Thread-2 (]: Began running node model.snowflake_spotify_project.silver_listings
[0m19:43:41.712305 [debug] [Thread-5 (]: Marking all children of 'model.snowflake_spotify_project.silver_hosts' to be skipped because of status 'error'.  Reason: Database Error in model silver_hosts (models/silver/silver_hosts.sql)
  100090 (42P18): Duplicate row detected during DML action
  Row Values: [redacted]
  compiled code at target/run/snowflake_spotify_project/models/silver/silver_hosts.sql.
[0m19:43:41.712694 [info ] [Thread-2 (]: 3 of 3 START sql incremental model silver.silver_listings ...................... [RUN]
[0m19:43:41.713255 [debug] [Thread-2 (]: Re-using an available connection from the pool (formerly model.snowflake_spotify_project.silver_hosts, now model.snowflake_spotify_project.silver_listings)
[0m19:43:41.713534 [debug] [Thread-2 (]: Began compiling node model.snowflake_spotify_project.silver_listings
[0m19:43:41.718837 [debug] [Thread-2 (]: Writing injected SQL for node "model.snowflake_spotify_project.silver_listings"
[0m19:43:41.719463 [debug] [Thread-2 (]: Began executing node model.snowflake_spotify_project.silver_listings
[0m19:43:41.734669 [debug] [Thread-2 (]: Writing runtime sql for node "model.snowflake_spotify_project.silver_listings"
[0m19:43:41.735782 [debug] [Thread-2 (]: Using snowflake connection "model.snowflake_spotify_project.silver_listings"
[0m19:43:41.736035 [debug] [Thread-2 (]: On model.snowflake_spotify_project.silver_listings: create or replace transient table SPOTIFY_DB.silver.silver_listings
    
    
    
    as (


select 
    listing_id,
    
    UPPER(property_type)
   as property_type,
    
    UPPER(room_type)
   as room_type,
    
    UPPER(city)
   as city,
    
    UPPER(country)
   as country,
    accommodates,
    bathrooms,
    bedrooms,
    price_per_night,
    
    case 
        when price_per_night < 100 then 'low'
        when price_per_night < 200 then 'medium'
        else 'high'
    end
 as price_per_night_tag,
    created_at as listing_created_at
from 
    SPOTIFY_DB.bronze.bronze_listings
    )

/* {"app": "dbt", "dbt_version": "1.11.2", "profile_name": "snowflake_spotify_project", "target_name": "dev", "node_id": "model.snowflake_spotify_project.silver_listings"} */;
[0m19:43:42.479046 [debug] [Thread-2 (]: SQL status: SUCCESS 1 in 0.742 seconds
[0m19:43:42.488816 [debug] [Thread-2 (]: Applying DROP to: SPOTIFY_DB.silver.silver_listings__dbt_tmp
[0m19:43:42.493854 [debug] [Thread-2 (]: Using snowflake connection "model.snowflake_spotify_project.silver_listings"
[0m19:43:42.494167 [debug] [Thread-2 (]: On model.snowflake_spotify_project.silver_listings: drop view if exists SPOTIFY_DB.silver.silver_listings__dbt_tmp cascade
/* {"app": "dbt", "dbt_version": "1.11.2", "profile_name": "snowflake_spotify_project", "target_name": "dev", "node_id": "model.snowflake_spotify_project.silver_listings"} */
[0m19:43:42.609478 [debug] [Thread-2 (]: SQL status: SUCCESS 1 in 0.115 seconds
[0m19:43:42.626550 [debug] [Thread-2 (]: Sending event: {'category': 'dbt', 'action': 'run_model', 'label': 'a1ef44a5-136b-4dbc-9390-056e97a16d67', 'context': [<snowplow_tracker.self_describing_json.SelfDescribingJson object at 0x113f81850>]}
[0m19:43:42.627205 [info ] [Thread-2 (]: 3 of 3 OK created sql incremental model silver.silver_listings ................. [[32mSUCCESS 1[0m in 0.91s]
[0m19:43:42.627672 [debug] [Thread-2 (]: Finished running node model.snowflake_spotify_project.silver_listings
[0m19:43:42.628693 [debug] [MainThread]: Connection 'master' was properly closed.
[0m19:43:42.628948 [debug] [MainThread]: Connection 'model.snowflake_spotify_project.silver_listings' was left open.
[0m19:43:42.629161 [debug] [MainThread]: On model.snowflake_spotify_project.silver_listings: Close
[0m19:43:42.831989 [info ] [MainThread]: 
[0m19:43:42.832531 [info ] [MainThread]: Finished running 3 incremental models in 0 hours 0 minutes and 6.16 seconds (6.16s).
[0m19:43:42.833335 [debug] [MainThread]: Command end result
[0m19:43:42.851855 [debug] [MainThread]: Wrote artifact WritableManifest to /Users/faizaan/Desktop/dbt_spotify_prj/snowflake_spotify_project/target/manifest.json
[0m19:43:42.852982 [debug] [MainThread]: Wrote artifact SemanticManifest to /Users/faizaan/Desktop/dbt_spotify_prj/snowflake_spotify_project/target/semantic_manifest.json
[0m19:43:42.856164 [debug] [MainThread]: Wrote artifact RunExecutionResult to /Users/faizaan/Desktop/dbt_spotify_prj/snowflake_spotify_project/target/run_results.json
[0m19:43:42.856362 [info ] [MainThread]: 
[0m19:43:42.856561 [info ] [MainThread]: [31mCompleted with 2 errors, 0 partial successes, and 0 warnings:[0m
[0m19:43:42.856709 [info ] [MainThread]: 
[0m19:43:42.856882 [error] [MainThread]: [31mFailure in model silver_bookings (models/silver/silver_bookings.sql)[0m
[0m19:43:42.857045 [error] [MainThread]:   Database Error in model silver_bookings (models/silver/silver_bookings.sql)
  100090 (42P18): Duplicate row detected during DML action
  Row Values: [redacted]
  compiled code at target/run/snowflake_spotify_project/models/silver/silver_bookings.sql
[0m19:43:42.857172 [info ] [MainThread]: 
[0m19:43:42.857316 [info ] [MainThread]:   compiled code at target/compiled/snowflake_spotify_project/models/silver/silver_bookings.sql
[0m19:43:42.857439 [info ] [MainThread]: 
[0m19:43:42.857583 [error] [MainThread]: [31mFailure in model silver_hosts (models/silver/silver_hosts.sql)[0m
[0m19:43:42.857732 [error] [MainThread]:   Database Error in model silver_hosts (models/silver/silver_hosts.sql)
  100090 (42P18): Duplicate row detected during DML action
  Row Values: [redacted]
  compiled code at target/run/snowflake_spotify_project/models/silver/silver_hosts.sql
[0m19:43:42.857850 [info ] [MainThread]: 
[0m19:43:42.857986 [info ] [MainThread]:   compiled code at target/compiled/snowflake_spotify_project/models/silver/silver_hosts.sql
[0m19:43:42.858101 [info ] [MainThread]: 
[0m19:43:42.858233 [info ] [MainThread]: Done. PASS=1 WARN=0 ERROR=2 SKIP=0 NO-OP=0 TOTAL=3
[0m19:43:42.860317 [debug] [MainThread]: Resource report: {"command_name": "run", "command_success": false, "command_wall_clock_time": 6.5522046, "process_in_blocks": "0", "process_kernel_time": 0.184516, "process_mem_max_rss": "167608320", "process_out_blocks": "0", "process_user_time": 1.04067}
[0m19:43:42.860559 [debug] [MainThread]: Command `dbt run` failed at 19:43:42.860511 after 6.55 seconds
[0m19:43:42.860756 [debug] [MainThread]: Sending event: {'category': 'dbt', 'action': 'invocation', 'label': 'end', 'context': [<snowplow_tracker.self_describing_json.SelfDescribingJson object at 0x10496fa50>, <snowplow_tracker.self_describing_json.SelfDescribingJson object at 0x102bf8c10>, <snowplow_tracker.self_describing_json.SelfDescribingJson object at 0x111a4f490>]}
[0m19:43:42.860923 [debug] [MainThread]: Flushing usage events
[0m19:43:43.204377 [debug] [MainThread]: An error was encountered while trying to flush usage events
[0m19:44:01.181309 [debug] [MainThread]: Sending event: {'category': 'dbt', 'action': 'invocation', 'label': 'start', 'context': [<snowplow_tracker.self_describing_json.SelfDescribingJson object at 0x106ad2c50>, <snowplow_tracker.self_describing_json.SelfDescribingJson object at 0x106b5ec50>, <snowplow_tracker.self_describing_json.SelfDescribingJson object at 0x106b5f750>]}


============================== 19:44:01.182609 | 8c8dc94d-3cb9-4cc3-8e8f-afa46d2d4a7b ==============================
[0m19:44:01.182609 [info ] [MainThread]: Running with dbt=1.11.2
[0m19:44:01.182828 [debug] [MainThread]: running dbt with arguments {'empty': 'False', 'target_path': 'None', 'send_anonymous_usage_stats': 'True', 'cache_selected_only': 'False', 'debug': 'False', 'quiet': 'False', 'static_parser': 'True', 'use_colors': 'True', 'profiles_dir': '/Users/faizaan/Desktop/dbt_spotify_prj/snowflake_spotify_project', 'printer_width': '80', 'indirect_selection': 'eager', 'partial_parse': 'True', 'no_print': 'None', 'warn_error': 'None', 'log_format': 'default', 'warn_error_options': 'WarnErrorOptionsV2(error=[], warn=[], silence=[])', 'fail_fast': 'False', 'log_path': '/Users/faizaan/Desktop/dbt_spotify_prj/snowflake_spotify_project/logs', 'introspect': 'True', 'use_experimental_parser': 'False', 'log_cache_events': 'False', 'version_check': 'True', 'invocation_command': 'dbt run --select models/silver', 'write_json': 'True'}
[0m19:44:01.277201 [debug] [MainThread]: Snowflake adapter: Setting snowflake.connector to ERROR (file logging only)
[0m19:44:01.277423 [debug] [MainThread]: Snowflake adapter: Setting botocore to ERROR (file logging only)
[0m19:44:01.277536 [debug] [MainThread]: Snowflake adapter: Setting boto3 to ERROR (file logging only)
[0m19:44:01.327337 [debug] [MainThread]: Sending event: {'category': 'dbt', 'action': 'project_id', 'label': '8c8dc94d-3cb9-4cc3-8e8f-afa46d2d4a7b', 'context': [<snowplow_tracker.self_describing_json.SelfDescribingJson object at 0x106adff90>]}
[0m19:44:01.343914 [debug] [MainThread]: Sending event: {'category': 'dbt', 'action': 'adapter_info', 'label': '8c8dc94d-3cb9-4cc3-8e8f-afa46d2d4a7b', 'context': [<snowplow_tracker.self_describing_json.SelfDescribingJson object at 0x105cbc090>]}
[0m19:44:01.344343 [info ] [MainThread]: Registered adapter: snowflake=1.11.1
[0m19:44:01.389317 [debug] [MainThread]: checksum: 3d40d8bbe1bef07db1c24822f2dbfff8bc07f2a48ed4fe2658a40653aec0b54b, vars: {}, profile: , target: , version: 1.11.2
[0m19:44:01.435077 [debug] [MainThread]: Partial parsing enabled: 0 files deleted, 0 files added, 0 files changed.
[0m19:44:01.435210 [debug] [MainThread]: Nothing changed, skipping partial parsing.
[0m19:44:01.435295 [debug] [MainThread]: Partial parsing enabled, no changes found, skipping parsing
[0m19:44:01.448496 [debug] [MainThread]: Sending event: {'category': 'dbt', 'action': 'load_project', 'label': '8c8dc94d-3cb9-4cc3-8e8f-afa46d2d4a7b', 'context': [<snowplow_tracker.self_describing_json.SelfDescribingJson object at 0x107bf4490>]}
[0m19:44:01.473581 [debug] [MainThread]: Wrote artifact WritableManifest to /Users/faizaan/Desktop/dbt_spotify_prj/snowflake_spotify_project/target/manifest.json
[0m19:44:01.474377 [debug] [MainThread]: Wrote artifact SemanticManifest to /Users/faizaan/Desktop/dbt_spotify_prj/snowflake_spotify_project/target/semantic_manifest.json
[0m19:44:01.481547 [debug] [MainThread]: Sending event: {'category': 'dbt', 'action': 'resource_counts', 'label': '8c8dc94d-3cb9-4cc3-8e8f-afa46d2d4a7b', 'context': [<snowplow_tracker.self_describing_json.SelfDescribingJson object at 0x107c7b9d0>]}
[0m19:44:01.481714 [info ] [MainThread]: Found 7 models, 1 analysis, 3 sources, 527 macros
[0m19:44:01.481839 [debug] [MainThread]: Sending event: {'category': 'dbt', 'action': 'runnable_timing', 'label': '8c8dc94d-3cb9-4cc3-8e8f-afa46d2d4a7b', 'context': [<snowplow_tracker.self_describing_json.SelfDescribingJson object at 0x10780c2d0>]}
[0m19:44:01.482444 [info ] [MainThread]: 
[0m19:44:01.482558 [info ] [MainThread]: Concurrency: 1 threads (target='dev')
[0m19:44:01.482646 [info ] [MainThread]: 
[0m19:44:01.482807 [debug] [MainThread]: Acquiring new snowflake connection 'master'
[0m19:44:01.484144 [debug] [ThreadPool]: Acquiring new snowflake connection 'list_SPOTIFY_DB'
[0m19:44:01.503329 [debug] [ThreadPool]: Using snowflake connection "list_SPOTIFY_DB"
[0m19:44:01.503476 [debug] [ThreadPool]: On list_SPOTIFY_DB: show terse schemas in database SPOTIFY_DB
    limit 10000
/* {"app": "dbt", "dbt_version": "1.11.2", "profile_name": "snowflake_spotify_project", "target_name": "dev", "connection_name": "list_SPOTIFY_DB"} */
[0m19:44:01.503566 [debug] [ThreadPool]: Opening a new connection, currently in state init
[0m19:44:02.721286 [debug] [ThreadPool]: SQL status: SUCCESS 6 in 1.217 seconds
[0m19:44:02.725272 [debug] [ThreadPool]: Re-using an available connection from the pool (formerly list_SPOTIFY_DB, now list_SPOTIFY_DB_silver)
[0m19:44:02.736202 [debug] [ThreadPool]: Using snowflake connection "list_SPOTIFY_DB_silver"
[0m19:44:02.736474 [debug] [ThreadPool]: On list_SPOTIFY_DB_silver: show objects in SPOTIFY_DB.silver
    limit 10000
    

/* {"app": "dbt", "dbt_version": "1.11.2", "profile_name": "snowflake_spotify_project", "target_name": "dev", "connection_name": "list_SPOTIFY_DB_silver"} */;
[0m19:44:02.878977 [debug] [ThreadPool]: SQL status: SUCCESS 3 in 0.142 seconds
[0m19:44:02.882345 [debug] [ThreadPool]: Re-using an available connection from the pool (formerly list_SPOTIFY_DB_silver, now list_SPOTIFY_DB_bronze)
[0m19:44:02.886128 [debug] [ThreadPool]: Using snowflake connection "list_SPOTIFY_DB_bronze"
[0m19:44:02.886439 [debug] [ThreadPool]: On list_SPOTIFY_DB_bronze: show objects in SPOTIFY_DB.bronze
    limit 10000
    

/* {"app": "dbt", "dbt_version": "1.11.2", "profile_name": "snowflake_spotify_project", "target_name": "dev", "connection_name": "list_SPOTIFY_DB_bronze"} */;
[0m19:44:03.060131 [debug] [ThreadPool]: SQL status: SUCCESS 3 in 0.173 seconds
[0m19:44:03.062264 [debug] [ThreadPool]: Re-using an available connection from the pool (formerly list_SPOTIFY_DB_bronze, now list_SPOTIFY_DB_gold)
[0m19:44:03.065393 [debug] [ThreadPool]: Using snowflake connection "list_SPOTIFY_DB_gold"
[0m19:44:03.065768 [debug] [ThreadPool]: On list_SPOTIFY_DB_gold: show objects in SPOTIFY_DB.gold
    limit 10000
    

/* {"app": "dbt", "dbt_version": "1.11.2", "profile_name": "snowflake_spotify_project", "target_name": "dev", "connection_name": "list_SPOTIFY_DB_gold"} */;
[0m19:44:03.187081 [debug] [ThreadPool]: SQL status: SUCCESS 0 in 0.121 seconds
[0m19:44:03.189987 [debug] [MainThread]: Sending event: {'category': 'dbt', 'action': 'runnable_timing', 'label': '8c8dc94d-3cb9-4cc3-8e8f-afa46d2d4a7b', 'context': [<snowplow_tracker.self_describing_json.SelfDescribingJson object at 0x108acd6d0>]}
[0m19:44:03.193126 [debug] [Thread-2 (]: Began running node model.snowflake_spotify_project.silver_bookings
[0m19:44:03.193692 [info ] [Thread-2 (]: 1 of 3 START sql incremental model silver.silver_bookings ...................... [RUN]
[0m19:44:03.194116 [debug] [Thread-2 (]: Re-using an available connection from the pool (formerly list_SPOTIFY_DB_gold, now model.snowflake_spotify_project.silver_bookings)
[0m19:44:03.194424 [debug] [Thread-2 (]: Began compiling node model.snowflake_spotify_project.silver_bookings
[0m19:44:03.203105 [debug] [Thread-2 (]: Writing injected SQL for node "model.snowflake_spotify_project.silver_bookings"
[0m19:44:03.203876 [debug] [Thread-2 (]: Began executing node model.snowflake_spotify_project.silver_bookings
[0m19:44:03.239096 [debug] [Thread-2 (]: Using snowflake connection "model.snowflake_spotify_project.silver_bookings"
[0m19:44:03.239373 [debug] [Thread-2 (]: On model.snowflake_spotify_project.silver_bookings: create or replace  temporary view SPOTIFY_DB.silver.silver_bookings__dbt_tmp
  
  
  
  
  as (
    


select 
    booking_id,
    listing_id,
    booking_date,
    
    ROUND(booking_amount * nights_booked, 2)
 as total_amount,
    service_fee,
    cleaning_fee,
    booking_status,
    created_at as booking_created_at 
from 
    SPOTIFY_DB.bronze.bronze_bookings
  )
/* {"app": "dbt", "dbt_version": "1.11.2", "profile_name": "snowflake_spotify_project", "target_name": "dev", "node_id": "model.snowflake_spotify_project.silver_bookings"} */;
[0m19:44:03.422218 [debug] [Thread-2 (]: SQL status: SUCCESS 1 in 0.182 seconds
[0m19:44:03.431806 [debug] [Thread-2 (]: Using snowflake connection "model.snowflake_spotify_project.silver_bookings"
[0m19:44:03.432202 [debug] [Thread-2 (]: On model.snowflake_spotify_project.silver_bookings: describe table SPOTIFY_DB.silver.silver_bookings__dbt_tmp
/* {"app": "dbt", "dbt_version": "1.11.2", "profile_name": "snowflake_spotify_project", "target_name": "dev", "node_id": "model.snowflake_spotify_project.silver_bookings"} */
[0m19:44:03.560901 [debug] [Thread-2 (]: SQL status: SUCCESS 8 in 0.128 seconds
[0m19:44:03.566610 [debug] [Thread-2 (]: Using snowflake connection "model.snowflake_spotify_project.silver_bookings"
[0m19:44:03.567082 [debug] [Thread-2 (]: On model.snowflake_spotify_project.silver_bookings: describe table SPOTIFY_DB.silver.silver_bookings
/* {"app": "dbt", "dbt_version": "1.11.2", "profile_name": "snowflake_spotify_project", "target_name": "dev", "node_id": "model.snowflake_spotify_project.silver_bookings"} */
[0m19:44:03.679339 [debug] [Thread-2 (]: SQL status: SUCCESS 8 in 0.112 seconds
[0m19:44:03.685829 [debug] [Thread-2 (]: Using snowflake connection "model.snowflake_spotify_project.silver_bookings"
[0m19:44:03.686112 [debug] [Thread-2 (]: On model.snowflake_spotify_project.silver_bookings: describe table "SPOTIFY_DB"."SILVER"."SILVER_BOOKINGS"
/* {"app": "dbt", "dbt_version": "1.11.2", "profile_name": "snowflake_spotify_project", "target_name": "dev", "node_id": "model.snowflake_spotify_project.silver_bookings"} */
[0m19:44:03.786470 [debug] [Thread-2 (]: SQL status: SUCCESS 8 in 0.100 seconds
[0m19:44:03.816088 [debug] [Thread-2 (]: Writing runtime sql for node "model.snowflake_spotify_project.silver_bookings"
[0m19:44:03.817147 [debug] [Thread-2 (]: Using snowflake connection "model.snowflake_spotify_project.silver_bookings"
[0m19:44:03.817358 [debug] [Thread-2 (]: On model.snowflake_spotify_project.silver_bookings: -- back compat for old kwarg name
  
  begin
/* {"app": "dbt", "dbt_version": "1.11.2", "profile_name": "snowflake_spotify_project", "target_name": "dev", "node_id": "model.snowflake_spotify_project.silver_bookings"} */;
[0m19:44:03.953956 [debug] [Thread-2 (]: SQL status: SUCCESS 1 in 0.136 seconds
[0m19:44:03.955098 [debug] [Thread-2 (]: Using snowflake connection "model.snowflake_spotify_project.silver_bookings"
[0m19:44:03.955797 [debug] [Thread-2 (]: On model.snowflake_spotify_project.silver_bookings: merge into SPOTIFY_DB.silver.silver_bookings as DBT_INTERNAL_DEST
        using SPOTIFY_DB.silver.silver_bookings__dbt_tmp as DBT_INTERNAL_SOURCE
        on ((DBT_INTERNAL_SOURCE.booking_id = DBT_INTERNAL_DEST.booking_id))

    
    when matched then update set
        "BOOKING_ID" = DBT_INTERNAL_SOURCE."BOOKING_ID","LISTING_ID" = DBT_INTERNAL_SOURCE."LISTING_ID","BOOKING_DATE" = DBT_INTERNAL_SOURCE."BOOKING_DATE","TOTAL_AMOUNT" = DBT_INTERNAL_SOURCE."TOTAL_AMOUNT","SERVICE_FEE" = DBT_INTERNAL_SOURCE."SERVICE_FEE","CLEANING_FEE" = DBT_INTERNAL_SOURCE."CLEANING_FEE","BOOKING_STATUS" = DBT_INTERNAL_SOURCE."BOOKING_STATUS","BOOKING_CREATED_AT" = DBT_INTERNAL_SOURCE."BOOKING_CREATED_AT"
    

    when not matched then insert
        ("BOOKING_ID", "LISTING_ID", "BOOKING_DATE", "TOTAL_AMOUNT", "SERVICE_FEE", "CLEANING_FEE", "BOOKING_STATUS", "BOOKING_CREATED_AT")
    values
        ("BOOKING_ID", "LISTING_ID", "BOOKING_DATE", "TOTAL_AMOUNT", "SERVICE_FEE", "CLEANING_FEE", "BOOKING_STATUS", "BOOKING_CREATED_AT")


/* {"app": "dbt", "dbt_version": "1.11.2", "profile_name": "snowflake_spotify_project", "target_name": "dev", "node_id": "model.snowflake_spotify_project.silver_bookings"} */;
[0m19:44:04.446512 [debug] [Thread-2 (]: Snowflake adapter: Snowflake query id: 01c1fb40-3203-ad43-0000-0007183a3669
[0m19:44:04.447082 [debug] [Thread-2 (]: Snowflake adapter: Snowflake error: 100090 (42P18): Duplicate row detected during DML action
Row Values: [redacted]
[0m19:44:04.450848 [debug] [Thread-2 (]: Database Error in model silver_bookings (models/silver/silver_bookings.sql)
  100090 (42P18): Duplicate row detected during DML action
  Row Values: [redacted]
  compiled code at target/run/snowflake_spotify_project/models/silver/silver_bookings.sql
[0m19:44:04.452660 [debug] [Thread-2 (]: Sending event: {'category': 'dbt', 'action': 'run_model', 'label': '8c8dc94d-3cb9-4cc3-8e8f-afa46d2d4a7b', 'context': [<snowplow_tracker.self_describing_json.SelfDescribingJson object at 0x107b84c10>]}
[0m19:44:04.453297 [error] [Thread-2 (]: 1 of 3 ERROR creating sql incremental model silver.silver_bookings ............. [[31mERROR[0m in 1.26s]
[0m19:44:04.453757 [debug] [Thread-2 (]: Finished running node model.snowflake_spotify_project.silver_bookings
[0m19:44:04.454068 [debug] [Thread-2 (]: Began running node model.snowflake_spotify_project.silver_hosts
[0m19:44:04.454413 [debug] [Thread-5 (]: Marking all children of 'model.snowflake_spotify_project.silver_bookings' to be skipped because of status 'error'.  Reason: Database Error in model silver_bookings (models/silver/silver_bookings.sql)
  100090 (42P18): Duplicate row detected during DML action
  Row Values: [redacted]
  compiled code at target/run/snowflake_spotify_project/models/silver/silver_bookings.sql.
[0m19:44:04.454805 [info ] [Thread-2 (]: 2 of 3 START sql incremental model silver.silver_hosts ......................... [RUN]
[0m19:44:04.455753 [debug] [Thread-2 (]: Re-using an available connection from the pool (formerly model.snowflake_spotify_project.silver_bookings, now model.snowflake_spotify_project.silver_hosts)
[0m19:44:04.456027 [debug] [Thread-2 (]: Began compiling node model.snowflake_spotify_project.silver_hosts
[0m19:44:04.461251 [debug] [Thread-2 (]: Writing injected SQL for node "model.snowflake_spotify_project.silver_hosts"
[0m19:44:04.461802 [debug] [Thread-2 (]: Began executing node model.snowflake_spotify_project.silver_hosts
[0m19:44:04.464668 [debug] [Thread-2 (]: Using snowflake connection "model.snowflake_spotify_project.silver_hosts"
[0m19:44:04.464961 [debug] [Thread-2 (]: On model.snowflake_spotify_project.silver_hosts: create or replace  temporary view SPOTIFY_DB.silver.silver_hosts__dbt_tmp
  
  
  
  
  as (
    


select 
    host_id,
    
    UPPER(host_name)
   as host_name,
    host_since,
    is_superhost,
    response_rate,
    
    case 
        when response_rate > 95 then 'Very Good'
        when response_rate > 80 then 'Good'
        when response_rate > 60 then 'Average'
        else 'Poor'
    end
 as response_rate_category,
    created_at as host_created_at
from
    SPOTIFY_DB.bronze.bronze_hosts
  )
/* {"app": "dbt", "dbt_version": "1.11.2", "profile_name": "snowflake_spotify_project", "target_name": "dev", "node_id": "model.snowflake_spotify_project.silver_hosts"} */;
[0m19:44:04.847232 [debug] [Thread-2 (]: SQL status: SUCCESS 1 in 0.382 seconds
[0m19:44:04.852982 [debug] [Thread-2 (]: Using snowflake connection "model.snowflake_spotify_project.silver_hosts"
[0m19:44:04.853382 [debug] [Thread-2 (]: On model.snowflake_spotify_project.silver_hosts: describe table SPOTIFY_DB.silver.silver_hosts__dbt_tmp
/* {"app": "dbt", "dbt_version": "1.11.2", "profile_name": "snowflake_spotify_project", "target_name": "dev", "node_id": "model.snowflake_spotify_project.silver_hosts"} */
[0m19:44:04.986132 [debug] [Thread-2 (]: SQL status: SUCCESS 7 in 0.132 seconds
[0m19:44:04.993618 [debug] [Thread-2 (]: Using snowflake connection "model.snowflake_spotify_project.silver_hosts"
[0m19:44:04.994140 [debug] [Thread-2 (]: On model.snowflake_spotify_project.silver_hosts: describe table SPOTIFY_DB.silver.silver_hosts
/* {"app": "dbt", "dbt_version": "1.11.2", "profile_name": "snowflake_spotify_project", "target_name": "dev", "node_id": "model.snowflake_spotify_project.silver_hosts"} */
[0m19:44:05.117270 [debug] [Thread-2 (]: SQL status: SUCCESS 7 in 0.123 seconds
[0m19:44:05.123381 [debug] [Thread-2 (]: Using snowflake connection "model.snowflake_spotify_project.silver_hosts"
[0m19:44:05.123743 [debug] [Thread-2 (]: On model.snowflake_spotify_project.silver_hosts: describe table "SPOTIFY_DB"."SILVER"."SILVER_HOSTS"
/* {"app": "dbt", "dbt_version": "1.11.2", "profile_name": "snowflake_spotify_project", "target_name": "dev", "node_id": "model.snowflake_spotify_project.silver_hosts"} */
[0m19:44:05.229695 [debug] [Thread-2 (]: SQL status: SUCCESS 7 in 0.105 seconds
[0m19:44:05.234181 [debug] [Thread-2 (]: Writing runtime sql for node "model.snowflake_spotify_project.silver_hosts"
[0m19:44:05.235614 [debug] [Thread-2 (]: Using snowflake connection "model.snowflake_spotify_project.silver_hosts"
[0m19:44:05.235860 [debug] [Thread-2 (]: On model.snowflake_spotify_project.silver_hosts: -- back compat for old kwarg name
  
  begin
/* {"app": "dbt", "dbt_version": "1.11.2", "profile_name": "snowflake_spotify_project", "target_name": "dev", "node_id": "model.snowflake_spotify_project.silver_hosts"} */;
[0m19:44:05.360790 [debug] [Thread-2 (]: SQL status: SUCCESS 1 in 0.124 seconds
[0m19:44:05.361567 [debug] [Thread-2 (]: Using snowflake connection "model.snowflake_spotify_project.silver_hosts"
[0m19:44:05.361988 [debug] [Thread-2 (]: On model.snowflake_spotify_project.silver_hosts: merge into SPOTIFY_DB.silver.silver_hosts as DBT_INTERNAL_DEST
        using SPOTIFY_DB.silver.silver_hosts__dbt_tmp as DBT_INTERNAL_SOURCE
        on ((DBT_INTERNAL_SOURCE.host_id = DBT_INTERNAL_DEST.host_id))

    
    when matched then update set
        "HOST_ID" = DBT_INTERNAL_SOURCE."HOST_ID","HOST_NAME" = DBT_INTERNAL_SOURCE."HOST_NAME","HOST_SINCE" = DBT_INTERNAL_SOURCE."HOST_SINCE","IS_SUPERHOST" = DBT_INTERNAL_SOURCE."IS_SUPERHOST","RESPONSE_RATE" = DBT_INTERNAL_SOURCE."RESPONSE_RATE","RESPONSE_RATE_CATEGORY" = DBT_INTERNAL_SOURCE."RESPONSE_RATE_CATEGORY","HOST_CREATED_AT" = DBT_INTERNAL_SOURCE."HOST_CREATED_AT"
    

    when not matched then insert
        ("HOST_ID", "HOST_NAME", "HOST_SINCE", "IS_SUPERHOST", "RESPONSE_RATE", "RESPONSE_RATE_CATEGORY", "HOST_CREATED_AT")
    values
        ("HOST_ID", "HOST_NAME", "HOST_SINCE", "IS_SUPERHOST", "RESPONSE_RATE", "RESPONSE_RATE_CATEGORY", "HOST_CREATED_AT")


/* {"app": "dbt", "dbt_version": "1.11.2", "profile_name": "snowflake_spotify_project", "target_name": "dev", "node_id": "model.snowflake_spotify_project.silver_hosts"} */;
[0m19:44:05.870738 [debug] [Thread-2 (]: Snowflake adapter: Snowflake query id: 01c1fb40-3203-abb2-0000-0007183a481d
[0m19:44:05.871759 [debug] [Thread-2 (]: Snowflake adapter: Snowflake error: 100090 (42P18): Duplicate row detected during DML action
Row Values: [redacted]
[0m19:44:05.876585 [debug] [Thread-2 (]: Database Error in model silver_hosts (models/silver/silver_hosts.sql)
  100090 (42P18): Duplicate row detected during DML action
  Row Values: [redacted]
  compiled code at target/run/snowflake_spotify_project/models/silver/silver_hosts.sql
[0m19:44:05.877046 [debug] [Thread-2 (]: Sending event: {'category': 'dbt', 'action': 'run_model', 'label': '8c8dc94d-3cb9-4cc3-8e8f-afa46d2d4a7b', 'context': [<snowplow_tracker.self_describing_json.SelfDescribingJson object at 0x10eaa0d90>]}
[0m19:44:05.877536 [error] [Thread-2 (]: 2 of 3 ERROR creating sql incremental model silver.silver_hosts ................ [[31mERROR[0m in 1.42s]
[0m19:44:05.877930 [debug] [Thread-2 (]: Finished running node model.snowflake_spotify_project.silver_hosts
[0m19:44:05.878197 [debug] [Thread-2 (]: Began running node model.snowflake_spotify_project.silver_listings
[0m19:44:05.878551 [debug] [Thread-5 (]: Marking all children of 'model.snowflake_spotify_project.silver_hosts' to be skipped because of status 'error'.  Reason: Database Error in model silver_hosts (models/silver/silver_hosts.sql)
  100090 (42P18): Duplicate row detected during DML action
  Row Values: [redacted]
  compiled code at target/run/snowflake_spotify_project/models/silver/silver_hosts.sql.
[0m19:44:05.878874 [info ] [Thread-2 (]: 3 of 3 START sql incremental model silver.silver_listings ...................... [RUN]
[0m19:44:05.879337 [debug] [Thread-2 (]: Re-using an available connection from the pool (formerly model.snowflake_spotify_project.silver_hosts, now model.snowflake_spotify_project.silver_listings)
[0m19:44:05.879622 [debug] [Thread-2 (]: Began compiling node model.snowflake_spotify_project.silver_listings
[0m19:44:05.883173 [debug] [Thread-2 (]: Writing injected SQL for node "model.snowflake_spotify_project.silver_listings"
[0m19:44:05.883804 [debug] [Thread-2 (]: Began executing node model.snowflake_spotify_project.silver_listings
[0m19:44:05.886313 [debug] [Thread-2 (]: Using snowflake connection "model.snowflake_spotify_project.silver_listings"
[0m19:44:05.886536 [debug] [Thread-2 (]: On model.snowflake_spotify_project.silver_listings: create or replace  temporary view SPOTIFY_DB.silver.silver_listings__dbt_tmp
  
  
  
  
  as (
    


select 
    listing_id,
    host_id,
    
    UPPER(property_type)
   as property_type,
    
    UPPER(room_type)
   as room_type,
    
    UPPER(city)
   as city,
    
    UPPER(country)
   as country,
    accommodates,
    bathrooms,
    bedrooms,
    price_per_night,
    
    case 
        when price_per_night < 100 then 'low'
        when price_per_night < 200 then 'medium'
        else 'high'
    end
 as price_per_night_tag,
    created_at as listing_created_at
from 
    SPOTIFY_DB.bronze.bronze_listings
  )
/* {"app": "dbt", "dbt_version": "1.11.2", "profile_name": "snowflake_spotify_project", "target_name": "dev", "node_id": "model.snowflake_spotify_project.silver_listings"} */;
[0m19:44:06.177025 [debug] [Thread-2 (]: SQL status: SUCCESS 1 in 0.290 seconds
[0m19:44:06.183933 [debug] [Thread-2 (]: Using snowflake connection "model.snowflake_spotify_project.silver_listings"
[0m19:44:06.184219 [debug] [Thread-2 (]: On model.snowflake_spotify_project.silver_listings: describe table SPOTIFY_DB.silver.silver_listings__dbt_tmp
/* {"app": "dbt", "dbt_version": "1.11.2", "profile_name": "snowflake_spotify_project", "target_name": "dev", "node_id": "model.snowflake_spotify_project.silver_listings"} */
[0m19:44:06.309107 [debug] [Thread-2 (]: SQL status: SUCCESS 12 in 0.124 seconds
[0m19:44:06.316794 [debug] [Thread-2 (]: Using snowflake connection "model.snowflake_spotify_project.silver_listings"
[0m19:44:06.317050 [debug] [Thread-2 (]: On model.snowflake_spotify_project.silver_listings: describe table SPOTIFY_DB.silver.silver_listings
/* {"app": "dbt", "dbt_version": "1.11.2", "profile_name": "snowflake_spotify_project", "target_name": "dev", "node_id": "model.snowflake_spotify_project.silver_listings"} */
[0m19:44:06.447273 [debug] [Thread-2 (]: SQL status: SUCCESS 11 in 0.130 seconds
[0m19:44:06.453022 [debug] [Thread-2 (]: Using snowflake connection "model.snowflake_spotify_project.silver_listings"
[0m19:44:06.453429 [debug] [Thread-2 (]: On model.snowflake_spotify_project.silver_listings: describe table "SPOTIFY_DB"."SILVER"."SILVER_LISTINGS"
/* {"app": "dbt", "dbt_version": "1.11.2", "profile_name": "snowflake_spotify_project", "target_name": "dev", "node_id": "model.snowflake_spotify_project.silver_listings"} */
[0m19:44:06.571795 [debug] [Thread-2 (]: SQL status: SUCCESS 11 in 0.118 seconds
[0m19:44:06.579429 [debug] [Thread-2 (]: Writing runtime sql for node "model.snowflake_spotify_project.silver_listings"
[0m19:44:06.580721 [debug] [Thread-2 (]: Using snowflake connection "model.snowflake_spotify_project.silver_listings"
[0m19:44:06.580968 [debug] [Thread-2 (]: On model.snowflake_spotify_project.silver_listings: -- back compat for old kwarg name
  
  begin
/* {"app": "dbt", "dbt_version": "1.11.2", "profile_name": "snowflake_spotify_project", "target_name": "dev", "node_id": "model.snowflake_spotify_project.silver_listings"} */;
[0m19:44:06.718957 [debug] [Thread-2 (]: SQL status: SUCCESS 1 in 0.137 seconds
[0m19:44:06.720114 [debug] [Thread-2 (]: Using snowflake connection "model.snowflake_spotify_project.silver_listings"
[0m19:44:06.720894 [debug] [Thread-2 (]: On model.snowflake_spotify_project.silver_listings: merge into SPOTIFY_DB.silver.silver_listings as DBT_INTERNAL_DEST
        using SPOTIFY_DB.silver.silver_listings__dbt_tmp as DBT_INTERNAL_SOURCE
        on ((DBT_INTERNAL_SOURCE.listing_id = DBT_INTERNAL_DEST.listing_id))

    
    when matched then update set
        "LISTING_ID" = DBT_INTERNAL_SOURCE."LISTING_ID","PROPERTY_TYPE" = DBT_INTERNAL_SOURCE."PROPERTY_TYPE","ROOM_TYPE" = DBT_INTERNAL_SOURCE."ROOM_TYPE","CITY" = DBT_INTERNAL_SOURCE."CITY","COUNTRY" = DBT_INTERNAL_SOURCE."COUNTRY","ACCOMMODATES" = DBT_INTERNAL_SOURCE."ACCOMMODATES","BATHROOMS" = DBT_INTERNAL_SOURCE."BATHROOMS","BEDROOMS" = DBT_INTERNAL_SOURCE."BEDROOMS","PRICE_PER_NIGHT" = DBT_INTERNAL_SOURCE."PRICE_PER_NIGHT","PRICE_PER_NIGHT_TAG" = DBT_INTERNAL_SOURCE."PRICE_PER_NIGHT_TAG","LISTING_CREATED_AT" = DBT_INTERNAL_SOURCE."LISTING_CREATED_AT"
    

    when not matched then insert
        ("LISTING_ID", "PROPERTY_TYPE", "ROOM_TYPE", "CITY", "COUNTRY", "ACCOMMODATES", "BATHROOMS", "BEDROOMS", "PRICE_PER_NIGHT", "PRICE_PER_NIGHT_TAG", "LISTING_CREATED_AT")
    values
        ("LISTING_ID", "PROPERTY_TYPE", "ROOM_TYPE", "CITY", "COUNTRY", "ACCOMMODATES", "BATHROOMS", "BEDROOMS", "PRICE_PER_NIGHT", "PRICE_PER_NIGHT_TAG", "LISTING_CREATED_AT")


/* {"app": "dbt", "dbt_version": "1.11.2", "profile_name": "snowflake_spotify_project", "target_name": "dev", "node_id": "model.snowflake_spotify_project.silver_listings"} */;
[0m19:44:07.205048 [debug] [Thread-2 (]: Snowflake adapter: Snowflake query id: 01c1fb40-3203-abb2-0000-0007183a4829
[0m19:44:07.206067 [debug] [Thread-2 (]: Snowflake adapter: Snowflake error: 100090 (42P18): Duplicate row detected during DML action
Row Values: [redacted]
[0m19:44:07.209872 [debug] [Thread-2 (]: Database Error in model silver_listings (models/silver/silver_listings.sql)
  100090 (42P18): Duplicate row detected during DML action
  Row Values: [redacted]
  compiled code at target/run/snowflake_spotify_project/models/silver/silver_listings.sql
[0m19:44:07.210482 [debug] [Thread-2 (]: Sending event: {'category': 'dbt', 'action': 'run_model', 'label': '8c8dc94d-3cb9-4cc3-8e8f-afa46d2d4a7b', 'context': [<snowplow_tracker.self_describing_json.SelfDescribingJson object at 0x108bcc4d0>]}
[0m19:44:07.211141 [error] [Thread-2 (]: 3 of 3 ERROR creating sql incremental model silver.silver_listings ............. [[31mERROR[0m in 1.33s]
[0m19:44:07.211636 [debug] [Thread-2 (]: Finished running node model.snowflake_spotify_project.silver_listings
[0m19:44:07.212069 [debug] [Thread-5 (]: Marking all children of 'model.snowflake_spotify_project.silver_listings' to be skipped because of status 'error'.  Reason: Database Error in model silver_listings (models/silver/silver_listings.sql)
  100090 (42P18): Duplicate row detected during DML action
  Row Values: [redacted]
  compiled code at target/run/snowflake_spotify_project/models/silver/silver_listings.sql.
[0m19:44:07.213296 [debug] [MainThread]: Connection 'master' was properly closed.
[0m19:44:07.213548 [debug] [MainThread]: Connection 'model.snowflake_spotify_project.silver_listings' was left open.
[0m19:44:07.213762 [debug] [MainThread]: On model.snowflake_spotify_project.silver_listings: Close
[0m19:44:07.393910 [info ] [MainThread]: 
[0m19:44:07.394656 [info ] [MainThread]: Finished running 3 incremental models in 0 hours 0 minutes and 5.91 seconds (5.91s).
[0m19:44:07.395661 [debug] [MainThread]: Command end result
[0m19:44:07.419115 [debug] [MainThread]: Wrote artifact WritableManifest to /Users/faizaan/Desktop/dbt_spotify_prj/snowflake_spotify_project/target/manifest.json
[0m19:44:07.420647 [debug] [MainThread]: Wrote artifact SemanticManifest to /Users/faizaan/Desktop/dbt_spotify_prj/snowflake_spotify_project/target/semantic_manifest.json
[0m19:44:07.424478 [debug] [MainThread]: Wrote artifact RunExecutionResult to /Users/faizaan/Desktop/dbt_spotify_prj/snowflake_spotify_project/target/run_results.json
[0m19:44:07.424662 [info ] [MainThread]: 
[0m19:44:07.424883 [info ] [MainThread]: [31mCompleted with 3 errors, 0 partial successes, and 0 warnings:[0m
[0m19:44:07.425048 [info ] [MainThread]: 
[0m19:44:07.425261 [error] [MainThread]: [31mFailure in model silver_bookings (models/silver/silver_bookings.sql)[0m
[0m19:44:07.425456 [error] [MainThread]:   Database Error in model silver_bookings (models/silver/silver_bookings.sql)
  100090 (42P18): Duplicate row detected during DML action
  Row Values: [redacted]
  compiled code at target/run/snowflake_spotify_project/models/silver/silver_bookings.sql
[0m19:44:07.425599 [info ] [MainThread]: 
[0m19:44:07.425760 [info ] [MainThread]:   compiled code at target/compiled/snowflake_spotify_project/models/silver/silver_bookings.sql
[0m19:44:07.425914 [info ] [MainThread]: 
[0m19:44:07.426080 [error] [MainThread]: [31mFailure in model silver_hosts (models/silver/silver_hosts.sql)[0m
[0m19:44:07.426244 [error] [MainThread]:   Database Error in model silver_hosts (models/silver/silver_hosts.sql)
  100090 (42P18): Duplicate row detected during DML action
  Row Values: [redacted]
  compiled code at target/run/snowflake_spotify_project/models/silver/silver_hosts.sql
[0m19:44:07.426377 [info ] [MainThread]: 
[0m19:44:07.426531 [info ] [MainThread]:   compiled code at target/compiled/snowflake_spotify_project/models/silver/silver_hosts.sql
[0m19:44:07.426661 [info ] [MainThread]: 
[0m19:44:07.426825 [error] [MainThread]: [31mFailure in model silver_listings (models/silver/silver_listings.sql)[0m
[0m19:44:07.426990 [error] [MainThread]:   Database Error in model silver_listings (models/silver/silver_listings.sql)
  100090 (42P18): Duplicate row detected during DML action
  Row Values: [redacted]
  compiled code at target/run/snowflake_spotify_project/models/silver/silver_listings.sql
[0m19:44:07.427121 [info ] [MainThread]: 
[0m19:44:07.427274 [info ] [MainThread]:   compiled code at target/compiled/snowflake_spotify_project/models/silver/silver_listings.sql
[0m19:44:07.427402 [info ] [MainThread]: 
[0m19:44:07.427558 [info ] [MainThread]: Done. PASS=0 WARN=0 ERROR=3 SKIP=0 NO-OP=0 TOTAL=3
[0m19:44:07.430197 [debug] [MainThread]: Resource report: {"command_name": "run", "command_success": false, "command_wall_clock_time": 6.270727, "process_in_blocks": "0", "process_kernel_time": 0.155294, "process_mem_max_rss": "168214528", "process_out_blocks": "0", "process_user_time": 1.040996}
[0m19:44:07.430508 [debug] [MainThread]: Command `dbt run` failed at 19:44:07.430458 after 6.27 seconds
[0m19:44:07.430758 [debug] [MainThread]: Sending event: {'category': 'dbt', 'action': 'invocation', 'label': 'end', 'context': [<snowplow_tracker.self_describing_json.SelfDescribingJson object at 0x1021b1750>, <snowplow_tracker.self_describing_json.SelfDescribingJson object at 0x1067a0ad0>, <snowplow_tracker.self_describing_json.SelfDescribingJson object at 0x1022e8a90>]}
[0m19:44:07.430960 [debug] [MainThread]: Flushing usage events
[0m19:44:07.754354 [debug] [MainThread]: An error was encountered while trying to flush usage events
[0m19:45:21.420572 [debug] [MainThread]: Sending event: {'category': 'dbt', 'action': 'invocation', 'label': 'start', 'context': [<snowplow_tracker.self_describing_json.SelfDescribingJson object at 0x104e57250>, <snowplow_tracker.self_describing_json.SelfDescribingJson object at 0x104e52b90>, <snowplow_tracker.self_describing_json.SelfDescribingJson object at 0x104ededd0>]}


============================== 19:45:21.422322 | a0348b9e-b8a0-474c-af08-c950cfe651e1 ==============================
[0m19:45:21.422322 [info ] [MainThread]: Running with dbt=1.11.2
[0m19:45:21.422582 [debug] [MainThread]: running dbt with arguments {'debug': 'False', 'version_check': 'True', 'log_format': 'default', 'use_experimental_parser': 'False', 'profiles_dir': '/Users/faizaan/Desktop/dbt_spotify_prj/snowflake_spotify_project', 'log_path': '/Users/faizaan/Desktop/dbt_spotify_prj/snowflake_spotify_project/logs', 'printer_width': '80', 'cache_selected_only': 'False', 'fail_fast': 'False', 'quiet': 'False', 'invocation_command': 'dbt run', 'warn_error_options': 'WarnErrorOptionsV2(error=[], warn=[], silence=[])', 'warn_error': 'None', 'send_anonymous_usage_stats': 'True', 'target_path': 'None', 'write_json': 'True', 'indirect_selection': 'eager', 'introspect': 'True', 'use_colors': 'True', 'partial_parse': 'True', 'no_print': 'None', 'empty': 'False', 'static_parser': 'True', 'log_cache_events': 'False'}
[0m19:45:21.562195 [debug] [MainThread]: Snowflake adapter: Setting snowflake.connector to ERROR (file logging only)
[0m19:45:21.562383 [debug] [MainThread]: Snowflake adapter: Setting botocore to ERROR (file logging only)
[0m19:45:21.562485 [debug] [MainThread]: Snowflake adapter: Setting boto3 to ERROR (file logging only)
[0m19:45:21.612672 [debug] [MainThread]: Sending event: {'category': 'dbt', 'action': 'project_id', 'label': 'a0348b9e-b8a0-474c-af08-c950cfe651e1', 'context': [<snowplow_tracker.self_describing_json.SelfDescribingJson object at 0x105d86990>]}
[0m19:45:21.629227 [debug] [MainThread]: Sending event: {'category': 'dbt', 'action': 'adapter_info', 'label': 'a0348b9e-b8a0-474c-af08-c950cfe651e1', 'context': [<snowplow_tracker.self_describing_json.SelfDescribingJson object at 0x104032b50>]}
[0m19:45:21.629766 [info ] [MainThread]: Registered adapter: snowflake=1.11.1
[0m19:45:21.674092 [debug] [MainThread]: checksum: 3d40d8bbe1bef07db1c24822f2dbfff8bc07f2a48ed4fe2658a40653aec0b54b, vars: {}, profile: , target: , version: 1.11.2
[0m19:45:21.721163 [debug] [MainThread]: Partial parsing enabled: 0 files deleted, 0 files added, 0 files changed.
[0m19:45:21.721322 [debug] [MainThread]: Nothing changed, skipping partial parsing.
[0m19:45:21.721408 [debug] [MainThread]: Partial parsing enabled, no changes found, skipping parsing
[0m19:45:21.734605 [debug] [MainThread]: Sending event: {'category': 'dbt', 'action': 'load_project', 'label': 'a0348b9e-b8a0-474c-af08-c950cfe651e1', 'context': [<snowplow_tracker.self_describing_json.SelfDescribingJson object at 0x1047bc9d0>]}
[0m19:45:21.759963 [debug] [MainThread]: Wrote artifact WritableManifest to /Users/faizaan/Desktop/dbt_spotify_prj/snowflake_spotify_project/target/manifest.json
[0m19:45:21.760811 [debug] [MainThread]: Wrote artifact SemanticManifest to /Users/faizaan/Desktop/dbt_spotify_prj/snowflake_spotify_project/target/semantic_manifest.json
[0m19:45:21.768100 [debug] [MainThread]: Sending event: {'category': 'dbt', 'action': 'resource_counts', 'label': 'a0348b9e-b8a0-474c-af08-c950cfe651e1', 'context': [<snowplow_tracker.self_describing_json.SelfDescribingJson object at 0x105f85290>]}
[0m19:45:21.768273 [info ] [MainThread]: Found 7 models, 1 analysis, 3 sources, 527 macros
[0m19:45:21.768399 [debug] [MainThread]: Sending event: {'category': 'dbt', 'action': 'runnable_timing', 'label': 'a0348b9e-b8a0-474c-af08-c950cfe651e1', 'context': [<snowplow_tracker.self_describing_json.SelfDescribingJson object at 0x103219b90>]}
[0m19:45:21.769037 [info ] [MainThread]: 
[0m19:45:21.769152 [info ] [MainThread]: Concurrency: 1 threads (target='dev')
[0m19:45:21.769241 [info ] [MainThread]: 
[0m19:45:21.769397 [debug] [MainThread]: Acquiring new snowflake connection 'master'
[0m19:45:21.770790 [debug] [ThreadPool]: Acquiring new snowflake connection 'list_SPOTIFY_DB'
[0m19:45:21.792993 [debug] [ThreadPool]: Using snowflake connection "list_SPOTIFY_DB"
[0m19:45:21.793157 [debug] [ThreadPool]: On list_SPOTIFY_DB: show terse schemas in database SPOTIFY_DB
    limit 10000
/* {"app": "dbt", "dbt_version": "1.11.2", "profile_name": "snowflake_spotify_project", "target_name": "dev", "connection_name": "list_SPOTIFY_DB"} */
[0m19:45:21.793253 [debug] [ThreadPool]: Opening a new connection, currently in state init
[0m19:45:23.120885 [debug] [ThreadPool]: SQL status: SUCCESS 6 in 1.327 seconds
[0m19:45:23.125717 [debug] [ThreadPool]: Using snowflake connection "list_SPOTIFY_DB"
[0m19:45:23.126123 [debug] [ThreadPool]: On list_SPOTIFY_DB: show terse schemas in database SPOTIFY_DB
    limit 10000
/* {"app": "dbt", "dbt_version": "1.11.2", "profile_name": "snowflake_spotify_project", "target_name": "dev", "connection_name": "list_SPOTIFY_DB"} */
[0m19:45:23.251419 [debug] [ThreadPool]: SQL status: SUCCESS 6 in 0.125 seconds
[0m19:45:23.257587 [debug] [ThreadPool]: Using snowflake connection "list_SPOTIFY_DB"
[0m19:45:23.258000 [debug] [ThreadPool]: On list_SPOTIFY_DB: show terse schemas in database SPOTIFY_DB
    limit 10000
/* {"app": "dbt", "dbt_version": "1.11.2", "profile_name": "snowflake_spotify_project", "target_name": "dev", "connection_name": "list_SPOTIFY_DB"} */
[0m19:45:23.371482 [debug] [ThreadPool]: SQL status: SUCCESS 6 in 0.113 seconds
[0m19:45:23.375174 [debug] [ThreadPool]: Re-using an available connection from the pool (formerly list_SPOTIFY_DB, now list_SPOTIFY_DB_bronze)
[0m19:45:23.386279 [debug] [ThreadPool]: Using snowflake connection "list_SPOTIFY_DB_bronze"
[0m19:45:23.386705 [debug] [ThreadPool]: On list_SPOTIFY_DB_bronze: show objects in SPOTIFY_DB.bronze
    limit 10000
    

/* {"app": "dbt", "dbt_version": "1.11.2", "profile_name": "snowflake_spotify_project", "target_name": "dev", "connection_name": "list_SPOTIFY_DB_bronze"} */;
[0m19:45:23.530436 [debug] [ThreadPool]: SQL status: SUCCESS 3 in 0.143 seconds
[0m19:45:23.533509 [debug] [ThreadPool]: Re-using an available connection from the pool (formerly list_SPOTIFY_DB_bronze, now list_SPOTIFY_DB_gold)
[0m19:45:23.537412 [debug] [ThreadPool]: Using snowflake connection "list_SPOTIFY_DB_gold"
[0m19:45:23.537919 [debug] [ThreadPool]: On list_SPOTIFY_DB_gold: show objects in SPOTIFY_DB.gold
    limit 10000
    

/* {"app": "dbt", "dbt_version": "1.11.2", "profile_name": "snowflake_spotify_project", "target_name": "dev", "connection_name": "list_SPOTIFY_DB_gold"} */;
[0m19:45:23.667878 [debug] [ThreadPool]: SQL status: SUCCESS 0 in 0.130 seconds
[0m19:45:23.671052 [debug] [ThreadPool]: Re-using an available connection from the pool (formerly list_SPOTIFY_DB_gold, now list_SPOTIFY_DB_silver)
[0m19:45:23.674336 [debug] [ThreadPool]: Using snowflake connection "list_SPOTIFY_DB_silver"
[0m19:45:23.674712 [debug] [ThreadPool]: On list_SPOTIFY_DB_silver: show objects in SPOTIFY_DB.silver
    limit 10000
    

/* {"app": "dbt", "dbt_version": "1.11.2", "profile_name": "snowflake_spotify_project", "target_name": "dev", "connection_name": "list_SPOTIFY_DB_silver"} */;
[0m19:45:23.809365 [debug] [ThreadPool]: SQL status: SUCCESS 3 in 0.134 seconds
[0m19:45:23.813706 [debug] [MainThread]: Sending event: {'category': 'dbt', 'action': 'runnable_timing', 'label': 'a0348b9e-b8a0-474c-af08-c950cfe651e1', 'context': [<snowplow_tracker.self_describing_json.SelfDescribingJson object at 0x1062970d0>]}
[0m19:45:23.818749 [debug] [Thread-2 (]: Began running node model.snowflake_spotify_project.bronze_bookings
[0m19:45:23.819234 [info ] [Thread-2 (]: 1 of 7 START sql incremental model bronze.bronze_bookings ...................... [RUN]
[0m19:45:23.819626 [debug] [Thread-2 (]: Re-using an available connection from the pool (formerly list_SPOTIFY_DB_silver, now model.snowflake_spotify_project.bronze_bookings)
[0m19:45:23.819889 [debug] [Thread-2 (]: Began compiling node model.snowflake_spotify_project.bronze_bookings
[0m19:45:23.829848 [debug] [Thread-2 (]: Writing injected SQL for node "model.snowflake_spotify_project.bronze_bookings"
[0m19:45:23.830539 [debug] [Thread-2 (]: Began executing node model.snowflake_spotify_project.bronze_bookings
[0m19:45:23.857426 [debug] [Thread-2 (]: Using snowflake connection "model.snowflake_spotify_project.bronze_bookings"
[0m19:45:23.857651 [debug] [Thread-2 (]: On model.snowflake_spotify_project.bronze_bookings: create or replace  temporary view SPOTIFY_DB.bronze.bronze_bookings__dbt_tmp
  
  
  
  
  as (
    

select * from SPOTIFY_DB.source.bookings


    where created_at >= (select coalesce(max(created_at), '1900-01-01') from SPOTIFY_DB.bronze.bronze_bookings)

  )
/* {"app": "dbt", "dbt_version": "1.11.2", "profile_name": "snowflake_spotify_project", "target_name": "dev", "node_id": "model.snowflake_spotify_project.bronze_bookings"} */;
[0m19:45:24.096463 [debug] [Thread-2 (]: SQL status: SUCCESS 1 in 0.238 seconds
[0m19:45:24.105997 [debug] [Thread-2 (]: Using snowflake connection "model.snowflake_spotify_project.bronze_bookings"
[0m19:45:24.106318 [debug] [Thread-2 (]: On model.snowflake_spotify_project.bronze_bookings: describe table SPOTIFY_DB.bronze.bronze_bookings__dbt_tmp
/* {"app": "dbt", "dbt_version": "1.11.2", "profile_name": "snowflake_spotify_project", "target_name": "dev", "node_id": "model.snowflake_spotify_project.bronze_bookings"} */
[0m19:45:24.233913 [debug] [Thread-2 (]: SQL status: SUCCESS 9 in 0.127 seconds
[0m19:45:24.241368 [debug] [Thread-2 (]: Using snowflake connection "model.snowflake_spotify_project.bronze_bookings"
[0m19:45:24.241720 [debug] [Thread-2 (]: On model.snowflake_spotify_project.bronze_bookings: describe table SPOTIFY_DB.bronze.bronze_bookings
/* {"app": "dbt", "dbt_version": "1.11.2", "profile_name": "snowflake_spotify_project", "target_name": "dev", "node_id": "model.snowflake_spotify_project.bronze_bookings"} */
[0m19:45:24.346465 [debug] [Thread-2 (]: SQL status: SUCCESS 9 in 0.104 seconds
[0m19:45:24.357506 [debug] [Thread-2 (]: Using snowflake connection "model.snowflake_spotify_project.bronze_bookings"
[0m19:45:24.357932 [debug] [Thread-2 (]: On model.snowflake_spotify_project.bronze_bookings: describe table "SPOTIFY_DB"."BRONZE"."BRONZE_BOOKINGS"
/* {"app": "dbt", "dbt_version": "1.11.2", "profile_name": "snowflake_spotify_project", "target_name": "dev", "node_id": "model.snowflake_spotify_project.bronze_bookings"} */
[0m19:45:24.473324 [debug] [Thread-2 (]: SQL status: SUCCESS 9 in 0.115 seconds
[0m19:45:24.491290 [debug] [Thread-2 (]: Writing runtime sql for node "model.snowflake_spotify_project.bronze_bookings"
[0m19:45:24.492189 [debug] [Thread-2 (]: Using snowflake connection "model.snowflake_spotify_project.bronze_bookings"
[0m19:45:24.492442 [debug] [Thread-2 (]: On model.snowflake_spotify_project.bronze_bookings: -- back compat for old kwarg name
  
  begin
/* {"app": "dbt", "dbt_version": "1.11.2", "profile_name": "snowflake_spotify_project", "target_name": "dev", "node_id": "model.snowflake_spotify_project.bronze_bookings"} */;
[0m19:45:24.625457 [debug] [Thread-2 (]: SQL status: SUCCESS 1 in 0.132 seconds
[0m19:45:24.626638 [debug] [Thread-2 (]: Using snowflake connection "model.snowflake_spotify_project.bronze_bookings"
[0m19:45:24.627434 [debug] [Thread-2 (]: On model.snowflake_spotify_project.bronze_bookings: insert into SPOTIFY_DB.bronze.bronze_bookings ("BOOKING_ID", "LISTING_ID", "BOOKING_DATE", "NIGHTS_BOOKED", "BOOKING_AMOUNT", "CLEANING_FEE", "SERVICE_FEE", "BOOKING_STATUS", "CREATED_AT")
        (
            select "BOOKING_ID", "LISTING_ID", "BOOKING_DATE", "NIGHTS_BOOKED", "BOOKING_AMOUNT", "CLEANING_FEE", "SERVICE_FEE", "BOOKING_STATUS", "CREATED_AT"
            from SPOTIFY_DB.bronze.bronze_bookings__dbt_tmp
        )
/* {"app": "dbt", "dbt_version": "1.11.2", "profile_name": "snowflake_spotify_project", "target_name": "dev", "node_id": "model.snowflake_spotify_project.bronze_bookings"} */;
[0m19:45:25.230350 [debug] [Thread-2 (]: SQL status: SUCCESS 5000 in 0.602 seconds
[0m19:45:25.231736 [debug] [Thread-2 (]: Using snowflake connection "model.snowflake_spotify_project.bronze_bookings"
[0m19:45:25.232264 [debug] [Thread-2 (]: On model.snowflake_spotify_project.bronze_bookings: COMMIT
/* {"app": "dbt", "dbt_version": "1.11.2", "profile_name": "snowflake_spotify_project", "target_name": "dev", "node_id": "model.snowflake_spotify_project.bronze_bookings"} */
[0m19:45:25.492764 [debug] [Thread-2 (]: SQL status: SUCCESS 1 in 0.260 seconds
[0m19:45:25.503573 [debug] [Thread-2 (]: Applying DROP to: SPOTIFY_DB.bronze.bronze_bookings__dbt_tmp
[0m19:45:25.507323 [debug] [Thread-2 (]: Using snowflake connection "model.snowflake_spotify_project.bronze_bookings"
[0m19:45:25.507566 [debug] [Thread-2 (]: On model.snowflake_spotify_project.bronze_bookings: drop view if exists SPOTIFY_DB.bronze.bronze_bookings__dbt_tmp cascade
/* {"app": "dbt", "dbt_version": "1.11.2", "profile_name": "snowflake_spotify_project", "target_name": "dev", "node_id": "model.snowflake_spotify_project.bronze_bookings"} */
[0m19:45:25.645106 [debug] [Thread-2 (]: SQL status: SUCCESS 1 in 0.137 seconds
[0m19:45:25.665949 [debug] [Thread-2 (]: Sending event: {'category': 'dbt', 'action': 'run_model', 'label': 'a0348b9e-b8a0-474c-af08-c950cfe651e1', 'context': [<snowplow_tracker.self_describing_json.SelfDescribingJson object at 0x10623e850>]}
[0m19:45:25.666518 [info ] [Thread-2 (]: 1 of 7 OK created sql incremental model bronze.bronze_bookings ................. [[32mSUCCESS 5000[0m in 1.84s]
[0m19:45:25.666925 [debug] [Thread-2 (]: Finished running node model.snowflake_spotify_project.bronze_bookings
[0m19:45:25.667201 [debug] [Thread-2 (]: Began running node model.snowflake_spotify_project.bronze_hosts
[0m19:45:25.667612 [info ] [Thread-2 (]: 2 of 7 START sql incremental model bronze.bronze_hosts ......................... [RUN]
[0m19:45:25.668079 [debug] [Thread-2 (]: Re-using an available connection from the pool (formerly model.snowflake_spotify_project.bronze_bookings, now model.snowflake_spotify_project.bronze_hosts)
[0m19:45:25.668364 [debug] [Thread-2 (]: Began compiling node model.snowflake_spotify_project.bronze_hosts
[0m19:45:25.671308 [debug] [Thread-2 (]: Writing injected SQL for node "model.snowflake_spotify_project.bronze_hosts"
[0m19:45:25.671841 [debug] [Thread-2 (]: Began executing node model.snowflake_spotify_project.bronze_hosts
[0m19:45:25.675644 [debug] [Thread-2 (]: Using snowflake connection "model.snowflake_spotify_project.bronze_hosts"
[0m19:45:25.675888 [debug] [Thread-2 (]: On model.snowflake_spotify_project.bronze_hosts: create or replace  temporary view SPOTIFY_DB.bronze.bronze_hosts__dbt_tmp
  
  
  
  
  as (
    

select * from SPOTIFY_DB.source.hosts


    where created_at >= (select coalesce(max(created_at), '1900-01-01') from SPOTIFY_DB.bronze.bronze_hosts)

  )
/* {"app": "dbt", "dbt_version": "1.11.2", "profile_name": "snowflake_spotify_project", "target_name": "dev", "node_id": "model.snowflake_spotify_project.bronze_hosts"} */;
[0m19:45:25.903303 [debug] [Thread-2 (]: SQL status: SUCCESS 1 in 0.227 seconds
[0m19:45:25.908420 [debug] [Thread-2 (]: Using snowflake connection "model.snowflake_spotify_project.bronze_hosts"
[0m19:45:25.908811 [debug] [Thread-2 (]: On model.snowflake_spotify_project.bronze_hosts: describe table SPOTIFY_DB.bronze.bronze_hosts__dbt_tmp
/* {"app": "dbt", "dbt_version": "1.11.2", "profile_name": "snowflake_spotify_project", "target_name": "dev", "node_id": "model.snowflake_spotify_project.bronze_hosts"} */
[0m19:45:26.036021 [debug] [Thread-2 (]: SQL status: SUCCESS 6 in 0.127 seconds
[0m19:45:26.041728 [debug] [Thread-2 (]: Using snowflake connection "model.snowflake_spotify_project.bronze_hosts"
[0m19:45:26.042121 [debug] [Thread-2 (]: On model.snowflake_spotify_project.bronze_hosts: describe table SPOTIFY_DB.bronze.bronze_hosts
/* {"app": "dbt", "dbt_version": "1.11.2", "profile_name": "snowflake_spotify_project", "target_name": "dev", "node_id": "model.snowflake_spotify_project.bronze_hosts"} */
[0m19:45:26.156018 [debug] [Thread-2 (]: SQL status: SUCCESS 6 in 0.113 seconds
[0m19:45:26.161790 [debug] [Thread-2 (]: Using snowflake connection "model.snowflake_spotify_project.bronze_hosts"
[0m19:45:26.162228 [debug] [Thread-2 (]: On model.snowflake_spotify_project.bronze_hosts: describe table "SPOTIFY_DB"."BRONZE"."BRONZE_HOSTS"
/* {"app": "dbt", "dbt_version": "1.11.2", "profile_name": "snowflake_spotify_project", "target_name": "dev", "node_id": "model.snowflake_spotify_project.bronze_hosts"} */
[0m19:45:26.271139 [debug] [Thread-2 (]: SQL status: SUCCESS 6 in 0.108 seconds
[0m19:45:26.275594 [debug] [Thread-2 (]: Writing runtime sql for node "model.snowflake_spotify_project.bronze_hosts"
[0m19:45:26.276560 [debug] [Thread-2 (]: Using snowflake connection "model.snowflake_spotify_project.bronze_hosts"
[0m19:45:26.276818 [debug] [Thread-2 (]: On model.snowflake_spotify_project.bronze_hosts: -- back compat for old kwarg name
  
  begin
/* {"app": "dbt", "dbt_version": "1.11.2", "profile_name": "snowflake_spotify_project", "target_name": "dev", "node_id": "model.snowflake_spotify_project.bronze_hosts"} */;
[0m19:45:26.406517 [debug] [Thread-2 (]: SQL status: SUCCESS 1 in 0.129 seconds
[0m19:45:26.407650 [debug] [Thread-2 (]: Using snowflake connection "model.snowflake_spotify_project.bronze_hosts"
[0m19:45:26.408424 [debug] [Thread-2 (]: On model.snowflake_spotify_project.bronze_hosts: insert into SPOTIFY_DB.bronze.bronze_hosts ("HOST_ID", "HOST_NAME", "HOST_SINCE", "IS_SUPERHOST", "RESPONSE_RATE", "CREATED_AT")
        (
            select "HOST_ID", "HOST_NAME", "HOST_SINCE", "IS_SUPERHOST", "RESPONSE_RATE", "CREATED_AT"
            from SPOTIFY_DB.bronze.bronze_hosts__dbt_tmp
        )
/* {"app": "dbt", "dbt_version": "1.11.2", "profile_name": "snowflake_spotify_project", "target_name": "dev", "node_id": "model.snowflake_spotify_project.bronze_hosts"} */;
[0m19:45:26.869735 [debug] [Thread-2 (]: SQL status: SUCCESS 200 in 0.460 seconds
[0m19:45:26.870997 [debug] [Thread-2 (]: Using snowflake connection "model.snowflake_spotify_project.bronze_hosts"
[0m19:45:26.871744 [debug] [Thread-2 (]: On model.snowflake_spotify_project.bronze_hosts: COMMIT
/* {"app": "dbt", "dbt_version": "1.11.2", "profile_name": "snowflake_spotify_project", "target_name": "dev", "node_id": "model.snowflake_spotify_project.bronze_hosts"} */
[0m19:45:27.099874 [debug] [Thread-2 (]: SQL status: SUCCESS 1 in 0.227 seconds
[0m19:45:27.107467 [debug] [Thread-2 (]: Applying DROP to: SPOTIFY_DB.bronze.bronze_hosts__dbt_tmp
[0m19:45:27.108609 [debug] [Thread-2 (]: Using snowflake connection "model.snowflake_spotify_project.bronze_hosts"
[0m19:45:27.108963 [debug] [Thread-2 (]: On model.snowflake_spotify_project.bronze_hosts: drop view if exists SPOTIFY_DB.bronze.bronze_hosts__dbt_tmp cascade
/* {"app": "dbt", "dbt_version": "1.11.2", "profile_name": "snowflake_spotify_project", "target_name": "dev", "node_id": "model.snowflake_spotify_project.bronze_hosts"} */
[0m19:45:27.263208 [debug] [Thread-2 (]: SQL status: SUCCESS 1 in 0.154 seconds
[0m19:45:27.266650 [debug] [Thread-2 (]: Sending event: {'category': 'dbt', 'action': 'run_model', 'label': 'a0348b9e-b8a0-474c-af08-c950cfe651e1', 'context': [<snowplow_tracker.self_describing_json.SelfDescribingJson object at 0x10734eb10>]}
[0m19:45:27.267348 [info ] [Thread-2 (]: 2 of 7 OK created sql incremental model bronze.bronze_hosts .................... [[32mSUCCESS 200[0m in 1.60s]
[0m19:45:27.267831 [debug] [Thread-2 (]: Finished running node model.snowflake_spotify_project.bronze_hosts
[0m19:45:27.268178 [debug] [Thread-2 (]: Began running node model.snowflake_spotify_project.bronze_listings
[0m19:45:27.268682 [info ] [Thread-2 (]: 3 of 7 START sql incremental model bronze.bronze_listings ...................... [RUN]
[0m19:45:27.269237 [debug] [Thread-2 (]: Re-using an available connection from the pool (formerly model.snowflake_spotify_project.bronze_hosts, now model.snowflake_spotify_project.bronze_listings)
[0m19:45:27.269552 [debug] [Thread-2 (]: Began compiling node model.snowflake_spotify_project.bronze_listings
[0m19:45:27.274044 [debug] [Thread-2 (]: Writing injected SQL for node "model.snowflake_spotify_project.bronze_listings"
[0m19:45:27.274882 [debug] [Thread-2 (]: Began executing node model.snowflake_spotify_project.bronze_listings
[0m19:45:27.278099 [debug] [Thread-2 (]: Using snowflake connection "model.snowflake_spotify_project.bronze_listings"
[0m19:45:27.278412 [debug] [Thread-2 (]: On model.snowflake_spotify_project.bronze_listings: create or replace  temporary view SPOTIFY_DB.bronze.bronze_listings__dbt_tmp
  
  
  
  
  as (
    


select * from SPOTIFY_DB.source.listings


    where created_at >= (select coalesce(max(created_at), '1900-01-01') from SPOTIFY_DB.bronze.bronze_listings)

  )
/* {"app": "dbt", "dbt_version": "1.11.2", "profile_name": "snowflake_spotify_project", "target_name": "dev", "node_id": "model.snowflake_spotify_project.bronze_listings"} */;
[0m19:45:27.499008 [debug] [Thread-2 (]: SQL status: SUCCESS 1 in 0.220 seconds
[0m19:45:27.504327 [debug] [Thread-2 (]: Using snowflake connection "model.snowflake_spotify_project.bronze_listings"
[0m19:45:27.504749 [debug] [Thread-2 (]: On model.snowflake_spotify_project.bronze_listings: describe table SPOTIFY_DB.bronze.bronze_listings__dbt_tmp
/* {"app": "dbt", "dbt_version": "1.11.2", "profile_name": "snowflake_spotify_project", "target_name": "dev", "node_id": "model.snowflake_spotify_project.bronze_listings"} */
[0m19:45:27.626824 [debug] [Thread-2 (]: SQL status: SUCCESS 11 in 0.121 seconds
[0m19:45:27.632901 [debug] [Thread-2 (]: Using snowflake connection "model.snowflake_spotify_project.bronze_listings"
[0m19:45:27.633217 [debug] [Thread-2 (]: On model.snowflake_spotify_project.bronze_listings: describe table SPOTIFY_DB.bronze.bronze_listings
/* {"app": "dbt", "dbt_version": "1.11.2", "profile_name": "snowflake_spotify_project", "target_name": "dev", "node_id": "model.snowflake_spotify_project.bronze_listings"} */
[0m19:45:27.747155 [debug] [Thread-2 (]: SQL status: SUCCESS 11 in 0.113 seconds
[0m19:45:27.755188 [debug] [Thread-2 (]: Using snowflake connection "model.snowflake_spotify_project.bronze_listings"
[0m19:45:27.755611 [debug] [Thread-2 (]: On model.snowflake_spotify_project.bronze_listings: describe table "SPOTIFY_DB"."BRONZE"."BRONZE_LISTINGS"
/* {"app": "dbt", "dbt_version": "1.11.2", "profile_name": "snowflake_spotify_project", "target_name": "dev", "node_id": "model.snowflake_spotify_project.bronze_listings"} */
[0m19:45:27.872180 [debug] [Thread-2 (]: SQL status: SUCCESS 11 in 0.116 seconds
[0m19:45:27.878359 [debug] [Thread-2 (]: Writing runtime sql for node "model.snowflake_spotify_project.bronze_listings"
[0m19:45:27.880031 [debug] [Thread-2 (]: Using snowflake connection "model.snowflake_spotify_project.bronze_listings"
[0m19:45:27.880271 [debug] [Thread-2 (]: On model.snowflake_spotify_project.bronze_listings: -- back compat for old kwarg name
  
  begin
/* {"app": "dbt", "dbt_version": "1.11.2", "profile_name": "snowflake_spotify_project", "target_name": "dev", "node_id": "model.snowflake_spotify_project.bronze_listings"} */;
[0m19:45:28.011726 [debug] [Thread-2 (]: SQL status: SUCCESS 1 in 0.131 seconds
[0m19:45:28.012140 [debug] [Thread-2 (]: Using snowflake connection "model.snowflake_spotify_project.bronze_listings"
[0m19:45:28.012414 [debug] [Thread-2 (]: On model.snowflake_spotify_project.bronze_listings: insert into SPOTIFY_DB.bronze.bronze_listings ("LISTING_ID", "HOST_ID", "PROPERTY_TYPE", "ROOM_TYPE", "CITY", "COUNTRY", "ACCOMMODATES", "BEDROOMS", "BATHROOMS", "PRICE_PER_NIGHT", "CREATED_AT")
        (
            select "LISTING_ID", "HOST_ID", "PROPERTY_TYPE", "ROOM_TYPE", "CITY", "COUNTRY", "ACCOMMODATES", "BEDROOMS", "BATHROOMS", "PRICE_PER_NIGHT", "CREATED_AT"
            from SPOTIFY_DB.bronze.bronze_listings__dbt_tmp
        )
/* {"app": "dbt", "dbt_version": "1.11.2", "profile_name": "snowflake_spotify_project", "target_name": "dev", "node_id": "model.snowflake_spotify_project.bronze_listings"} */;
[0m19:45:28.507841 [debug] [Thread-2 (]: SQL status: SUCCESS 500 in 0.495 seconds
[0m19:45:28.508714 [debug] [Thread-2 (]: Using snowflake connection "model.snowflake_spotify_project.bronze_listings"
[0m19:45:28.509105 [debug] [Thread-2 (]: On model.snowflake_spotify_project.bronze_listings: COMMIT
/* {"app": "dbt", "dbt_version": "1.11.2", "profile_name": "snowflake_spotify_project", "target_name": "dev", "node_id": "model.snowflake_spotify_project.bronze_listings"} */
[0m19:45:28.771694 [debug] [Thread-2 (]: SQL status: SUCCESS 1 in 0.262 seconds
[0m19:45:28.777144 [debug] [Thread-2 (]: Applying DROP to: SPOTIFY_DB.bronze.bronze_listings__dbt_tmp
[0m19:45:28.778092 [debug] [Thread-2 (]: Using snowflake connection "model.snowflake_spotify_project.bronze_listings"
[0m19:45:28.778408 [debug] [Thread-2 (]: On model.snowflake_spotify_project.bronze_listings: drop view if exists SPOTIFY_DB.bronze.bronze_listings__dbt_tmp cascade
/* {"app": "dbt", "dbt_version": "1.11.2", "profile_name": "snowflake_spotify_project", "target_name": "dev", "node_id": "model.snowflake_spotify_project.bronze_listings"} */
[0m19:45:28.933591 [debug] [Thread-2 (]: SQL status: SUCCESS 1 in 0.155 seconds
[0m19:45:28.937122 [debug] [Thread-2 (]: Sending event: {'category': 'dbt', 'action': 'run_model', 'label': 'a0348b9e-b8a0-474c-af08-c950cfe651e1', 'context': [<snowplow_tracker.self_describing_json.SelfDescribingJson object at 0x1071f5a90>]}
[0m19:45:28.937832 [info ] [Thread-2 (]: 3 of 7 OK created sql incremental model bronze.bronze_listings ................. [[32mSUCCESS 500[0m in 1.67s]
[0m19:45:28.938317 [debug] [Thread-2 (]: Finished running node model.snowflake_spotify_project.bronze_listings
[0m19:45:28.938658 [debug] [Thread-2 (]: Began running node model.snowflake_spotify_project.obt
[0m19:45:28.939168 [info ] [Thread-2 (]: 4 of 7 START sql table model gold.obt .......................................... [RUN]
[0m19:45:28.939718 [debug] [Thread-2 (]: Re-using an available connection from the pool (formerly model.snowflake_spotify_project.bronze_listings, now model.snowflake_spotify_project.obt)
[0m19:45:28.940027 [debug] [Thread-2 (]: Began compiling node model.snowflake_spotify_project.obt
[0m19:45:28.943177 [debug] [Thread-2 (]: Writing injected SQL for node "model.snowflake_spotify_project.obt"
[0m19:45:28.943455 [debug] [Thread-2 (]: Began executing node model.snowflake_spotify_project.obt
[0m19:45:28.963261 [debug] [Thread-2 (]: Writing runtime sql for node "model.snowflake_spotify_project.obt"
[0m19:45:28.966653 [debug] [Thread-2 (]: Using snowflake connection "model.snowflake_spotify_project.obt"
[0m19:45:28.966866 [debug] [Thread-2 (]: On model.snowflake_spotify_project.obt: create or replace transient table SPOTIFY_DB.gold.obt
    
    
    
    as (
    )

/* {"app": "dbt", "dbt_version": "1.11.2", "profile_name": "snowflake_spotify_project", "target_name": "dev", "node_id": "model.snowflake_spotify_project.obt"} */;
[0m19:45:29.094348 [debug] [Thread-2 (]: Snowflake adapter: Snowflake query id: 01c1fb41-3203-abb2-0000-0007183a4879
[0m19:45:29.094790 [debug] [Thread-2 (]: Snowflake adapter: Snowflake error: 001003 (42000): SQL compilation error:
syntax error line 6 at position 4 unexpected ')'.
[0m19:45:29.097811 [debug] [Thread-2 (]: Database Error in model obt (models/gold/obt.sql)
  001003 (42000): SQL compilation error:
  syntax error line 6 at position 4 unexpected ')'.
  compiled code at target/run/snowflake_spotify_project/models/gold/obt.sql
[0m19:45:29.098346 [debug] [Thread-2 (]: Sending event: {'category': 'dbt', 'action': 'run_model', 'label': 'a0348b9e-b8a0-474c-af08-c950cfe651e1', 'context': [<snowplow_tracker.self_describing_json.SelfDescribingJson object at 0x107284ed0>]}
[0m19:45:29.098915 [error] [Thread-2 (]: 4 of 7 ERROR creating sql table model gold.obt ................................. [[31mERROR[0m in 0.16s]
[0m19:45:29.099377 [debug] [Thread-2 (]: Finished running node model.snowflake_spotify_project.obt
[0m19:45:29.099701 [debug] [Thread-2 (]: Began running node model.snowflake_spotify_project.silver_bookings
[0m19:45:29.100069 [debug] [Thread-5 (]: Marking all children of 'model.snowflake_spotify_project.obt' to be skipped because of status 'error'.  Reason: Database Error in model obt (models/gold/obt.sql)
  001003 (42000): SQL compilation error:
  syntax error line 6 at position 4 unexpected ')'.
  compiled code at target/run/snowflake_spotify_project/models/gold/obt.sql.
[0m19:45:29.100420 [info ] [Thread-2 (]: 5 of 7 START sql incremental model silver.silver_bookings ...................... [RUN]
[0m19:45:29.101332 [debug] [Thread-2 (]: Re-using an available connection from the pool (formerly model.snowflake_spotify_project.obt, now model.snowflake_spotify_project.silver_bookings)
[0m19:45:29.101609 [debug] [Thread-2 (]: Began compiling node model.snowflake_spotify_project.silver_bookings
[0m19:45:29.105125 [debug] [Thread-2 (]: Writing injected SQL for node "model.snowflake_spotify_project.silver_bookings"
[0m19:45:29.105662 [debug] [Thread-2 (]: Began executing node model.snowflake_spotify_project.silver_bookings
[0m19:45:29.108641 [debug] [Thread-2 (]: Using snowflake connection "model.snowflake_spotify_project.silver_bookings"
[0m19:45:29.108914 [debug] [Thread-2 (]: On model.snowflake_spotify_project.silver_bookings: create or replace  temporary view SPOTIFY_DB.silver.silver_bookings__dbt_tmp
  
  
  
  
  as (
    


select 
    booking_id,
    listing_id,
    booking_date,
    
    ROUND(booking_amount * nights_booked, 2)
 as total_amount,
    service_fee,
    cleaning_fee,
    booking_status,
    created_at as booking_created_at 
from 
    SPOTIFY_DB.bronze.bronze_bookings
  )
/* {"app": "dbt", "dbt_version": "1.11.2", "profile_name": "snowflake_spotify_project", "target_name": "dev", "node_id": "model.snowflake_spotify_project.silver_bookings"} */;
[0m19:45:29.337925 [debug] [Thread-2 (]: SQL status: SUCCESS 1 in 0.228 seconds
[0m19:45:29.345357 [debug] [Thread-2 (]: Using snowflake connection "model.snowflake_spotify_project.silver_bookings"
[0m19:45:29.345962 [debug] [Thread-2 (]: On model.snowflake_spotify_project.silver_bookings: describe table SPOTIFY_DB.silver.silver_bookings__dbt_tmp
/* {"app": "dbt", "dbt_version": "1.11.2", "profile_name": "snowflake_spotify_project", "target_name": "dev", "node_id": "model.snowflake_spotify_project.silver_bookings"} */
[0m19:45:29.476372 [debug] [Thread-2 (]: SQL status: SUCCESS 8 in 0.130 seconds
[0m19:45:29.484384 [debug] [Thread-2 (]: Using snowflake connection "model.snowflake_spotify_project.silver_bookings"
[0m19:45:29.484694 [debug] [Thread-2 (]: On model.snowflake_spotify_project.silver_bookings: describe table SPOTIFY_DB.silver.silver_bookings
/* {"app": "dbt", "dbt_version": "1.11.2", "profile_name": "snowflake_spotify_project", "target_name": "dev", "node_id": "model.snowflake_spotify_project.silver_bookings"} */
[0m19:45:29.605058 [debug] [Thread-2 (]: SQL status: SUCCESS 8 in 0.120 seconds
[0m19:45:29.610833 [debug] [Thread-2 (]: Using snowflake connection "model.snowflake_spotify_project.silver_bookings"
[0m19:45:29.611256 [debug] [Thread-2 (]: On model.snowflake_spotify_project.silver_bookings: describe table "SPOTIFY_DB"."SILVER"."SILVER_BOOKINGS"
/* {"app": "dbt", "dbt_version": "1.11.2", "profile_name": "snowflake_spotify_project", "target_name": "dev", "node_id": "model.snowflake_spotify_project.silver_bookings"} */
[0m19:45:29.721347 [debug] [Thread-2 (]: SQL status: SUCCESS 8 in 0.109 seconds
[0m19:45:29.787924 [debug] [Thread-2 (]: Writing runtime sql for node "model.snowflake_spotify_project.silver_bookings"
[0m19:45:29.790669 [debug] [Thread-2 (]: Using snowflake connection "model.snowflake_spotify_project.silver_bookings"
[0m19:45:29.790823 [debug] [Thread-2 (]: On model.snowflake_spotify_project.silver_bookings: -- back compat for old kwarg name
  
  begin
/* {"app": "dbt", "dbt_version": "1.11.2", "profile_name": "snowflake_spotify_project", "target_name": "dev", "node_id": "model.snowflake_spotify_project.silver_bookings"} */;
[0m19:45:29.921672 [debug] [Thread-2 (]: SQL status: SUCCESS 1 in 0.131 seconds
[0m19:45:29.922290 [debug] [Thread-2 (]: Using snowflake connection "model.snowflake_spotify_project.silver_bookings"
[0m19:45:29.922618 [debug] [Thread-2 (]: On model.snowflake_spotify_project.silver_bookings: merge into SPOTIFY_DB.silver.silver_bookings as DBT_INTERNAL_DEST
        using SPOTIFY_DB.silver.silver_bookings__dbt_tmp as DBT_INTERNAL_SOURCE
        on ((DBT_INTERNAL_SOURCE.booking_id = DBT_INTERNAL_DEST.booking_id))

    
    when matched then update set
        "BOOKING_ID" = DBT_INTERNAL_SOURCE."BOOKING_ID","LISTING_ID" = DBT_INTERNAL_SOURCE."LISTING_ID","BOOKING_DATE" = DBT_INTERNAL_SOURCE."BOOKING_DATE","TOTAL_AMOUNT" = DBT_INTERNAL_SOURCE."TOTAL_AMOUNT","SERVICE_FEE" = DBT_INTERNAL_SOURCE."SERVICE_FEE","CLEANING_FEE" = DBT_INTERNAL_SOURCE."CLEANING_FEE","BOOKING_STATUS" = DBT_INTERNAL_SOURCE."BOOKING_STATUS","BOOKING_CREATED_AT" = DBT_INTERNAL_SOURCE."BOOKING_CREATED_AT"
    

    when not matched then insert
        ("BOOKING_ID", "LISTING_ID", "BOOKING_DATE", "TOTAL_AMOUNT", "SERVICE_FEE", "CLEANING_FEE", "BOOKING_STATUS", "BOOKING_CREATED_AT")
    values
        ("BOOKING_ID", "LISTING_ID", "BOOKING_DATE", "TOTAL_AMOUNT", "SERVICE_FEE", "CLEANING_FEE", "BOOKING_STATUS", "BOOKING_CREATED_AT")


/* {"app": "dbt", "dbt_version": "1.11.2", "profile_name": "snowflake_spotify_project", "target_name": "dev", "node_id": "model.snowflake_spotify_project.silver_bookings"} */;
[0m19:45:30.453345 [debug] [Thread-2 (]: Snowflake adapter: Snowflake query id: 01c1fb41-3203-ad43-0000-0007183a36cd
[0m19:45:30.454027 [debug] [Thread-2 (]: Snowflake adapter: Snowflake error: 100090 (42P18): Duplicate row detected during DML action
Row Values: [redacted]
[0m19:45:30.457457 [debug] [Thread-2 (]: Database Error in model silver_bookings (models/silver/silver_bookings.sql)
  100090 (42P18): Duplicate row detected during DML action
  Row Values: [redacted]
  compiled code at target/run/snowflake_spotify_project/models/silver/silver_bookings.sql
[0m19:45:30.457998 [debug] [Thread-2 (]: Sending event: {'category': 'dbt', 'action': 'run_model', 'label': 'a0348b9e-b8a0-474c-af08-c950cfe651e1', 'context': [<snowplow_tracker.self_describing_json.SelfDescribingJson object at 0x1048c5350>]}
[0m19:45:30.458587 [error] [Thread-2 (]: 5 of 7 ERROR creating sql incremental model silver.silver_bookings ............. [[31mERROR[0m in 1.36s]
[0m19:45:30.459013 [debug] [Thread-2 (]: Finished running node model.snowflake_spotify_project.silver_bookings
[0m19:45:30.459318 [debug] [Thread-2 (]: Began running node model.snowflake_spotify_project.silver_hosts
[0m19:45:30.459670 [debug] [Thread-5 (]: Marking all children of 'model.snowflake_spotify_project.silver_bookings' to be skipped because of status 'error'.  Reason: Database Error in model silver_bookings (models/silver/silver_bookings.sql)
  100090 (42P18): Duplicate row detected during DML action
  Row Values: [redacted]
  compiled code at target/run/snowflake_spotify_project/models/silver/silver_bookings.sql.
[0m19:45:30.460066 [info ] [Thread-2 (]: 6 of 7 START sql incremental model silver.silver_hosts ......................... [RUN]
[0m19:45:30.460577 [debug] [Thread-2 (]: Re-using an available connection from the pool (formerly model.snowflake_spotify_project.silver_bookings, now model.snowflake_spotify_project.silver_hosts)
[0m19:45:30.460837 [debug] [Thread-2 (]: Began compiling node model.snowflake_spotify_project.silver_hosts
[0m19:45:30.466011 [debug] [Thread-2 (]: Writing injected SQL for node "model.snowflake_spotify_project.silver_hosts"
[0m19:45:30.466620 [debug] [Thread-2 (]: Began executing node model.snowflake_spotify_project.silver_hosts
[0m19:45:30.470654 [debug] [Thread-2 (]: Using snowflake connection "model.snowflake_spotify_project.silver_hosts"
[0m19:45:30.471235 [debug] [Thread-2 (]: On model.snowflake_spotify_project.silver_hosts: create or replace  temporary view SPOTIFY_DB.silver.silver_hosts__dbt_tmp
  
  
  
  
  as (
    


select 
    host_id,
    
    UPPER(host_name)
   as host_name,
    host_since,
    is_superhost,
    response_rate,
    
    case 
        when response_rate > 95 then 'Very Good'
        when response_rate > 80 then 'Good'
        when response_rate > 60 then 'Average'
        else 'Poor'
    end
 as response_rate_category,
    created_at as host_created_at
from
    SPOTIFY_DB.bronze.bronze_hosts
  )
/* {"app": "dbt", "dbt_version": "1.11.2", "profile_name": "snowflake_spotify_project", "target_name": "dev", "node_id": "model.snowflake_spotify_project.silver_hosts"} */;
[0m19:45:30.864685 [debug] [Thread-2 (]: SQL status: SUCCESS 1 in 0.393 seconds
[0m19:45:30.871544 [debug] [Thread-2 (]: Using snowflake connection "model.snowflake_spotify_project.silver_hosts"
[0m19:45:30.871942 [debug] [Thread-2 (]: On model.snowflake_spotify_project.silver_hosts: describe table SPOTIFY_DB.silver.silver_hosts__dbt_tmp
/* {"app": "dbt", "dbt_version": "1.11.2", "profile_name": "snowflake_spotify_project", "target_name": "dev", "node_id": "model.snowflake_spotify_project.silver_hosts"} */
[0m19:45:30.994073 [debug] [Thread-2 (]: SQL status: SUCCESS 7 in 0.122 seconds
[0m19:45:31.000096 [debug] [Thread-2 (]: Using snowflake connection "model.snowflake_spotify_project.silver_hosts"
[0m19:45:31.000464 [debug] [Thread-2 (]: On model.snowflake_spotify_project.silver_hosts: describe table SPOTIFY_DB.silver.silver_hosts
/* {"app": "dbt", "dbt_version": "1.11.2", "profile_name": "snowflake_spotify_project", "target_name": "dev", "node_id": "model.snowflake_spotify_project.silver_hosts"} */
[0m19:45:31.116689 [debug] [Thread-2 (]: SQL status: SUCCESS 7 in 0.116 seconds
[0m19:45:31.123713 [debug] [Thread-2 (]: Using snowflake connection "model.snowflake_spotify_project.silver_hosts"
[0m19:45:31.124069 [debug] [Thread-2 (]: On model.snowflake_spotify_project.silver_hosts: describe table "SPOTIFY_DB"."SILVER"."SILVER_HOSTS"
/* {"app": "dbt", "dbt_version": "1.11.2", "profile_name": "snowflake_spotify_project", "target_name": "dev", "node_id": "model.snowflake_spotify_project.silver_hosts"} */
[0m19:45:31.243807 [debug] [Thread-2 (]: SQL status: SUCCESS 7 in 0.119 seconds
[0m19:45:31.248346 [debug] [Thread-2 (]: Writing runtime sql for node "model.snowflake_spotify_project.silver_hosts"
[0m19:45:31.250054 [debug] [Thread-2 (]: Using snowflake connection "model.snowflake_spotify_project.silver_hosts"
[0m19:45:31.250353 [debug] [Thread-2 (]: On model.snowflake_spotify_project.silver_hosts: -- back compat for old kwarg name
  
  begin
/* {"app": "dbt", "dbt_version": "1.11.2", "profile_name": "snowflake_spotify_project", "target_name": "dev", "node_id": "model.snowflake_spotify_project.silver_hosts"} */;
[0m19:45:31.372555 [debug] [Thread-2 (]: SQL status: SUCCESS 1 in 0.122 seconds
[0m19:45:31.373761 [debug] [Thread-2 (]: Using snowflake connection "model.snowflake_spotify_project.silver_hosts"
[0m19:45:31.374582 [debug] [Thread-2 (]: On model.snowflake_spotify_project.silver_hosts: merge into SPOTIFY_DB.silver.silver_hosts as DBT_INTERNAL_DEST
        using SPOTIFY_DB.silver.silver_hosts__dbt_tmp as DBT_INTERNAL_SOURCE
        on ((DBT_INTERNAL_SOURCE.host_id = DBT_INTERNAL_DEST.host_id))

    
    when matched then update set
        "HOST_ID" = DBT_INTERNAL_SOURCE."HOST_ID","HOST_NAME" = DBT_INTERNAL_SOURCE."HOST_NAME","HOST_SINCE" = DBT_INTERNAL_SOURCE."HOST_SINCE","IS_SUPERHOST" = DBT_INTERNAL_SOURCE."IS_SUPERHOST","RESPONSE_RATE" = DBT_INTERNAL_SOURCE."RESPONSE_RATE","RESPONSE_RATE_CATEGORY" = DBT_INTERNAL_SOURCE."RESPONSE_RATE_CATEGORY","HOST_CREATED_AT" = DBT_INTERNAL_SOURCE."HOST_CREATED_AT"
    

    when not matched then insert
        ("HOST_ID", "HOST_NAME", "HOST_SINCE", "IS_SUPERHOST", "RESPONSE_RATE", "RESPONSE_RATE_CATEGORY", "HOST_CREATED_AT")
    values
        ("HOST_ID", "HOST_NAME", "HOST_SINCE", "IS_SUPERHOST", "RESPONSE_RATE", "RESPONSE_RATE_CATEGORY", "HOST_CREATED_AT")


/* {"app": "dbt", "dbt_version": "1.11.2", "profile_name": "snowflake_spotify_project", "target_name": "dev", "node_id": "model.snowflake_spotify_project.silver_hosts"} */;
[0m19:45:31.889054 [debug] [Thread-2 (]: Snowflake adapter: Snowflake query id: 01c1fb41-3203-abb2-0000-0007183a4891
[0m19:45:31.890088 [debug] [Thread-2 (]: Snowflake adapter: Snowflake error: 100090 (42P18): Duplicate row detected during DML action
Row Values: [redacted]
[0m19:45:31.896151 [debug] [Thread-2 (]: Database Error in model silver_hosts (models/silver/silver_hosts.sql)
  100090 (42P18): Duplicate row detected during DML action
  Row Values: [redacted]
  compiled code at target/run/snowflake_spotify_project/models/silver/silver_hosts.sql
[0m19:45:31.896547 [debug] [Thread-2 (]: Sending event: {'category': 'dbt', 'action': 'run_model', 'label': 'a0348b9e-b8a0-474c-af08-c950cfe651e1', 'context': [<snowplow_tracker.self_describing_json.SelfDescribingJson object at 0x10479afd0>]}
[0m19:45:31.896946 [error] [Thread-2 (]: 6 of 7 ERROR creating sql incremental model silver.silver_hosts ................ [[31mERROR[0m in 1.44s]
[0m19:45:31.897259 [debug] [Thread-2 (]: Finished running node model.snowflake_spotify_project.silver_hosts
[0m19:45:31.897469 [debug] [Thread-2 (]: Began running node model.snowflake_spotify_project.silver_listings
[0m19:45:31.897726 [debug] [Thread-5 (]: Marking all children of 'model.snowflake_spotify_project.silver_hosts' to be skipped because of status 'error'.  Reason: Database Error in model silver_hosts (models/silver/silver_hosts.sql)
  100090 (42P18): Duplicate row detected during DML action
  Row Values: [redacted]
  compiled code at target/run/snowflake_spotify_project/models/silver/silver_hosts.sql.
[0m19:45:31.897987 [info ] [Thread-2 (]: 7 of 7 START sql incremental model silver.silver_listings ...................... [RUN]
[0m19:45:31.898347 [debug] [Thread-2 (]: Re-using an available connection from the pool (formerly model.snowflake_spotify_project.silver_hosts, now model.snowflake_spotify_project.silver_listings)
[0m19:45:31.898534 [debug] [Thread-2 (]: Began compiling node model.snowflake_spotify_project.silver_listings
[0m19:45:31.901326 [debug] [Thread-2 (]: Writing injected SQL for node "model.snowflake_spotify_project.silver_listings"
[0m19:45:31.901802 [debug] [Thread-2 (]: Began executing node model.snowflake_spotify_project.silver_listings
[0m19:45:31.903813 [debug] [Thread-2 (]: Using snowflake connection "model.snowflake_spotify_project.silver_listings"
[0m19:45:31.904014 [debug] [Thread-2 (]: On model.snowflake_spotify_project.silver_listings: create or replace  temporary view SPOTIFY_DB.silver.silver_listings__dbt_tmp
  
  
  
  
  as (
    


select 
    listing_id,
    host_id,
    
    UPPER(property_type)
   as property_type,
    
    UPPER(room_type)
   as room_type,
    
    UPPER(city)
   as city,
    
    UPPER(country)
   as country,
    accommodates,
    bathrooms,
    bedrooms,
    price_per_night,
    
    case 
        when price_per_night < 100 then 'low'
        when price_per_night < 200 then 'medium'
        else 'high'
    end
 as price_per_night_tag,
    created_at as listing_created_at
from 
    SPOTIFY_DB.bronze.bronze_listings
  )
/* {"app": "dbt", "dbt_version": "1.11.2", "profile_name": "snowflake_spotify_project", "target_name": "dev", "node_id": "model.snowflake_spotify_project.silver_listings"} */;
[0m19:45:32.160583 [debug] [Thread-2 (]: SQL status: SUCCESS 1 in 0.256 seconds
[0m19:45:32.166505 [debug] [Thread-2 (]: Using snowflake connection "model.snowflake_spotify_project.silver_listings"
[0m19:45:32.166829 [debug] [Thread-2 (]: On model.snowflake_spotify_project.silver_listings: describe table SPOTIFY_DB.silver.silver_listings__dbt_tmp
/* {"app": "dbt", "dbt_version": "1.11.2", "profile_name": "snowflake_spotify_project", "target_name": "dev", "node_id": "model.snowflake_spotify_project.silver_listings"} */
[0m19:45:32.290101 [debug] [Thread-2 (]: SQL status: SUCCESS 12 in 0.123 seconds
[0m19:45:32.297349 [debug] [Thread-2 (]: Using snowflake connection "model.snowflake_spotify_project.silver_listings"
[0m19:45:32.297621 [debug] [Thread-2 (]: On model.snowflake_spotify_project.silver_listings: describe table SPOTIFY_DB.silver.silver_listings
/* {"app": "dbt", "dbt_version": "1.11.2", "profile_name": "snowflake_spotify_project", "target_name": "dev", "node_id": "model.snowflake_spotify_project.silver_listings"} */
[0m19:45:32.412072 [debug] [Thread-2 (]: SQL status: SUCCESS 11 in 0.114 seconds
[0m19:45:32.417963 [debug] [Thread-2 (]: Using snowflake connection "model.snowflake_spotify_project.silver_listings"
[0m19:45:32.418250 [debug] [Thread-2 (]: On model.snowflake_spotify_project.silver_listings: describe table "SPOTIFY_DB"."SILVER"."SILVER_LISTINGS"
/* {"app": "dbt", "dbt_version": "1.11.2", "profile_name": "snowflake_spotify_project", "target_name": "dev", "node_id": "model.snowflake_spotify_project.silver_listings"} */
[0m19:45:32.522373 [debug] [Thread-2 (]: SQL status: SUCCESS 11 in 0.104 seconds
[0m19:45:32.528365 [debug] [Thread-2 (]: Writing runtime sql for node "model.snowflake_spotify_project.silver_listings"
[0m19:45:32.530080 [debug] [Thread-2 (]: Using snowflake connection "model.snowflake_spotify_project.silver_listings"
[0m19:45:32.530335 [debug] [Thread-2 (]: On model.snowflake_spotify_project.silver_listings: -- back compat for old kwarg name
  
  begin
/* {"app": "dbt", "dbt_version": "1.11.2", "profile_name": "snowflake_spotify_project", "target_name": "dev", "node_id": "model.snowflake_spotify_project.silver_listings"} */;
[0m19:45:32.657781 [debug] [Thread-2 (]: SQL status: SUCCESS 1 in 0.127 seconds
[0m19:45:32.658953 [debug] [Thread-2 (]: Using snowflake connection "model.snowflake_spotify_project.silver_listings"
[0m19:45:32.659802 [debug] [Thread-2 (]: On model.snowflake_spotify_project.silver_listings: merge into SPOTIFY_DB.silver.silver_listings as DBT_INTERNAL_DEST
        using SPOTIFY_DB.silver.silver_listings__dbt_tmp as DBT_INTERNAL_SOURCE
        on ((DBT_INTERNAL_SOURCE.listing_id = DBT_INTERNAL_DEST.listing_id))

    
    when matched then update set
        "LISTING_ID" = DBT_INTERNAL_SOURCE."LISTING_ID","PROPERTY_TYPE" = DBT_INTERNAL_SOURCE."PROPERTY_TYPE","ROOM_TYPE" = DBT_INTERNAL_SOURCE."ROOM_TYPE","CITY" = DBT_INTERNAL_SOURCE."CITY","COUNTRY" = DBT_INTERNAL_SOURCE."COUNTRY","ACCOMMODATES" = DBT_INTERNAL_SOURCE."ACCOMMODATES","BATHROOMS" = DBT_INTERNAL_SOURCE."BATHROOMS","BEDROOMS" = DBT_INTERNAL_SOURCE."BEDROOMS","PRICE_PER_NIGHT" = DBT_INTERNAL_SOURCE."PRICE_PER_NIGHT","PRICE_PER_NIGHT_TAG" = DBT_INTERNAL_SOURCE."PRICE_PER_NIGHT_TAG","LISTING_CREATED_AT" = DBT_INTERNAL_SOURCE."LISTING_CREATED_AT"
    

    when not matched then insert
        ("LISTING_ID", "PROPERTY_TYPE", "ROOM_TYPE", "CITY", "COUNTRY", "ACCOMMODATES", "BATHROOMS", "BEDROOMS", "PRICE_PER_NIGHT", "PRICE_PER_NIGHT_TAG", "LISTING_CREATED_AT")
    values
        ("LISTING_ID", "PROPERTY_TYPE", "ROOM_TYPE", "CITY", "COUNTRY", "ACCOMMODATES", "BATHROOMS", "BEDROOMS", "PRICE_PER_NIGHT", "PRICE_PER_NIGHT_TAG", "LISTING_CREATED_AT")


/* {"app": "dbt", "dbt_version": "1.11.2", "profile_name": "snowflake_spotify_project", "target_name": "dev", "node_id": "model.snowflake_spotify_project.silver_listings"} */;
[0m19:45:33.116529 [debug] [Thread-2 (]: Snowflake adapter: Snowflake query id: 01c1fb41-3203-abb2-0000-0007183a4899
[0m19:45:33.117549 [debug] [Thread-2 (]: Snowflake adapter: Snowflake error: 100090 (42P18): Duplicate row detected during DML action
Row Values: [redacted]
[0m19:45:33.121600 [debug] [Thread-2 (]: Database Error in model silver_listings (models/silver/silver_listings.sql)
  100090 (42P18): Duplicate row detected during DML action
  Row Values: [redacted]
  compiled code at target/run/snowflake_spotify_project/models/silver/silver_listings.sql
[0m19:45:33.122138 [debug] [Thread-2 (]: Sending event: {'category': 'dbt', 'action': 'run_model', 'label': 'a0348b9e-b8a0-474c-af08-c950cfe651e1', 'context': [<snowplow_tracker.self_describing_json.SelfDescribingJson object at 0x102264e90>]}
[0m19:45:33.122710 [error] [Thread-2 (]: 7 of 7 ERROR creating sql incremental model silver.silver_listings ............. [[31mERROR[0m in 1.22s]
[0m19:45:33.123130 [debug] [Thread-2 (]: Finished running node model.snowflake_spotify_project.silver_listings
[0m19:45:33.123514 [debug] [Thread-5 (]: Marking all children of 'model.snowflake_spotify_project.silver_listings' to be skipped because of status 'error'.  Reason: Database Error in model silver_listings (models/silver/silver_listings.sql)
  100090 (42P18): Duplicate row detected during DML action
  Row Values: [redacted]
  compiled code at target/run/snowflake_spotify_project/models/silver/silver_listings.sql.
[0m19:45:33.124698 [debug] [MainThread]: Connection 'master' was properly closed.
[0m19:45:33.125072 [debug] [MainThread]: Connection 'model.snowflake_spotify_project.silver_listings' was left open.
[0m19:45:33.125307 [debug] [MainThread]: On model.snowflake_spotify_project.silver_listings: Close
[0m19:45:33.312570 [info ] [MainThread]: 
[0m19:45:33.313144 [info ] [MainThread]: Finished running 6 incremental models, 1 table model in 0 hours 0 minutes and 11.54 seconds (11.54s).
[0m19:45:33.314363 [debug] [MainThread]: Command end result
[0m19:45:33.337777 [debug] [MainThread]: Wrote artifact WritableManifest to /Users/faizaan/Desktop/dbt_spotify_prj/snowflake_spotify_project/target/manifest.json
[0m19:45:33.339346 [debug] [MainThread]: Wrote artifact SemanticManifest to /Users/faizaan/Desktop/dbt_spotify_prj/snowflake_spotify_project/target/semantic_manifest.json
[0m19:45:33.343315 [debug] [MainThread]: Wrote artifact RunExecutionResult to /Users/faizaan/Desktop/dbt_spotify_prj/snowflake_spotify_project/target/run_results.json
[0m19:45:33.343506 [info ] [MainThread]: 
[0m19:45:33.343726 [info ] [MainThread]: [31mCompleted with 4 errors, 0 partial successes, and 0 warnings:[0m
[0m19:45:33.343885 [info ] [MainThread]: 
[0m19:45:33.344153 [error] [MainThread]: [31mFailure in model obt (models/gold/obt.sql)[0m
[0m19:45:33.344340 [error] [MainThread]:   Database Error in model obt (models/gold/obt.sql)
  001003 (42000): SQL compilation error:
  syntax error line 6 at position 4 unexpected ')'.
  compiled code at target/run/snowflake_spotify_project/models/gold/obt.sql
[0m19:45:33.344490 [info ] [MainThread]: 
[0m19:45:33.344663 [error] [MainThread]: [31mFailure in model silver_bookings (models/silver/silver_bookings.sql)[0m
[0m19:45:33.344829 [error] [MainThread]:   Database Error in model silver_bookings (models/silver/silver_bookings.sql)
  100090 (42P18): Duplicate row detected during DML action
  Row Values: [redacted]
  compiled code at target/run/snowflake_spotify_project/models/silver/silver_bookings.sql
[0m19:45:33.344961 [info ] [MainThread]: 
[0m19:45:33.345123 [info ] [MainThread]:   compiled code at target/compiled/snowflake_spotify_project/models/silver/silver_bookings.sql
[0m19:45:33.345254 [info ] [MainThread]: 
[0m19:45:33.345415 [error] [MainThread]: [31mFailure in model silver_hosts (models/silver/silver_hosts.sql)[0m
[0m19:45:33.345572 [error] [MainThread]:   Database Error in model silver_hosts (models/silver/silver_hosts.sql)
  100090 (42P18): Duplicate row detected during DML action
  Row Values: [redacted]
  compiled code at target/run/snowflake_spotify_project/models/silver/silver_hosts.sql
[0m19:45:33.345710 [info ] [MainThread]: 
[0m19:45:33.345864 [info ] [MainThread]:   compiled code at target/compiled/snowflake_spotify_project/models/silver/silver_hosts.sql
[0m19:45:33.345997 [info ] [MainThread]: 
[0m19:45:33.346153 [error] [MainThread]: [31mFailure in model silver_listings (models/silver/silver_listings.sql)[0m
[0m19:45:33.346316 [error] [MainThread]:   Database Error in model silver_listings (models/silver/silver_listings.sql)
  100090 (42P18): Duplicate row detected during DML action
  Row Values: [redacted]
  compiled code at target/run/snowflake_spotify_project/models/silver/silver_listings.sql
[0m19:45:33.346443 [info ] [MainThread]: 
[0m19:45:33.346595 [info ] [MainThread]:   compiled code at target/compiled/snowflake_spotify_project/models/silver/silver_listings.sql
[0m19:45:33.346727 [info ] [MainThread]: 
[0m19:45:33.346881 [info ] [MainThread]: Done. PASS=3 WARN=0 ERROR=4 SKIP=0 NO-OP=0 TOTAL=7
[0m19:45:33.349469 [debug] [MainThread]: Resource report: {"command_name": "run", "command_success": false, "command_wall_clock_time": 11.950776, "process_in_blocks": "0", "process_kernel_time": 0.22373, "process_mem_max_rss": "168198144", "process_out_blocks": "0", "process_user_time": 1.448178}
[0m19:45:33.349820 [debug] [MainThread]: Command `dbt run` failed at 19:45:33.349761 after 11.95 seconds
[0m19:45:33.350530 [debug] [MainThread]: Sending event: {'category': 'dbt', 'action': 'invocation', 'label': 'end', 'context': [<snowplow_tracker.self_describing_json.SelfDescribingJson object at 0x104e88cd0>, <snowplow_tracker.self_describing_json.SelfDescribingJson object at 0x1073b6050>, <snowplow_tracker.self_describing_json.SelfDescribingJson object at 0x100818a90>]}
[0m19:45:33.350872 [debug] [MainThread]: Flushing usage events
[0m19:45:33.805260 [debug] [MainThread]: An error was encountered while trying to flush usage events
[0m19:46:12.373408 [debug] [MainThread]: Sending event: {'category': 'dbt', 'action': 'invocation', 'label': 'start', 'context': [<snowplow_tracker.self_describing_json.SelfDescribingJson object at 0x10538f950>, <snowplow_tracker.self_describing_json.SelfDescribingJson object at 0x1053fbbd0>, <snowplow_tracker.self_describing_json.SelfDescribingJson object at 0x10541b410>]}


============================== 19:46:12.374999 | c1b48734-9676-4d58-82a0-29f9c3e35238 ==============================
[0m19:46:12.374999 [info ] [MainThread]: Running with dbt=1.11.2
[0m19:46:12.375233 [debug] [MainThread]: running dbt with arguments {'no_print': 'None', 'warn_error_options': 'WarnErrorOptionsV2(error=[], warn=[], silence=[])', 'version_check': 'True', 'profiles_dir': '/Users/faizaan/Desktop/dbt_spotify_prj/snowflake_spotify_project', 'partial_parse': 'True', 'warn_error': 'None', 'log_path': '/Users/faizaan/Desktop/dbt_spotify_prj/snowflake_spotify_project/logs', 'use_colors': 'True', 'static_parser': 'True', 'fail_fast': 'False', 'introspect': 'True', 'indirect_selection': 'eager', 'log_cache_events': 'False', 'cache_selected_only': 'False', 'debug': 'False', 'invocation_command': 'dbt run --select models/silver', 'printer_width': '80', 'use_experimental_parser': 'False', 'quiet': 'False', 'send_anonymous_usage_stats': 'True', 'log_format': 'default', 'empty': 'False', 'target_path': 'None', 'write_json': 'True'}
[0m19:46:12.497428 [debug] [MainThread]: Snowflake adapter: Setting snowflake.connector to ERROR (file logging only)
[0m19:46:12.497654 [debug] [MainThread]: Snowflake adapter: Setting botocore to ERROR (file logging only)
[0m19:46:12.497757 [debug] [MainThread]: Snowflake adapter: Setting boto3 to ERROR (file logging only)
[0m19:46:12.547309 [debug] [MainThread]: Sending event: {'category': 'dbt', 'action': 'project_id', 'label': 'c1b48734-9676-4d58-82a0-29f9c3e35238', 'context': [<snowplow_tracker.self_describing_json.SelfDescribingJson object at 0x1061de790>]}
[0m19:46:12.563756 [debug] [MainThread]: Sending event: {'category': 'dbt', 'action': 'adapter_info', 'label': 'c1b48734-9676-4d58-82a0-29f9c3e35238', 'context': [<snowplow_tracker.self_describing_json.SelfDescribingJson object at 0x10457c090>]}
[0m19:46:12.564203 [info ] [MainThread]: Registered adapter: snowflake=1.11.1
[0m19:46:12.608023 [debug] [MainThread]: checksum: 3d40d8bbe1bef07db1c24822f2dbfff8bc07f2a48ed4fe2658a40653aec0b54b, vars: {}, profile: , target: , version: 1.11.2
[0m19:46:12.653771 [debug] [MainThread]: Partial parsing enabled: 0 files deleted, 0 files added, 0 files changed.
[0m19:46:12.653915 [debug] [MainThread]: Nothing changed, skipping partial parsing.
[0m19:46:12.654001 [debug] [MainThread]: Partial parsing enabled, no changes found, skipping parsing
[0m19:46:12.667325 [debug] [MainThread]: Sending event: {'category': 'dbt', 'action': 'load_project', 'label': 'c1b48734-9676-4d58-82a0-29f9c3e35238', 'context': [<snowplow_tracker.self_describing_json.SelfDescribingJson object at 0x106528210>]}
[0m19:46:12.692541 [debug] [MainThread]: Wrote artifact WritableManifest to /Users/faizaan/Desktop/dbt_spotify_prj/snowflake_spotify_project/target/manifest.json
[0m19:46:12.693200 [debug] [MainThread]: Wrote artifact SemanticManifest to /Users/faizaan/Desktop/dbt_spotify_prj/snowflake_spotify_project/target/semantic_manifest.json
[0m19:46:12.700562 [debug] [MainThread]: Sending event: {'category': 'dbt', 'action': 'resource_counts', 'label': 'c1b48734-9676-4d58-82a0-29f9c3e35238', 'context': [<snowplow_tracker.self_describing_json.SelfDescribingJson object at 0x1065aff90>]}
[0m19:46:12.700726 [info ] [MainThread]: Found 7 models, 1 analysis, 3 sources, 527 macros
[0m19:46:12.700844 [debug] [MainThread]: Sending event: {'category': 'dbt', 'action': 'runnable_timing', 'label': 'c1b48734-9676-4d58-82a0-29f9c3e35238', 'context': [<snowplow_tracker.self_describing_json.SelfDescribingJson object at 0x105390490>]}
[0m19:46:12.701447 [info ] [MainThread]: 
[0m19:46:12.701561 [info ] [MainThread]: Concurrency: 1 threads (target='dev')
[0m19:46:12.701648 [info ] [MainThread]: 
[0m19:46:12.701799 [debug] [MainThread]: Acquiring new snowflake connection 'master'
[0m19:46:12.703144 [debug] [ThreadPool]: Acquiring new snowflake connection 'list_SPOTIFY_DB'
[0m19:46:12.724179 [debug] [ThreadPool]: Using snowflake connection "list_SPOTIFY_DB"
[0m19:46:12.724332 [debug] [ThreadPool]: On list_SPOTIFY_DB: show terse schemas in database SPOTIFY_DB
    limit 10000
/* {"app": "dbt", "dbt_version": "1.11.2", "profile_name": "snowflake_spotify_project", "target_name": "dev", "connection_name": "list_SPOTIFY_DB"} */
[0m19:46:12.724421 [debug] [ThreadPool]: Opening a new connection, currently in state init
[0m19:46:13.999497 [debug] [ThreadPool]: SQL status: SUCCESS 5 in 1.275 seconds
[0m19:46:14.000776 [debug] [ThreadPool]: Re-using an available connection from the pool (formerly list_SPOTIFY_DB, now create_SPOTIFY_DB_silver)
[0m19:46:14.001076 [debug] [ThreadPool]: Creating schema "database: "SPOTIFY_DB"
schema: "silver"
"
[0m19:46:14.004049 [debug] [ThreadPool]: Using snowflake connection "create_SPOTIFY_DB_silver"
[0m19:46:14.004235 [debug] [ThreadPool]: On create_SPOTIFY_DB_silver: create schema if not exists SPOTIFY_DB.silver
/* {"app": "dbt", "dbt_version": "1.11.2", "profile_name": "snowflake_spotify_project", "target_name": "dev", "connection_name": "create_SPOTIFY_DB_silver"} */
[0m19:46:14.150384 [debug] [ThreadPool]: SQL status: SUCCESS 1 in 0.146 seconds
[0m19:46:14.153131 [debug] [ThreadPool]: Re-using an available connection from the pool (formerly create_SPOTIFY_DB_silver, now list_SPOTIFY_DB_bronze)
[0m19:46:14.163700 [debug] [ThreadPool]: Using snowflake connection "list_SPOTIFY_DB_bronze"
[0m19:46:14.163983 [debug] [ThreadPool]: On list_SPOTIFY_DB_bronze: show objects in SPOTIFY_DB.bronze
    limit 10000
    

/* {"app": "dbt", "dbt_version": "1.11.2", "profile_name": "snowflake_spotify_project", "target_name": "dev", "connection_name": "list_SPOTIFY_DB_bronze"} */;
[0m19:46:14.313366 [debug] [ThreadPool]: SQL status: SUCCESS 3 in 0.149 seconds
[0m19:46:14.315881 [debug] [ThreadPool]: Re-using an available connection from the pool (formerly list_SPOTIFY_DB_bronze, now list_SPOTIFY_DB_silver)
[0m19:46:14.319205 [debug] [ThreadPool]: Using snowflake connection "list_SPOTIFY_DB_silver"
[0m19:46:14.319480 [debug] [ThreadPool]: On list_SPOTIFY_DB_silver: show objects in SPOTIFY_DB.silver
    limit 10000
    

/* {"app": "dbt", "dbt_version": "1.11.2", "profile_name": "snowflake_spotify_project", "target_name": "dev", "connection_name": "list_SPOTIFY_DB_silver"} */;
[0m19:46:14.454338 [debug] [ThreadPool]: SQL status: SUCCESS 0 in 0.134 seconds
[0m19:46:14.457116 [debug] [ThreadPool]: Re-using an available connection from the pool (formerly list_SPOTIFY_DB_silver, now list_SPOTIFY_DB_gold)
[0m19:46:14.460073 [debug] [ThreadPool]: Using snowflake connection "list_SPOTIFY_DB_gold"
[0m19:46:14.460374 [debug] [ThreadPool]: On list_SPOTIFY_DB_gold: show objects in SPOTIFY_DB.gold
    limit 10000
    

/* {"app": "dbt", "dbt_version": "1.11.2", "profile_name": "snowflake_spotify_project", "target_name": "dev", "connection_name": "list_SPOTIFY_DB_gold"} */;
[0m19:46:14.584958 [debug] [ThreadPool]: SQL status: SUCCESS 0 in 0.124 seconds
[0m19:46:14.587725 [debug] [MainThread]: Sending event: {'category': 'dbt', 'action': 'runnable_timing', 'label': 'c1b48734-9676-4d58-82a0-29f9c3e35238', 'context': [<snowplow_tracker.self_describing_json.SelfDescribingJson object at 0x1065f0450>]}
[0m19:46:14.590742 [debug] [Thread-2 (]: Began running node model.snowflake_spotify_project.silver_bookings
[0m19:46:14.591253 [info ] [Thread-2 (]: 1 of 3 START sql incremental model silver.silver_bookings ...................... [RUN]
[0m19:46:14.591661 [debug] [Thread-2 (]: Re-using an available connection from the pool (formerly list_SPOTIFY_DB_gold, now model.snowflake_spotify_project.silver_bookings)
[0m19:46:14.591972 [debug] [Thread-2 (]: Began compiling node model.snowflake_spotify_project.silver_bookings
[0m19:46:14.599805 [debug] [Thread-2 (]: Writing injected SQL for node "model.snowflake_spotify_project.silver_bookings"
[0m19:46:14.600375 [debug] [Thread-2 (]: Began executing node model.snowflake_spotify_project.silver_bookings
[0m19:46:14.639878 [debug] [Thread-2 (]: Writing runtime sql for node "model.snowflake_spotify_project.silver_bookings"
[0m19:46:14.640471 [debug] [Thread-2 (]: Using snowflake connection "model.snowflake_spotify_project.silver_bookings"
[0m19:46:14.640640 [debug] [Thread-2 (]: On model.snowflake_spotify_project.silver_bookings: create or replace transient table SPOTIFY_DB.silver.silver_bookings
    
    
    
    as (


select 
    booking_id,
    listing_id,
    booking_date,
    
    ROUND(booking_amount * nights_booked, 2)
 as total_amount,
    service_fee,
    cleaning_fee,
    booking_status,
    created_at as booking_created_at 
from 
    SPOTIFY_DB.bronze.bronze_bookings
    )

/* {"app": "dbt", "dbt_version": "1.11.2", "profile_name": "snowflake_spotify_project", "target_name": "dev", "node_id": "model.snowflake_spotify_project.silver_bookings"} */;
[0m19:46:15.406645 [debug] [Thread-2 (]: SQL status: SUCCESS 1 in 0.766 seconds
[0m19:46:15.416353 [debug] [Thread-2 (]: Applying DROP to: SPOTIFY_DB.silver.silver_bookings__dbt_tmp
[0m19:46:15.421709 [debug] [Thread-2 (]: Using snowflake connection "model.snowflake_spotify_project.silver_bookings"
[0m19:46:15.422021 [debug] [Thread-2 (]: On model.snowflake_spotify_project.silver_bookings: drop view if exists SPOTIFY_DB.silver.silver_bookings__dbt_tmp cascade
/* {"app": "dbt", "dbt_version": "1.11.2", "profile_name": "snowflake_spotify_project", "target_name": "dev", "node_id": "model.snowflake_spotify_project.silver_bookings"} */
[0m19:46:15.537183 [debug] [Thread-2 (]: SQL status: SUCCESS 1 in 0.115 seconds
[0m19:46:15.557632 [debug] [Thread-2 (]: Sending event: {'category': 'dbt', 'action': 'run_model', 'label': 'c1b48734-9676-4d58-82a0-29f9c3e35238', 'context': [<snowplow_tracker.self_describing_json.SelfDescribingJson object at 0x10c89ed90>]}
[0m19:46:15.558268 [info ] [Thread-2 (]: 1 of 3 OK created sql incremental model silver.silver_bookings ................. [[32mSUCCESS 1[0m in 0.96s]
[0m19:46:15.558685 [debug] [Thread-2 (]: Finished running node model.snowflake_spotify_project.silver_bookings
[0m19:46:15.558965 [debug] [Thread-2 (]: Began running node model.snowflake_spotify_project.silver_hosts
[0m19:46:15.559364 [info ] [Thread-2 (]: 2 of 3 START sql incremental model silver.silver_hosts ......................... [RUN]
[0m19:46:15.559723 [debug] [Thread-2 (]: Re-using an available connection from the pool (formerly model.snowflake_spotify_project.silver_bookings, now model.snowflake_spotify_project.silver_hosts)
[0m19:46:15.559969 [debug] [Thread-2 (]: Began compiling node model.snowflake_spotify_project.silver_hosts
[0m19:46:15.563695 [debug] [Thread-2 (]: Writing injected SQL for node "model.snowflake_spotify_project.silver_hosts"
[0m19:46:15.564157 [debug] [Thread-2 (]: Began executing node model.snowflake_spotify_project.silver_hosts
[0m19:46:15.566523 [debug] [Thread-2 (]: Writing runtime sql for node "model.snowflake_spotify_project.silver_hosts"
[0m19:46:15.567507 [debug] [Thread-2 (]: Using snowflake connection "model.snowflake_spotify_project.silver_hosts"
[0m19:46:15.567801 [debug] [Thread-2 (]: On model.snowflake_spotify_project.silver_hosts: create or replace transient table SPOTIFY_DB.silver.silver_hosts
    
    
    
    as (


select 
    host_id,
    
    UPPER(host_name)
   as host_name,
    host_since,
    is_superhost,
    response_rate,
    
    case 
        when response_rate > 95 then 'Very Good'
        when response_rate > 80 then 'Good'
        when response_rate > 60 then 'Average'
        else 'Poor'
    end
 as response_rate_category,
    created_at as host_created_at
from
    SPOTIFY_DB.bronze.bronze_hosts
    )

/* {"app": "dbt", "dbt_version": "1.11.2", "profile_name": "snowflake_spotify_project", "target_name": "dev", "node_id": "model.snowflake_spotify_project.silver_hosts"} */;
[0m19:46:16.122007 [debug] [Thread-2 (]: SQL status: SUCCESS 1 in 0.554 seconds
[0m19:46:16.124674 [debug] [Thread-2 (]: Applying DROP to: SPOTIFY_DB.silver.silver_hosts__dbt_tmp
[0m19:46:16.125210 [debug] [Thread-2 (]: Using snowflake connection "model.snowflake_spotify_project.silver_hosts"
[0m19:46:16.125419 [debug] [Thread-2 (]: On model.snowflake_spotify_project.silver_hosts: drop view if exists SPOTIFY_DB.silver.silver_hosts__dbt_tmp cascade
/* {"app": "dbt", "dbt_version": "1.11.2", "profile_name": "snowflake_spotify_project", "target_name": "dev", "node_id": "model.snowflake_spotify_project.silver_hosts"} */
[0m19:46:16.237849 [debug] [Thread-2 (]: SQL status: SUCCESS 1 in 0.112 seconds
[0m19:46:16.239288 [debug] [Thread-2 (]: Sending event: {'category': 'dbt', 'action': 'run_model', 'label': 'c1b48734-9676-4d58-82a0-29f9c3e35238', 'context': [<snowplow_tracker.self_describing_json.SelfDescribingJson object at 0x1062c17d0>]}
[0m19:46:16.239725 [info ] [Thread-2 (]: 2 of 3 OK created sql incremental model silver.silver_hosts .................... [[32mSUCCESS 1[0m in 0.68s]
[0m19:46:16.240080 [debug] [Thread-2 (]: Finished running node model.snowflake_spotify_project.silver_hosts
[0m19:46:16.240337 [debug] [Thread-2 (]: Began running node model.snowflake_spotify_project.silver_listings
[0m19:46:16.240724 [info ] [Thread-2 (]: 3 of 3 START sql incremental model silver.silver_listings ...................... [RUN]
[0m19:46:16.241058 [debug] [Thread-2 (]: Re-using an available connection from the pool (formerly model.snowflake_spotify_project.silver_hosts, now model.snowflake_spotify_project.silver_listings)
[0m19:46:16.241290 [debug] [Thread-2 (]: Began compiling node model.snowflake_spotify_project.silver_listings
[0m19:46:16.244436 [debug] [Thread-2 (]: Writing injected SQL for node "model.snowflake_spotify_project.silver_listings"
[0m19:46:16.244914 [debug] [Thread-2 (]: Began executing node model.snowflake_spotify_project.silver_listings
[0m19:46:16.247255 [debug] [Thread-2 (]: Writing runtime sql for node "model.snowflake_spotify_project.silver_listings"
[0m19:46:16.248106 [debug] [Thread-2 (]: Using snowflake connection "model.snowflake_spotify_project.silver_listings"
[0m19:46:16.248340 [debug] [Thread-2 (]: On model.snowflake_spotify_project.silver_listings: create or replace transient table SPOTIFY_DB.silver.silver_listings
    
    
    
    as (


select 
    listing_id,
    host_id,
    
    UPPER(property_type)
   as property_type,
    
    UPPER(room_type)
   as room_type,
    
    UPPER(city)
   as city,
    
    UPPER(country)
   as country,
    accommodates,
    bathrooms,
    bedrooms,
    price_per_night,
    
    case 
        when price_per_night < 100 then 'low'
        when price_per_night < 200 then 'medium'
        else 'high'
    end
 as price_per_night_tag,
    created_at as listing_created_at
from 
    SPOTIFY_DB.bronze.bronze_listings
    )

/* {"app": "dbt", "dbt_version": "1.11.2", "profile_name": "snowflake_spotify_project", "target_name": "dev", "node_id": "model.snowflake_spotify_project.silver_listings"} */;
[0m19:46:16.945083 [debug] [Thread-2 (]: SQL status: SUCCESS 1 in 0.696 seconds
[0m19:46:16.955828 [debug] [Thread-2 (]: Applying DROP to: SPOTIFY_DB.silver.silver_listings__dbt_tmp
[0m19:46:16.956703 [debug] [Thread-2 (]: Using snowflake connection "model.snowflake_spotify_project.silver_listings"
[0m19:46:16.957021 [debug] [Thread-2 (]: On model.snowflake_spotify_project.silver_listings: drop view if exists SPOTIFY_DB.silver.silver_listings__dbt_tmp cascade
/* {"app": "dbt", "dbt_version": "1.11.2", "profile_name": "snowflake_spotify_project", "target_name": "dev", "node_id": "model.snowflake_spotify_project.silver_listings"} */
[0m19:46:17.075224 [debug] [Thread-2 (]: SQL status: SUCCESS 1 in 0.118 seconds
[0m19:46:17.079131 [debug] [Thread-2 (]: Sending event: {'category': 'dbt', 'action': 'run_model', 'label': 'c1b48734-9676-4d58-82a0-29f9c3e35238', 'context': [<snowplow_tracker.self_describing_json.SelfDescribingJson object at 0x1077a3210>]}
[0m19:46:17.079989 [info ] [Thread-2 (]: 3 of 3 OK created sql incremental model silver.silver_listings ................. [[32mSUCCESS 1[0m in 0.84s]
[0m19:46:17.080557 [debug] [Thread-2 (]: Finished running node model.snowflake_spotify_project.silver_listings
[0m19:46:17.081874 [debug] [MainThread]: Connection 'master' was properly closed.
[0m19:46:17.082174 [debug] [MainThread]: Connection 'model.snowflake_spotify_project.silver_listings' was left open.
[0m19:46:17.082402 [debug] [MainThread]: On model.snowflake_spotify_project.silver_listings: Close
[0m19:46:17.271065 [info ] [MainThread]: 
[0m19:46:17.271739 [info ] [MainThread]: Finished running 3 incremental models in 0 hours 0 minutes and 4.57 seconds (4.57s).
[0m19:46:17.272672 [debug] [MainThread]: Command end result
[0m19:46:17.294115 [debug] [MainThread]: Wrote artifact WritableManifest to /Users/faizaan/Desktop/dbt_spotify_prj/snowflake_spotify_project/target/manifest.json
[0m19:46:17.295672 [debug] [MainThread]: Wrote artifact SemanticManifest to /Users/faizaan/Desktop/dbt_spotify_prj/snowflake_spotify_project/target/semantic_manifest.json
[0m19:46:17.299575 [debug] [MainThread]: Wrote artifact RunExecutionResult to /Users/faizaan/Desktop/dbt_spotify_prj/snowflake_spotify_project/target/run_results.json
[0m19:46:17.299776 [info ] [MainThread]: 
[0m19:46:17.300032 [info ] [MainThread]: [32mCompleted successfully[0m
[0m19:46:17.300204 [info ] [MainThread]: 
[0m19:46:17.300389 [info ] [MainThread]: Done. PASS=3 WARN=0 ERROR=0 SKIP=0 NO-OP=0 TOTAL=3
[0m19:46:17.302751 [debug] [MainThread]: Resource report: {"command_name": "run", "command_success": true, "command_wall_clock_time": 4.951704, "process_in_blocks": "0", "process_kernel_time": 0.162615, "process_mem_max_rss": "166871040", "process_out_blocks": "0", "process_user_time": 0.924592}
[0m19:46:17.303023 [debug] [MainThread]: Command `dbt run` succeeded at 19:46:17.302978 after 4.95 seconds
[0m19:46:17.303253 [debug] [MainThread]: Sending event: {'category': 'dbt', 'action': 'invocation', 'label': 'end', 'context': [<snowplow_tracker.self_describing_json.SelfDescribingJson object at 0x100c2d810>, <snowplow_tracker.self_describing_json.SelfDescribingJson object at 0x100c2da90>, <snowplow_tracker.self_describing_json.SelfDescribingJson object at 0x100d64cd0>]}
[0m19:46:17.303454 [debug] [MainThread]: Flushing usage events
[0m19:46:17.607595 [debug] [MainThread]: An error was encountered while trying to flush usage events
[0m19:47:15.179935 [debug] [MainThread]: Sending event: {'category': 'dbt', 'action': 'invocation', 'label': 'start', 'context': [<snowplow_tracker.self_describing_json.SelfDescribingJson object at 0x1074ffd90>, <snowplow_tracker.self_describing_json.SelfDescribingJson object at 0x10752c210>, <snowplow_tracker.self_describing_json.SelfDescribingJson object at 0x10752cad0>]}


============================== 19:47:15.181349 | 6bfc9c33-318f-4c85-823f-196f2ac04e9b ==============================
[0m19:47:15.181349 [info ] [MainThread]: Running with dbt=1.11.2
[0m19:47:15.181560 [debug] [MainThread]: running dbt with arguments {'target_path': 'None', 'introspect': 'True', 'partial_parse': 'True', 'send_anonymous_usage_stats': 'True', 'write_json': 'True', 'warn_error': 'None', 'warn_error_options': 'WarnErrorOptionsV2(error=[], warn=[], silence=[])', 'use_colors': 'True', 'invocation_command': 'dbt ', 'use_experimental_parser': 'False', 'indirect_selection': 'eager', 'log_format': 'default', 'fail_fast': 'False', 'quiet': 'False', 'static_parser': 'True', 'empty': 'None', 'version_check': 'True', 'log_cache_events': 'False', 'profiles_dir': '/Users/faizaan/Desktop/dbt_spotify_prj/snowflake_spotify_project', 'no_print': 'None', 'log_path': '/Users/faizaan/Desktop/dbt_spotify_prj/snowflake_spotify_project/logs', 'cache_selected_only': 'False', 'printer_width': '80', 'debug': 'False'}
[0m19:47:15.218070 [debug] [MainThread]: Sending event: {'category': 'dbt', 'action': 'project_id', 'label': '6bfc9c33-318f-4c85-823f-196f2ac04e9b', 'context': [<snowplow_tracker.self_describing_json.SelfDescribingJson object at 0x107600c50>]}
[0m19:47:15.224637 [info ] [MainThread]: Warning: No packages were found in packages.yml
[0m19:47:15.225032 [info ] [MainThread]: Warning: No packages were found in packages.yml
[0m19:47:15.226182 [debug] [MainThread]: Resource report: {"command_name": "deps", "command_success": true, "command_wall_clock_time": 0.06698779, "process_in_blocks": "0", "process_kernel_time": 0.061672, "process_mem_max_rss": "113278976", "process_out_blocks": "0", "process_user_time": 0.42062}
[0m19:47:15.226371 [debug] [MainThread]: Command `cli deps` succeeded at 19:47:15.226329 after 0.07 seconds
[0m19:47:15.226494 [debug] [MainThread]: Sending event: {'category': 'dbt', 'action': 'invocation', 'label': 'end', 'context': [<snowplow_tracker.self_describing_json.SelfDescribingJson object at 0x1074a1c90>, <snowplow_tracker.self_describing_json.SelfDescribingJson object at 0x1074fdb50>, <snowplow_tracker.self_describing_json.SelfDescribingJson object at 0x1022faad0>]}
[0m19:47:15.226635 [debug] [MainThread]: Flushing usage events
[0m19:47:15.594898 [debug] [MainThread]: An error was encountered while trying to flush usage events
[0m19:53:33.399796 [debug] [MainThread]: Sending event: {'category': 'dbt', 'action': 'invocation', 'label': 'start', 'context': [<snowplow_tracker.self_describing_json.SelfDescribingJson object at 0x1054f6250>, <snowplow_tracker.self_describing_json.SelfDescribingJson object at 0x105582750>, <snowplow_tracker.self_describing_json.SelfDescribingJson object at 0x105583290>]}


============================== 19:53:33.401312 | c0324d57-aa3a-4b39-80de-c493da73f3e6 ==============================
[0m19:53:33.401312 [info ] [MainThread]: Running with dbt=1.11.2
[0m19:53:33.401527 [debug] [MainThread]: running dbt with arguments {'no_print': 'None', 'fail_fast': 'False', 'use_experimental_parser': 'False', 'log_cache_events': 'False', 'static_parser': 'True', 'log_path': '/Users/faizaan/Desktop/dbt_spotify_prj/snowflake_spotify_project/logs', 'send_anonymous_usage_stats': 'True', 'write_json': 'True', 'version_check': 'True', 'empty': 'False', 'invocation_command': 'dbt run', 'target_path': 'None', 'warn_error_options': 'WarnErrorOptionsV2(error=[], warn=[], silence=[])', 'introspect': 'True', 'cache_selected_only': 'False', 'debug': 'False', 'profiles_dir': '/Users/faizaan/Desktop/dbt_spotify_prj/snowflake_spotify_project', 'log_format': 'default', 'quiet': 'False', 'use_colors': 'True', 'indirect_selection': 'eager', 'printer_width': '80', 'warn_error': 'None', 'partial_parse': 'True'}
[0m19:53:33.490008 [debug] [MainThread]: Snowflake adapter: Setting snowflake.connector to ERROR (file logging only)
[0m19:53:33.490206 [debug] [MainThread]: Snowflake adapter: Setting botocore to ERROR (file logging only)
[0m19:53:33.490312 [debug] [MainThread]: Snowflake adapter: Setting boto3 to ERROR (file logging only)
[0m19:53:33.539043 [debug] [MainThread]: Sending event: {'category': 'dbt', 'action': 'project_id', 'label': 'c0324d57-aa3a-4b39-80de-c493da73f3e6', 'context': [<snowplow_tracker.self_describing_json.SelfDescribingJson object at 0x106485ad0>]}
[0m19:53:33.555540 [debug] [MainThread]: Sending event: {'category': 'dbt', 'action': 'adapter_info', 'label': 'c0324d57-aa3a-4b39-80de-c493da73f3e6', 'context': [<snowplow_tracker.self_describing_json.SelfDescribingJson object at 0x1046d59d0>]}
[0m19:53:33.555860 [info ] [MainThread]: Registered adapter: snowflake=1.11.1
[0m19:53:33.597735 [debug] [MainThread]: checksum: 3d40d8bbe1bef07db1c24822f2dbfff8bc07f2a48ed4fe2658a40653aec0b54b, vars: {}, profile: , target: , version: 1.11.2
[0m19:53:33.633412 [debug] [MainThread]: Partial parsing enabled: 0 files deleted, 0 files added, 0 files changed.
[0m19:53:33.633566 [debug] [MainThread]: Nothing changed, skipping partial parsing.
[0m19:53:33.633656 [debug] [MainThread]: Partial parsing enabled, no changes found, skipping parsing
[0m19:53:33.646971 [debug] [MainThread]: Sending event: {'category': 'dbt', 'action': 'load_project', 'label': 'c0324d57-aa3a-4b39-80de-c493da73f3e6', 'context': [<snowplow_tracker.self_describing_json.SelfDescribingJson object at 0x10677e2d0>]}
[0m19:53:33.672546 [debug] [MainThread]: Wrote artifact WritableManifest to /Users/faizaan/Desktop/dbt_spotify_prj/snowflake_spotify_project/target/manifest.json
[0m19:53:33.673215 [debug] [MainThread]: Wrote artifact SemanticManifest to /Users/faizaan/Desktop/dbt_spotify_prj/snowflake_spotify_project/target/semantic_manifest.json
[0m19:53:33.677545 [debug] [MainThread]: Sending event: {'category': 'dbt', 'action': 'resource_counts', 'label': 'c0324d57-aa3a-4b39-80de-c493da73f3e6', 'context': [<snowplow_tracker.self_describing_json.SelfDescribingJson object at 0x10642e610>]}
[0m19:53:33.677715 [info ] [MainThread]: Found 7 models, 1 analysis, 3 sources, 527 macros
[0m19:53:33.677837 [debug] [MainThread]: Sending event: {'category': 'dbt', 'action': 'runnable_timing', 'label': 'c0324d57-aa3a-4b39-80de-c493da73f3e6', 'context': [<snowplow_tracker.self_describing_json.SelfDescribingJson object at 0x105500b50>]}
[0m19:53:33.678467 [info ] [MainThread]: 
[0m19:53:33.678586 [info ] [MainThread]: Concurrency: 1 threads (target='dev')
[0m19:53:33.678673 [info ] [MainThread]: 
[0m19:53:33.678844 [debug] [MainThread]: Acquiring new snowflake connection 'master'
[0m19:53:33.680376 [debug] [ThreadPool]: Acquiring new snowflake connection 'list_SPOTIFY_DB'
[0m19:53:33.699480 [debug] [ThreadPool]: Using snowflake connection "list_SPOTIFY_DB"
[0m19:53:33.699630 [debug] [ThreadPool]: On list_SPOTIFY_DB: show terse schemas in database SPOTIFY_DB
    limit 10000
/* {"app": "dbt", "dbt_version": "1.11.2", "profile_name": "snowflake_spotify_project", "target_name": "dev", "connection_name": "list_SPOTIFY_DB"} */
[0m19:53:33.699717 [debug] [ThreadPool]: Opening a new connection, currently in state init
[0m19:53:34.945400 [debug] [ThreadPool]: SQL status: SUCCESS 6 in 1.245 seconds
[0m19:53:34.950948 [debug] [ThreadPool]: Using snowflake connection "list_SPOTIFY_DB"
[0m19:53:34.951340 [debug] [ThreadPool]: On list_SPOTIFY_DB: show terse schemas in database SPOTIFY_DB
    limit 10000
/* {"app": "dbt", "dbt_version": "1.11.2", "profile_name": "snowflake_spotify_project", "target_name": "dev", "connection_name": "list_SPOTIFY_DB"} */
[0m19:53:35.077540 [debug] [ThreadPool]: SQL status: SUCCESS 6 in 0.126 seconds
[0m19:53:35.081752 [debug] [ThreadPool]: Using snowflake connection "list_SPOTIFY_DB"
[0m19:53:35.082125 [debug] [ThreadPool]: On list_SPOTIFY_DB: show terse schemas in database SPOTIFY_DB
    limit 10000
/* {"app": "dbt", "dbt_version": "1.11.2", "profile_name": "snowflake_spotify_project", "target_name": "dev", "connection_name": "list_SPOTIFY_DB"} */
[0m19:53:35.197291 [debug] [ThreadPool]: SQL status: SUCCESS 6 in 0.115 seconds
[0m19:53:35.201094 [debug] [ThreadPool]: Re-using an available connection from the pool (formerly list_SPOTIFY_DB, now list_SPOTIFY_DB_silver)
[0m19:53:35.212341 [debug] [ThreadPool]: Using snowflake connection "list_SPOTIFY_DB_silver"
[0m19:53:35.212648 [debug] [ThreadPool]: On list_SPOTIFY_DB_silver: show objects in SPOTIFY_DB.silver
    limit 10000
    

/* {"app": "dbt", "dbt_version": "1.11.2", "profile_name": "snowflake_spotify_project", "target_name": "dev", "connection_name": "list_SPOTIFY_DB_silver"} */;
[0m19:53:35.339970 [debug] [ThreadPool]: SQL status: SUCCESS 3 in 0.127 seconds
[0m19:53:35.344342 [debug] [ThreadPool]: Re-using an available connection from the pool (formerly list_SPOTIFY_DB_silver, now list_SPOTIFY_DB_gold)
[0m19:53:35.346693 [debug] [ThreadPool]: Using snowflake connection "list_SPOTIFY_DB_gold"
[0m19:53:35.346933 [debug] [ThreadPool]: On list_SPOTIFY_DB_gold: show objects in SPOTIFY_DB.gold
    limit 10000
    

/* {"app": "dbt", "dbt_version": "1.11.2", "profile_name": "snowflake_spotify_project", "target_name": "dev", "connection_name": "list_SPOTIFY_DB_gold"} */;
[0m19:53:35.472873 [debug] [ThreadPool]: SQL status: SUCCESS 0 in 0.126 seconds
[0m19:53:35.475985 [debug] [ThreadPool]: Re-using an available connection from the pool (formerly list_SPOTIFY_DB_gold, now list_SPOTIFY_DB_bronze)
[0m19:53:35.479085 [debug] [ThreadPool]: Using snowflake connection "list_SPOTIFY_DB_bronze"
[0m19:53:35.479423 [debug] [ThreadPool]: On list_SPOTIFY_DB_bronze: show objects in SPOTIFY_DB.bronze
    limit 10000
    

/* {"app": "dbt", "dbt_version": "1.11.2", "profile_name": "snowflake_spotify_project", "target_name": "dev", "connection_name": "list_SPOTIFY_DB_bronze"} */;
[0m19:53:35.633685 [debug] [ThreadPool]: SQL status: SUCCESS 3 in 0.154 seconds
[0m19:53:35.637662 [debug] [MainThread]: Sending event: {'category': 'dbt', 'action': 'runnable_timing', 'label': 'c0324d57-aa3a-4b39-80de-c493da73f3e6', 'context': [<snowplow_tracker.self_describing_json.SelfDescribingJson object at 0x1066712d0>]}
[0m19:53:35.640203 [debug] [Thread-2 (]: Began running node model.snowflake_spotify_project.bronze_bookings
[0m19:53:35.640687 [info ] [Thread-2 (]: 1 of 7 START sql incremental model bronze.bronze_bookings ...................... [RUN]
[0m19:53:35.641070 [debug] [Thread-2 (]: Re-using an available connection from the pool (formerly list_SPOTIFY_DB_bronze, now model.snowflake_spotify_project.bronze_bookings)
[0m19:53:35.641339 [debug] [Thread-2 (]: Began compiling node model.snowflake_spotify_project.bronze_bookings
[0m19:53:35.652720 [debug] [Thread-2 (]: Writing injected SQL for node "model.snowflake_spotify_project.bronze_bookings"
[0m19:53:35.653589 [debug] [Thread-2 (]: Began executing node model.snowflake_spotify_project.bronze_bookings
[0m19:53:35.685393 [debug] [Thread-2 (]: Using snowflake connection "model.snowflake_spotify_project.bronze_bookings"
[0m19:53:35.685625 [debug] [Thread-2 (]: On model.snowflake_spotify_project.bronze_bookings: create or replace  temporary view SPOTIFY_DB.bronze.bronze_bookings__dbt_tmp
  
  
  
  
  as (
    

select * from SPOTIFY_DB.source.bookings


    where created_at >= (select coalesce(max(created_at), '1900-01-01') from SPOTIFY_DB.bronze.bronze_bookings)

  )
/* {"app": "dbt", "dbt_version": "1.11.2", "profile_name": "snowflake_spotify_project", "target_name": "dev", "node_id": "model.snowflake_spotify_project.bronze_bookings"} */;
[0m19:53:35.952181 [debug] [Thread-2 (]: SQL status: SUCCESS 1 in 0.266 seconds
[0m19:53:35.962081 [debug] [Thread-2 (]: Using snowflake connection "model.snowflake_spotify_project.bronze_bookings"
[0m19:53:35.962510 [debug] [Thread-2 (]: On model.snowflake_spotify_project.bronze_bookings: describe table SPOTIFY_DB.bronze.bronze_bookings__dbt_tmp
/* {"app": "dbt", "dbt_version": "1.11.2", "profile_name": "snowflake_spotify_project", "target_name": "dev", "node_id": "model.snowflake_spotify_project.bronze_bookings"} */
[0m19:53:36.084342 [debug] [Thread-2 (]: SQL status: SUCCESS 9 in 0.121 seconds
[0m19:53:36.087327 [debug] [Thread-2 (]: Using snowflake connection "model.snowflake_spotify_project.bronze_bookings"
[0m19:53:36.087561 [debug] [Thread-2 (]: On model.snowflake_spotify_project.bronze_bookings: describe table SPOTIFY_DB.bronze.bronze_bookings
/* {"app": "dbt", "dbt_version": "1.11.2", "profile_name": "snowflake_spotify_project", "target_name": "dev", "node_id": "model.snowflake_spotify_project.bronze_bookings"} */
[0m19:53:36.197406 [debug] [Thread-2 (]: SQL status: SUCCESS 9 in 0.109 seconds
[0m19:53:36.209680 [debug] [Thread-2 (]: Using snowflake connection "model.snowflake_spotify_project.bronze_bookings"
[0m19:53:36.210150 [debug] [Thread-2 (]: On model.snowflake_spotify_project.bronze_bookings: describe table "SPOTIFY_DB"."BRONZE"."BRONZE_BOOKINGS"
/* {"app": "dbt", "dbt_version": "1.11.2", "profile_name": "snowflake_spotify_project", "target_name": "dev", "node_id": "model.snowflake_spotify_project.bronze_bookings"} */
[0m19:53:36.317463 [debug] [Thread-2 (]: SQL status: SUCCESS 9 in 0.107 seconds
[0m19:53:36.334219 [debug] [Thread-2 (]: Writing runtime sql for node "model.snowflake_spotify_project.bronze_bookings"
[0m19:53:36.335254 [debug] [Thread-2 (]: Using snowflake connection "model.snowflake_spotify_project.bronze_bookings"
[0m19:53:36.335614 [debug] [Thread-2 (]: On model.snowflake_spotify_project.bronze_bookings: -- back compat for old kwarg name
  
  begin
/* {"app": "dbt", "dbt_version": "1.11.2", "profile_name": "snowflake_spotify_project", "target_name": "dev", "node_id": "model.snowflake_spotify_project.bronze_bookings"} */;
[0m19:53:36.471590 [debug] [Thread-2 (]: SQL status: SUCCESS 1 in 0.135 seconds
[0m19:53:36.472764 [debug] [Thread-2 (]: Using snowflake connection "model.snowflake_spotify_project.bronze_bookings"
[0m19:53:36.473526 [debug] [Thread-2 (]: On model.snowflake_spotify_project.bronze_bookings: insert into SPOTIFY_DB.bronze.bronze_bookings ("BOOKING_ID", "LISTING_ID", "BOOKING_DATE", "NIGHTS_BOOKED", "BOOKING_AMOUNT", "CLEANING_FEE", "SERVICE_FEE", "BOOKING_STATUS", "CREATED_AT")
        (
            select "BOOKING_ID", "LISTING_ID", "BOOKING_DATE", "NIGHTS_BOOKED", "BOOKING_AMOUNT", "CLEANING_FEE", "SERVICE_FEE", "BOOKING_STATUS", "CREATED_AT"
            from SPOTIFY_DB.bronze.bronze_bookings__dbt_tmp
        )
/* {"app": "dbt", "dbt_version": "1.11.2", "profile_name": "snowflake_spotify_project", "target_name": "dev", "node_id": "model.snowflake_spotify_project.bronze_bookings"} */;
[0m19:53:37.062495 [debug] [Thread-2 (]: SQL status: SUCCESS 5000 in 0.588 seconds
[0m19:53:37.063804 [debug] [Thread-2 (]: Using snowflake connection "model.snowflake_spotify_project.bronze_bookings"
[0m19:53:37.064523 [debug] [Thread-2 (]: On model.snowflake_spotify_project.bronze_bookings: COMMIT
/* {"app": "dbt", "dbt_version": "1.11.2", "profile_name": "snowflake_spotify_project", "target_name": "dev", "node_id": "model.snowflake_spotify_project.bronze_bookings"} */
[0m19:53:37.470427 [debug] [Thread-2 (]: SQL status: SUCCESS 1 in 0.405 seconds
[0m19:53:37.480220 [debug] [Thread-2 (]: Applying DROP to: SPOTIFY_DB.bronze.bronze_bookings__dbt_tmp
[0m19:53:37.485329 [debug] [Thread-2 (]: Using snowflake connection "model.snowflake_spotify_project.bronze_bookings"
[0m19:53:37.485631 [debug] [Thread-2 (]: On model.snowflake_spotify_project.bronze_bookings: drop view if exists SPOTIFY_DB.bronze.bronze_bookings__dbt_tmp cascade
/* {"app": "dbt", "dbt_version": "1.11.2", "profile_name": "snowflake_spotify_project", "target_name": "dev", "node_id": "model.snowflake_spotify_project.bronze_bookings"} */
[0m19:53:37.646172 [debug] [Thread-2 (]: SQL status: SUCCESS 1 in 0.160 seconds
[0m19:53:37.662533 [debug] [Thread-2 (]: Sending event: {'category': 'dbt', 'action': 'run_model', 'label': 'c0324d57-aa3a-4b39-80de-c493da73f3e6', 'context': [<snowplow_tracker.self_describing_json.SelfDescribingJson object at 0x1068e2390>]}
[0m19:53:37.662972 [info ] [Thread-2 (]: 1 of 7 OK created sql incremental model bronze.bronze_bookings ................. [[32mSUCCESS 5000[0m in 2.02s]
[0m19:53:37.663295 [debug] [Thread-2 (]: Finished running node model.snowflake_spotify_project.bronze_bookings
[0m19:53:37.663512 [debug] [Thread-2 (]: Began running node model.snowflake_spotify_project.bronze_hosts
[0m19:53:37.663842 [info ] [Thread-2 (]: 2 of 7 START sql incremental model bronze.bronze_hosts ......................... [RUN]
[0m19:53:37.664239 [debug] [Thread-2 (]: Re-using an available connection from the pool (formerly model.snowflake_spotify_project.bronze_bookings, now model.snowflake_spotify_project.bronze_hosts)
[0m19:53:37.664475 [debug] [Thread-2 (]: Began compiling node model.snowflake_spotify_project.bronze_hosts
[0m19:53:37.666658 [debug] [Thread-2 (]: Writing injected SQL for node "model.snowflake_spotify_project.bronze_hosts"
[0m19:53:37.667111 [debug] [Thread-2 (]: Began executing node model.snowflake_spotify_project.bronze_hosts
[0m19:53:37.669966 [debug] [Thread-2 (]: Using snowflake connection "model.snowflake_spotify_project.bronze_hosts"
[0m19:53:37.670249 [debug] [Thread-2 (]: On model.snowflake_spotify_project.bronze_hosts: create or replace  temporary view SPOTIFY_DB.bronze.bronze_hosts__dbt_tmp
  
  
  
  
  as (
    

select * from SPOTIFY_DB.source.hosts


    where created_at >= (select coalesce(max(created_at), '1900-01-01') from SPOTIFY_DB.bronze.bronze_hosts)

  )
/* {"app": "dbt", "dbt_version": "1.11.2", "profile_name": "snowflake_spotify_project", "target_name": "dev", "node_id": "model.snowflake_spotify_project.bronze_hosts"} */;
[0m19:53:37.942039 [debug] [Thread-2 (]: SQL status: SUCCESS 1 in 0.271 seconds
[0m19:53:37.947604 [debug] [Thread-2 (]: Using snowflake connection "model.snowflake_spotify_project.bronze_hosts"
[0m19:53:37.948047 [debug] [Thread-2 (]: On model.snowflake_spotify_project.bronze_hosts: describe table SPOTIFY_DB.bronze.bronze_hosts__dbt_tmp
/* {"app": "dbt", "dbt_version": "1.11.2", "profile_name": "snowflake_spotify_project", "target_name": "dev", "node_id": "model.snowflake_spotify_project.bronze_hosts"} */
[0m19:53:38.071183 [debug] [Thread-2 (]: SQL status: SUCCESS 6 in 0.123 seconds
[0m19:53:38.079261 [debug] [Thread-2 (]: Using snowflake connection "model.snowflake_spotify_project.bronze_hosts"
[0m19:53:38.079834 [debug] [Thread-2 (]: On model.snowflake_spotify_project.bronze_hosts: describe table SPOTIFY_DB.bronze.bronze_hosts
/* {"app": "dbt", "dbt_version": "1.11.2", "profile_name": "snowflake_spotify_project", "target_name": "dev", "node_id": "model.snowflake_spotify_project.bronze_hosts"} */
[0m19:53:38.211530 [debug] [Thread-2 (]: SQL status: SUCCESS 6 in 0.131 seconds
[0m19:53:38.217561 [debug] [Thread-2 (]: Using snowflake connection "model.snowflake_spotify_project.bronze_hosts"
[0m19:53:38.217993 [debug] [Thread-2 (]: On model.snowflake_spotify_project.bronze_hosts: describe table "SPOTIFY_DB"."BRONZE"."BRONZE_HOSTS"
/* {"app": "dbt", "dbt_version": "1.11.2", "profile_name": "snowflake_spotify_project", "target_name": "dev", "node_id": "model.snowflake_spotify_project.bronze_hosts"} */
[0m19:53:38.331423 [debug] [Thread-2 (]: SQL status: SUCCESS 6 in 0.113 seconds
[0m19:53:38.333502 [debug] [Thread-2 (]: Writing runtime sql for node "model.snowflake_spotify_project.bronze_hosts"
[0m19:53:38.334362 [debug] [Thread-2 (]: Using snowflake connection "model.snowflake_spotify_project.bronze_hosts"
[0m19:53:38.334619 [debug] [Thread-2 (]: On model.snowflake_spotify_project.bronze_hosts: -- back compat for old kwarg name
  
  begin
/* {"app": "dbt", "dbt_version": "1.11.2", "profile_name": "snowflake_spotify_project", "target_name": "dev", "node_id": "model.snowflake_spotify_project.bronze_hosts"} */;
[0m19:53:38.494695 [debug] [Thread-2 (]: SQL status: SUCCESS 1 in 0.160 seconds
[0m19:53:38.495842 [debug] [Thread-2 (]: Using snowflake connection "model.snowflake_spotify_project.bronze_hosts"
[0m19:53:38.496600 [debug] [Thread-2 (]: On model.snowflake_spotify_project.bronze_hosts: insert into SPOTIFY_DB.bronze.bronze_hosts ("HOST_ID", "HOST_NAME", "HOST_SINCE", "IS_SUPERHOST", "RESPONSE_RATE", "CREATED_AT")
        (
            select "HOST_ID", "HOST_NAME", "HOST_SINCE", "IS_SUPERHOST", "RESPONSE_RATE", "CREATED_AT"
            from SPOTIFY_DB.bronze.bronze_hosts__dbt_tmp
        )
/* {"app": "dbt", "dbt_version": "1.11.2", "profile_name": "snowflake_spotify_project", "target_name": "dev", "node_id": "model.snowflake_spotify_project.bronze_hosts"} */;
[0m19:53:39.005875 [debug] [Thread-2 (]: SQL status: SUCCESS 200 in 0.508 seconds
[0m19:53:39.007234 [debug] [Thread-2 (]: Using snowflake connection "model.snowflake_spotify_project.bronze_hosts"
[0m19:53:39.007795 [debug] [Thread-2 (]: On model.snowflake_spotify_project.bronze_hosts: COMMIT
/* {"app": "dbt", "dbt_version": "1.11.2", "profile_name": "snowflake_spotify_project", "target_name": "dev", "node_id": "model.snowflake_spotify_project.bronze_hosts"} */
[0m19:53:39.416414 [debug] [Thread-2 (]: SQL status: SUCCESS 1 in 0.408 seconds
[0m19:53:39.421759 [debug] [Thread-2 (]: Applying DROP to: SPOTIFY_DB.bronze.bronze_hosts__dbt_tmp
[0m19:53:39.422658 [debug] [Thread-2 (]: Using snowflake connection "model.snowflake_spotify_project.bronze_hosts"
[0m19:53:39.422951 [debug] [Thread-2 (]: On model.snowflake_spotify_project.bronze_hosts: drop view if exists SPOTIFY_DB.bronze.bronze_hosts__dbt_tmp cascade
/* {"app": "dbt", "dbt_version": "1.11.2", "profile_name": "snowflake_spotify_project", "target_name": "dev", "node_id": "model.snowflake_spotify_project.bronze_hosts"} */
[0m19:53:39.573761 [debug] [Thread-2 (]: SQL status: SUCCESS 1 in 0.150 seconds
[0m19:53:39.578204 [debug] [Thread-2 (]: Sending event: {'category': 'dbt', 'action': 'run_model', 'label': 'c0324d57-aa3a-4b39-80de-c493da73f3e6', 'context': [<snowplow_tracker.self_describing_json.SelfDescribingJson object at 0x1079f3f10>]}
[0m19:53:39.579202 [info ] [Thread-2 (]: 2 of 7 OK created sql incremental model bronze.bronze_hosts .................... [[32mSUCCESS 200[0m in 1.91s]
[0m19:53:39.579858 [debug] [Thread-2 (]: Finished running node model.snowflake_spotify_project.bronze_hosts
[0m19:53:39.580225 [debug] [Thread-2 (]: Began running node model.snowflake_spotify_project.bronze_listings
[0m19:53:39.580823 [info ] [Thread-2 (]: 3 of 7 START sql incremental model bronze.bronze_listings ...................... [RUN]
[0m19:53:39.581205 [debug] [Thread-2 (]: Re-using an available connection from the pool (formerly model.snowflake_spotify_project.bronze_hosts, now model.snowflake_spotify_project.bronze_listings)
[0m19:53:39.581491 [debug] [Thread-2 (]: Began compiling node model.snowflake_spotify_project.bronze_listings
[0m19:53:39.585723 [debug] [Thread-2 (]: Writing injected SQL for node "model.snowflake_spotify_project.bronze_listings"
[0m19:53:39.586460 [debug] [Thread-2 (]: Began executing node model.snowflake_spotify_project.bronze_listings
[0m19:53:39.589767 [debug] [Thread-2 (]: Using snowflake connection "model.snowflake_spotify_project.bronze_listings"
[0m19:53:39.590114 [debug] [Thread-2 (]: On model.snowflake_spotify_project.bronze_listings: create or replace  temporary view SPOTIFY_DB.bronze.bronze_listings__dbt_tmp
  
  
  
  
  as (
    


select * from SPOTIFY_DB.source.listings


    where created_at >= (select coalesce(max(created_at), '1900-01-01') from SPOTIFY_DB.bronze.bronze_listings)

  )
/* {"app": "dbt", "dbt_version": "1.11.2", "profile_name": "snowflake_spotify_project", "target_name": "dev", "node_id": "model.snowflake_spotify_project.bronze_listings"} */;
[0m19:53:39.834586 [debug] [Thread-2 (]: SQL status: SUCCESS 1 in 0.244 seconds
[0m19:53:39.841824 [debug] [Thread-2 (]: Using snowflake connection "model.snowflake_spotify_project.bronze_listings"
[0m19:53:39.842442 [debug] [Thread-2 (]: On model.snowflake_spotify_project.bronze_listings: describe table SPOTIFY_DB.bronze.bronze_listings__dbt_tmp
/* {"app": "dbt", "dbt_version": "1.11.2", "profile_name": "snowflake_spotify_project", "target_name": "dev", "node_id": "model.snowflake_spotify_project.bronze_listings"} */
[0m19:53:39.959465 [debug] [Thread-2 (]: SQL status: SUCCESS 11 in 0.116 seconds
[0m19:53:39.966518 [debug] [Thread-2 (]: Using snowflake connection "model.snowflake_spotify_project.bronze_listings"
[0m19:53:39.966942 [debug] [Thread-2 (]: On model.snowflake_spotify_project.bronze_listings: describe table SPOTIFY_DB.bronze.bronze_listings
/* {"app": "dbt", "dbt_version": "1.11.2", "profile_name": "snowflake_spotify_project", "target_name": "dev", "node_id": "model.snowflake_spotify_project.bronze_listings"} */
[0m19:53:40.081542 [debug] [Thread-2 (]: SQL status: SUCCESS 11 in 0.114 seconds
[0m19:53:40.089419 [debug] [Thread-2 (]: Using snowflake connection "model.snowflake_spotify_project.bronze_listings"
[0m19:53:40.089814 [debug] [Thread-2 (]: On model.snowflake_spotify_project.bronze_listings: describe table "SPOTIFY_DB"."BRONZE"."BRONZE_LISTINGS"
/* {"app": "dbt", "dbt_version": "1.11.2", "profile_name": "snowflake_spotify_project", "target_name": "dev", "node_id": "model.snowflake_spotify_project.bronze_listings"} */
[0m19:53:40.218225 [debug] [Thread-2 (]: SQL status: SUCCESS 11 in 0.128 seconds
[0m19:53:40.224527 [debug] [Thread-2 (]: Writing runtime sql for node "model.snowflake_spotify_project.bronze_listings"
[0m19:53:40.226107 [debug] [Thread-2 (]: Using snowflake connection "model.snowflake_spotify_project.bronze_listings"
[0m19:53:40.226381 [debug] [Thread-2 (]: On model.snowflake_spotify_project.bronze_listings: -- back compat for old kwarg name
  
  begin
/* {"app": "dbt", "dbt_version": "1.11.2", "profile_name": "snowflake_spotify_project", "target_name": "dev", "node_id": "model.snowflake_spotify_project.bronze_listings"} */;
[0m19:53:40.390470 [debug] [Thread-2 (]: SQL status: SUCCESS 1 in 0.164 seconds
[0m19:53:40.391641 [debug] [Thread-2 (]: Using snowflake connection "model.snowflake_spotify_project.bronze_listings"
[0m19:53:40.392411 [debug] [Thread-2 (]: On model.snowflake_spotify_project.bronze_listings: insert into SPOTIFY_DB.bronze.bronze_listings ("LISTING_ID", "HOST_ID", "PROPERTY_TYPE", "ROOM_TYPE", "CITY", "COUNTRY", "ACCOMMODATES", "BEDROOMS", "BATHROOMS", "PRICE_PER_NIGHT", "CREATED_AT")
        (
            select "LISTING_ID", "HOST_ID", "PROPERTY_TYPE", "ROOM_TYPE", "CITY", "COUNTRY", "ACCOMMODATES", "BEDROOMS", "BATHROOMS", "PRICE_PER_NIGHT", "CREATED_AT"
            from SPOTIFY_DB.bronze.bronze_listings__dbt_tmp
        )
/* {"app": "dbt", "dbt_version": "1.11.2", "profile_name": "snowflake_spotify_project", "target_name": "dev", "node_id": "model.snowflake_spotify_project.bronze_listings"} */;
[0m19:53:40.850219 [debug] [Thread-2 (]: SQL status: SUCCESS 500 in 0.457 seconds
[0m19:53:40.851606 [debug] [Thread-2 (]: Using snowflake connection "model.snowflake_spotify_project.bronze_listings"
[0m19:53:40.852340 [debug] [Thread-2 (]: On model.snowflake_spotify_project.bronze_listings: COMMIT
/* {"app": "dbt", "dbt_version": "1.11.2", "profile_name": "snowflake_spotify_project", "target_name": "dev", "node_id": "model.snowflake_spotify_project.bronze_listings"} */
[0m19:53:41.258853 [debug] [Thread-2 (]: SQL status: SUCCESS 1 in 0.406 seconds
[0m19:53:41.262600 [debug] [Thread-2 (]: Applying DROP to: SPOTIFY_DB.bronze.bronze_listings__dbt_tmp
[0m19:53:41.263360 [debug] [Thread-2 (]: Using snowflake connection "model.snowflake_spotify_project.bronze_listings"
[0m19:53:41.263673 [debug] [Thread-2 (]: On model.snowflake_spotify_project.bronze_listings: drop view if exists SPOTIFY_DB.bronze.bronze_listings__dbt_tmp cascade
/* {"app": "dbt", "dbt_version": "1.11.2", "profile_name": "snowflake_spotify_project", "target_name": "dev", "node_id": "model.snowflake_spotify_project.bronze_listings"} */
[0m19:53:41.445385 [debug] [Thread-2 (]: SQL status: SUCCESS 1 in 0.181 seconds
[0m19:53:41.449827 [debug] [Thread-2 (]: Sending event: {'category': 'dbt', 'action': 'run_model', 'label': 'c0324d57-aa3a-4b39-80de-c493da73f3e6', 'context': [<snowplow_tracker.self_describing_json.SelfDescribingJson object at 0x106933a50>]}
[0m19:53:41.451168 [info ] [Thread-2 (]: 3 of 7 OK created sql incremental model bronze.bronze_listings ................. [[32mSUCCESS 500[0m in 1.87s]
[0m19:53:41.451776 [debug] [Thread-2 (]: Finished running node model.snowflake_spotify_project.bronze_listings
[0m19:53:41.452126 [debug] [Thread-2 (]: Began running node model.snowflake_spotify_project.obt
[0m19:53:41.452726 [info ] [Thread-2 (]: 4 of 7 START sql table model gold.obt .......................................... [RUN]
[0m19:53:41.453276 [debug] [Thread-2 (]: Re-using an available connection from the pool (formerly model.snowflake_spotify_project.bronze_listings, now model.snowflake_spotify_project.obt)
[0m19:53:41.453608 [debug] [Thread-2 (]: Began compiling node model.snowflake_spotify_project.obt
[0m19:53:41.459287 [debug] [Thread-2 (]: Writing injected SQL for node "model.snowflake_spotify_project.obt"
[0m19:53:41.460139 [debug] [Thread-2 (]: Began executing node model.snowflake_spotify_project.obt
[0m19:53:41.477774 [debug] [Thread-2 (]: Writing runtime sql for node "model.snowflake_spotify_project.obt"
[0m19:53:41.479107 [debug] [Thread-2 (]: Using snowflake connection "model.snowflake_spotify_project.obt"
[0m19:53:41.479365 [debug] [Thread-2 (]: On model.snowflake_spotify_project.obt: create or replace transient table SPOTIFY_DB.gold.obt
    
    
    
    as (

select 
    
        silver_bookings.*,
    
        silver_listings.host_id,silver_listings.property_type,silver_listings.room_type,silver_listings.city,silver_listings.country,silver_listings.accommodates,silver_listings.bathrooms,silver_listings.bedrooms,silver_listings.price_per_night,silver_listings.price_per_night_tag,silver_listings.listing_created_at,
    
        silver_hosts.host_name,silver_hosts.host_since,silver_hosts.is_superhost,silver_hosts.response_rate,silver_hosts.response_rate_category,silver_hosts.host_created_at
    
from
   
   
        spotify_db.silver.silver_bookings as silver_bookings
   
            
   
        left join spotify_db.silver.silver_listings as silver_listings
            on silver_bookings.listing_id = silver_listings.listing_id
            
            
   
        left join spotify_db.silver.silver_hosts as silver_hosts
            on silver_listings.host_id = silver_hosts.host_id
            
            
    )

/* {"app": "dbt", "dbt_version": "1.11.2", "profile_name": "snowflake_spotify_project", "target_name": "dev", "node_id": "model.snowflake_spotify_project.obt"} */;
[0m19:53:44.231195 [debug] [Thread-2 (]: SQL status: SUCCESS 1 in 2.751 seconds
[0m19:53:44.234776 [debug] [Thread-2 (]: Sending event: {'category': 'dbt', 'action': 'run_model', 'label': 'c0324d57-aa3a-4b39-80de-c493da73f3e6', 'context': [<snowplow_tracker.self_describing_json.SelfDescribingJson object at 0x107a33d50>]}
[0m19:53:44.235426 [info ] [Thread-2 (]: 4 of 7 OK created sql table model gold.obt ..................................... [[32mSUCCESS 1[0m in 2.78s]
[0m19:53:44.235864 [debug] [Thread-2 (]: Finished running node model.snowflake_spotify_project.obt
[0m19:53:44.236258 [debug] [Thread-2 (]: Began running node model.snowflake_spotify_project.silver_bookings
[0m19:53:44.236810 [info ] [Thread-2 (]: 5 of 7 START sql incremental model silver.silver_bookings ...................... [RUN]
[0m19:53:44.237185 [debug] [Thread-2 (]: Re-using an available connection from the pool (formerly model.snowflake_spotify_project.obt, now model.snowflake_spotify_project.silver_bookings)
[0m19:53:44.237438 [debug] [Thread-2 (]: Began compiling node model.snowflake_spotify_project.silver_bookings
[0m19:53:44.242680 [debug] [Thread-2 (]: Writing injected SQL for node "model.snowflake_spotify_project.silver_bookings"
[0m19:53:44.243603 [debug] [Thread-2 (]: Began executing node model.snowflake_spotify_project.silver_bookings
[0m19:53:44.247867 [debug] [Thread-2 (]: Using snowflake connection "model.snowflake_spotify_project.silver_bookings"
[0m19:53:44.248240 [debug] [Thread-2 (]: On model.snowflake_spotify_project.silver_bookings: create or replace  temporary view SPOTIFY_DB.silver.silver_bookings__dbt_tmp
  
  
  
  
  as (
    


select 
    booking_id,
    listing_id,
    booking_date,
    
    ROUND(booking_amount * nights_booked, 2)
 as total_amount,
    service_fee,
    cleaning_fee,
    booking_status,
    created_at as booking_created_at 
from 
    SPOTIFY_DB.bronze.bronze_bookings
  )
/* {"app": "dbt", "dbt_version": "1.11.2", "profile_name": "snowflake_spotify_project", "target_name": "dev", "node_id": "model.snowflake_spotify_project.silver_bookings"} */;
[0m19:53:44.451788 [debug] [Thread-2 (]: SQL status: SUCCESS 1 in 0.203 seconds
[0m19:53:44.456992 [debug] [Thread-2 (]: Using snowflake connection "model.snowflake_spotify_project.silver_bookings"
[0m19:53:44.457352 [debug] [Thread-2 (]: On model.snowflake_spotify_project.silver_bookings: describe table SPOTIFY_DB.silver.silver_bookings__dbt_tmp
/* {"app": "dbt", "dbt_version": "1.11.2", "profile_name": "snowflake_spotify_project", "target_name": "dev", "node_id": "model.snowflake_spotify_project.silver_bookings"} */
[0m19:53:44.586278 [debug] [Thread-2 (]: SQL status: SUCCESS 8 in 0.128 seconds
[0m19:53:44.592900 [debug] [Thread-2 (]: Using snowflake connection "model.snowflake_spotify_project.silver_bookings"
[0m19:53:44.593355 [debug] [Thread-2 (]: On model.snowflake_spotify_project.silver_bookings: describe table SPOTIFY_DB.silver.silver_bookings
/* {"app": "dbt", "dbt_version": "1.11.2", "profile_name": "snowflake_spotify_project", "target_name": "dev", "node_id": "model.snowflake_spotify_project.silver_bookings"} */
[0m19:53:44.721395 [debug] [Thread-2 (]: SQL status: SUCCESS 8 in 0.127 seconds
[0m19:53:44.729502 [debug] [Thread-2 (]: Using snowflake connection "model.snowflake_spotify_project.silver_bookings"
[0m19:53:44.729907 [debug] [Thread-2 (]: On model.snowflake_spotify_project.silver_bookings: describe table "SPOTIFY_DB"."SILVER"."SILVER_BOOKINGS"
/* {"app": "dbt", "dbt_version": "1.11.2", "profile_name": "snowflake_spotify_project", "target_name": "dev", "node_id": "model.snowflake_spotify_project.silver_bookings"} */
[0m19:53:44.896142 [debug] [Thread-2 (]: SQL status: SUCCESS 8 in 0.166 seconds
[0m19:53:44.963077 [debug] [Thread-2 (]: Writing runtime sql for node "model.snowflake_spotify_project.silver_bookings"
[0m19:53:44.963774 [debug] [Thread-2 (]: Using snowflake connection "model.snowflake_spotify_project.silver_bookings"
[0m19:53:44.963917 [debug] [Thread-2 (]: On model.snowflake_spotify_project.silver_bookings: -- back compat for old kwarg name
  
  begin
/* {"app": "dbt", "dbt_version": "1.11.2", "profile_name": "snowflake_spotify_project", "target_name": "dev", "node_id": "model.snowflake_spotify_project.silver_bookings"} */;
[0m19:53:45.124699 [debug] [Thread-2 (]: SQL status: SUCCESS 1 in 0.160 seconds
[0m19:53:45.125525 [debug] [Thread-2 (]: Using snowflake connection "model.snowflake_spotify_project.silver_bookings"
[0m19:53:45.126052 [debug] [Thread-2 (]: On model.snowflake_spotify_project.silver_bookings: merge into SPOTIFY_DB.silver.silver_bookings as DBT_INTERNAL_DEST
        using SPOTIFY_DB.silver.silver_bookings__dbt_tmp as DBT_INTERNAL_SOURCE
        on ((DBT_INTERNAL_SOURCE.booking_id = DBT_INTERNAL_DEST.booking_id))

    
    when matched then update set
        "BOOKING_ID" = DBT_INTERNAL_SOURCE."BOOKING_ID","LISTING_ID" = DBT_INTERNAL_SOURCE."LISTING_ID","BOOKING_DATE" = DBT_INTERNAL_SOURCE."BOOKING_DATE","TOTAL_AMOUNT" = DBT_INTERNAL_SOURCE."TOTAL_AMOUNT","SERVICE_FEE" = DBT_INTERNAL_SOURCE."SERVICE_FEE","CLEANING_FEE" = DBT_INTERNAL_SOURCE."CLEANING_FEE","BOOKING_STATUS" = DBT_INTERNAL_SOURCE."BOOKING_STATUS","BOOKING_CREATED_AT" = DBT_INTERNAL_SOURCE."BOOKING_CREATED_AT"
    

    when not matched then insert
        ("BOOKING_ID", "LISTING_ID", "BOOKING_DATE", "TOTAL_AMOUNT", "SERVICE_FEE", "CLEANING_FEE", "BOOKING_STATUS", "BOOKING_CREATED_AT")
    values
        ("BOOKING_ID", "LISTING_ID", "BOOKING_DATE", "TOTAL_AMOUNT", "SERVICE_FEE", "CLEANING_FEE", "BOOKING_STATUS", "BOOKING_CREATED_AT")


/* {"app": "dbt", "dbt_version": "1.11.2", "profile_name": "snowflake_spotify_project", "target_name": "dev", "node_id": "model.snowflake_spotify_project.silver_bookings"} */;
[0m19:53:45.874408 [debug] [Thread-2 (]: Snowflake adapter: Snowflake query id: 01c1fb49-3203-ad43-0000-0007183a3805
[0m19:53:45.874977 [debug] [Thread-2 (]: Snowflake adapter: Snowflake error: 100090 (42P18): Duplicate row detected during DML action
Row Values: [redacted]
[0m19:53:45.878327 [debug] [Thread-2 (]: Database Error in model silver_bookings (models/silver/silver_bookings.sql)
  100090 (42P18): Duplicate row detected during DML action
  Row Values: [redacted]
  compiled code at target/run/snowflake_spotify_project/models/silver/silver_bookings.sql
[0m19:53:45.878818 [debug] [Thread-2 (]: Sending event: {'category': 'dbt', 'action': 'run_model', 'label': 'c0324d57-aa3a-4b39-80de-c493da73f3e6', 'context': [<snowplow_tracker.self_describing_json.SelfDescribingJson object at 0x1079f0050>]}
[0m19:53:45.879360 [error] [Thread-2 (]: 5 of 7 ERROR creating sql incremental model silver.silver_bookings ............. [[31mERROR[0m in 1.64s]
[0m19:53:45.879781 [debug] [Thread-2 (]: Finished running node model.snowflake_spotify_project.silver_bookings
[0m19:53:45.880092 [debug] [Thread-2 (]: Began running node model.snowflake_spotify_project.silver_hosts
[0m19:53:45.880426 [debug] [Thread-5 (]: Marking all children of 'model.snowflake_spotify_project.silver_bookings' to be skipped because of status 'error'.  Reason: Database Error in model silver_bookings (models/silver/silver_bookings.sql)
  100090 (42P18): Duplicate row detected during DML action
  Row Values: [redacted]
  compiled code at target/run/snowflake_spotify_project/models/silver/silver_bookings.sql.
[0m19:53:45.880804 [info ] [Thread-2 (]: 6 of 7 START sql incremental model silver.silver_hosts ......................... [RUN]
[0m19:53:45.881676 [debug] [Thread-2 (]: Re-using an available connection from the pool (formerly model.snowflake_spotify_project.silver_bookings, now model.snowflake_spotify_project.silver_hosts)
[0m19:53:45.881922 [debug] [Thread-2 (]: Began compiling node model.snowflake_spotify_project.silver_hosts
[0m19:53:45.887133 [debug] [Thread-2 (]: Writing injected SQL for node "model.snowflake_spotify_project.silver_hosts"
[0m19:53:45.887887 [debug] [Thread-2 (]: Began executing node model.snowflake_spotify_project.silver_hosts
[0m19:53:45.891191 [debug] [Thread-2 (]: Using snowflake connection "model.snowflake_spotify_project.silver_hosts"
[0m19:53:45.891572 [debug] [Thread-2 (]: On model.snowflake_spotify_project.silver_hosts: create or replace  temporary view SPOTIFY_DB.silver.silver_hosts__dbt_tmp
  
  
  
  
  as (
    


select 
    host_id,
    
    UPPER(host_name)
   as host_name,
    host_since,
    is_superhost,
    response_rate,
    
    case 
        when response_rate > 95 then 'Very Good'
        when response_rate > 80 then 'Good'
        when response_rate > 60 then 'Average'
        else 'Poor'
    end
 as response_rate_category,
    created_at as host_created_at
from
    SPOTIFY_DB.bronze.bronze_hosts
  )
/* {"app": "dbt", "dbt_version": "1.11.2", "profile_name": "snowflake_spotify_project", "target_name": "dev", "node_id": "model.snowflake_spotify_project.silver_hosts"} */;
[0m19:53:46.280504 [debug] [Thread-2 (]: SQL status: SUCCESS 1 in 0.388 seconds
[0m19:53:46.286689 [debug] [Thread-2 (]: Using snowflake connection "model.snowflake_spotify_project.silver_hosts"
[0m19:53:46.287119 [debug] [Thread-2 (]: On model.snowflake_spotify_project.silver_hosts: describe table SPOTIFY_DB.silver.silver_hosts__dbt_tmp
/* {"app": "dbt", "dbt_version": "1.11.2", "profile_name": "snowflake_spotify_project", "target_name": "dev", "node_id": "model.snowflake_spotify_project.silver_hosts"} */
[0m19:53:46.429707 [debug] [Thread-2 (]: SQL status: SUCCESS 7 in 0.142 seconds
[0m19:53:46.435344 [debug] [Thread-2 (]: Using snowflake connection "model.snowflake_spotify_project.silver_hosts"
[0m19:53:46.435794 [debug] [Thread-2 (]: On model.snowflake_spotify_project.silver_hosts: describe table SPOTIFY_DB.silver.silver_hosts
/* {"app": "dbt", "dbt_version": "1.11.2", "profile_name": "snowflake_spotify_project", "target_name": "dev", "node_id": "model.snowflake_spotify_project.silver_hosts"} */
[0m19:53:46.605695 [debug] [Thread-2 (]: SQL status: SUCCESS 7 in 0.169 seconds
[0m19:53:46.610801 [debug] [Thread-2 (]: Using snowflake connection "model.snowflake_spotify_project.silver_hosts"
[0m19:53:46.611208 [debug] [Thread-2 (]: On model.snowflake_spotify_project.silver_hosts: describe table "SPOTIFY_DB"."SILVER"."SILVER_HOSTS"
/* {"app": "dbt", "dbt_version": "1.11.2", "profile_name": "snowflake_spotify_project", "target_name": "dev", "node_id": "model.snowflake_spotify_project.silver_hosts"} */
[0m19:53:46.747947 [debug] [Thread-2 (]: SQL status: SUCCESS 7 in 0.136 seconds
[0m19:53:46.752370 [debug] [Thread-2 (]: Writing runtime sql for node "model.snowflake_spotify_project.silver_hosts"
[0m19:53:46.754216 [debug] [Thread-2 (]: Using snowflake connection "model.snowflake_spotify_project.silver_hosts"
[0m19:53:46.754509 [debug] [Thread-2 (]: On model.snowflake_spotify_project.silver_hosts: -- back compat for old kwarg name
  
  begin
/* {"app": "dbt", "dbt_version": "1.11.2", "profile_name": "snowflake_spotify_project", "target_name": "dev", "node_id": "model.snowflake_spotify_project.silver_hosts"} */;
[0m19:53:46.933400 [debug] [Thread-2 (]: SQL status: SUCCESS 1 in 0.178 seconds
[0m19:53:46.934618 [debug] [Thread-2 (]: Using snowflake connection "model.snowflake_spotify_project.silver_hosts"
[0m19:53:46.935442 [debug] [Thread-2 (]: On model.snowflake_spotify_project.silver_hosts: merge into SPOTIFY_DB.silver.silver_hosts as DBT_INTERNAL_DEST
        using SPOTIFY_DB.silver.silver_hosts__dbt_tmp as DBT_INTERNAL_SOURCE
        on ((DBT_INTERNAL_SOURCE.host_id = DBT_INTERNAL_DEST.host_id))

    
    when matched then update set
        "HOST_ID" = DBT_INTERNAL_SOURCE."HOST_ID","HOST_NAME" = DBT_INTERNAL_SOURCE."HOST_NAME","HOST_SINCE" = DBT_INTERNAL_SOURCE."HOST_SINCE","IS_SUPERHOST" = DBT_INTERNAL_SOURCE."IS_SUPERHOST","RESPONSE_RATE" = DBT_INTERNAL_SOURCE."RESPONSE_RATE","RESPONSE_RATE_CATEGORY" = DBT_INTERNAL_SOURCE."RESPONSE_RATE_CATEGORY","HOST_CREATED_AT" = DBT_INTERNAL_SOURCE."HOST_CREATED_AT"
    

    when not matched then insert
        ("HOST_ID", "HOST_NAME", "HOST_SINCE", "IS_SUPERHOST", "RESPONSE_RATE", "RESPONSE_RATE_CATEGORY", "HOST_CREATED_AT")
    values
        ("HOST_ID", "HOST_NAME", "HOST_SINCE", "IS_SUPERHOST", "RESPONSE_RATE", "RESPONSE_RATE_CATEGORY", "HOST_CREATED_AT")


/* {"app": "dbt", "dbt_version": "1.11.2", "profile_name": "snowflake_spotify_project", "target_name": "dev", "node_id": "model.snowflake_spotify_project.silver_hosts"} */;
[0m19:53:47.608904 [debug] [Thread-2 (]: Snowflake adapter: Snowflake query id: 01c1fb49-3203-ad43-0000-0007183a380d
[0m19:53:47.609928 [debug] [Thread-2 (]: Snowflake adapter: Snowflake error: 100090 (42P18): Duplicate row detected during DML action
Row Values: [redacted]
[0m19:53:47.614759 [debug] [Thread-2 (]: Database Error in model silver_hosts (models/silver/silver_hosts.sql)
  100090 (42P18): Duplicate row detected during DML action
  Row Values: [redacted]
  compiled code at target/run/snowflake_spotify_project/models/silver/silver_hosts.sql
[0m19:53:47.615311 [debug] [Thread-2 (]: Sending event: {'category': 'dbt', 'action': 'run_model', 'label': 'c0324d57-aa3a-4b39-80de-c493da73f3e6', 'context': [<snowplow_tracker.self_describing_json.SelfDescribingJson object at 0x1063b7a50>]}
[0m19:53:47.615834 [error] [Thread-2 (]: 6 of 7 ERROR creating sql incremental model silver.silver_hosts ................ [[31mERROR[0m in 1.73s]
[0m19:53:47.616230 [debug] [Thread-2 (]: Finished running node model.snowflake_spotify_project.silver_hosts
[0m19:53:47.616499 [debug] [Thread-2 (]: Began running node model.snowflake_spotify_project.silver_listings
[0m19:53:47.616835 [debug] [Thread-5 (]: Marking all children of 'model.snowflake_spotify_project.silver_hosts' to be skipped because of status 'error'.  Reason: Database Error in model silver_hosts (models/silver/silver_hosts.sql)
  100090 (42P18): Duplicate row detected during DML action
  Row Values: [redacted]
  compiled code at target/run/snowflake_spotify_project/models/silver/silver_hosts.sql.
[0m19:53:47.617172 [info ] [Thread-2 (]: 7 of 7 START sql incremental model silver.silver_listings ...................... [RUN]
[0m19:53:47.617646 [debug] [Thread-2 (]: Re-using an available connection from the pool (formerly model.snowflake_spotify_project.silver_hosts, now model.snowflake_spotify_project.silver_listings)
[0m19:53:47.617906 [debug] [Thread-2 (]: Began compiling node model.snowflake_spotify_project.silver_listings
[0m19:53:47.621973 [debug] [Thread-2 (]: Writing injected SQL for node "model.snowflake_spotify_project.silver_listings"
[0m19:53:47.622761 [debug] [Thread-2 (]: Began executing node model.snowflake_spotify_project.silver_listings
[0m19:53:47.625682 [debug] [Thread-2 (]: Using snowflake connection "model.snowflake_spotify_project.silver_listings"
[0m19:53:47.625946 [debug] [Thread-2 (]: On model.snowflake_spotify_project.silver_listings: create or replace  temporary view SPOTIFY_DB.silver.silver_listings__dbt_tmp
  
  
  
  
  as (
    


select 
    listing_id,
    host_id,
    
    UPPER(property_type)
   as property_type,
    
    UPPER(room_type)
   as room_type,
    
    UPPER(city)
   as city,
    
    UPPER(country)
   as country,
    accommodates,
    bathrooms,
    bedrooms,
    price_per_night,
    
    case 
        when price_per_night < 100 then 'low'
        when price_per_night < 200 then 'medium'
        else 'high'
    end
 as price_per_night_tag,
    created_at as listing_created_at
from 
    SPOTIFY_DB.bronze.bronze_listings
  )
/* {"app": "dbt", "dbt_version": "1.11.2", "profile_name": "snowflake_spotify_project", "target_name": "dev", "node_id": "model.snowflake_spotify_project.silver_listings"} */;
[0m19:53:48.018051 [debug] [Thread-2 (]: SQL status: SUCCESS 1 in 0.392 seconds
[0m19:53:48.023884 [debug] [Thread-2 (]: Using snowflake connection "model.snowflake_spotify_project.silver_listings"
[0m19:53:48.024268 [debug] [Thread-2 (]: On model.snowflake_spotify_project.silver_listings: describe table SPOTIFY_DB.silver.silver_listings__dbt_tmp
/* {"app": "dbt", "dbt_version": "1.11.2", "profile_name": "snowflake_spotify_project", "target_name": "dev", "node_id": "model.snowflake_spotify_project.silver_listings"} */
[0m19:53:48.160563 [debug] [Thread-2 (]: SQL status: SUCCESS 12 in 0.136 seconds
[0m19:53:48.164773 [debug] [Thread-2 (]: Using snowflake connection "model.snowflake_spotify_project.silver_listings"
[0m19:53:48.165095 [debug] [Thread-2 (]: On model.snowflake_spotify_project.silver_listings: describe table SPOTIFY_DB.silver.silver_listings
/* {"app": "dbt", "dbt_version": "1.11.2", "profile_name": "snowflake_spotify_project", "target_name": "dev", "node_id": "model.snowflake_spotify_project.silver_listings"} */
[0m19:53:48.298203 [debug] [Thread-2 (]: SQL status: SUCCESS 12 in 0.133 seconds
[0m19:53:48.306471 [debug] [Thread-2 (]: Using snowflake connection "model.snowflake_spotify_project.silver_listings"
[0m19:53:48.306794 [debug] [Thread-2 (]: On model.snowflake_spotify_project.silver_listings: describe table "SPOTIFY_DB"."SILVER"."SILVER_LISTINGS"
/* {"app": "dbt", "dbt_version": "1.11.2", "profile_name": "snowflake_spotify_project", "target_name": "dev", "node_id": "model.snowflake_spotify_project.silver_listings"} */
[0m19:53:48.418374 [debug] [Thread-2 (]: SQL status: SUCCESS 12 in 0.111 seconds
[0m19:53:48.424414 [debug] [Thread-2 (]: Writing runtime sql for node "model.snowflake_spotify_project.silver_listings"
[0m19:53:48.425781 [debug] [Thread-2 (]: Using snowflake connection "model.snowflake_spotify_project.silver_listings"
[0m19:53:48.426035 [debug] [Thread-2 (]: On model.snowflake_spotify_project.silver_listings: -- back compat for old kwarg name
  
  begin
/* {"app": "dbt", "dbt_version": "1.11.2", "profile_name": "snowflake_spotify_project", "target_name": "dev", "node_id": "model.snowflake_spotify_project.silver_listings"} */;
[0m19:53:48.567821 [debug] [Thread-2 (]: SQL status: SUCCESS 1 in 0.141 seconds
[0m19:53:48.568693 [debug] [Thread-2 (]: Using snowflake connection "model.snowflake_spotify_project.silver_listings"
[0m19:53:48.569277 [debug] [Thread-2 (]: On model.snowflake_spotify_project.silver_listings: merge into SPOTIFY_DB.silver.silver_listings as DBT_INTERNAL_DEST
        using SPOTIFY_DB.silver.silver_listings__dbt_tmp as DBT_INTERNAL_SOURCE
        on ((DBT_INTERNAL_SOURCE.listing_id = DBT_INTERNAL_DEST.listing_id))

    
    when matched then update set
        "LISTING_ID" = DBT_INTERNAL_SOURCE."LISTING_ID","HOST_ID" = DBT_INTERNAL_SOURCE."HOST_ID","PROPERTY_TYPE" = DBT_INTERNAL_SOURCE."PROPERTY_TYPE","ROOM_TYPE" = DBT_INTERNAL_SOURCE."ROOM_TYPE","CITY" = DBT_INTERNAL_SOURCE."CITY","COUNTRY" = DBT_INTERNAL_SOURCE."COUNTRY","ACCOMMODATES" = DBT_INTERNAL_SOURCE."ACCOMMODATES","BATHROOMS" = DBT_INTERNAL_SOURCE."BATHROOMS","BEDROOMS" = DBT_INTERNAL_SOURCE."BEDROOMS","PRICE_PER_NIGHT" = DBT_INTERNAL_SOURCE."PRICE_PER_NIGHT","PRICE_PER_NIGHT_TAG" = DBT_INTERNAL_SOURCE."PRICE_PER_NIGHT_TAG","LISTING_CREATED_AT" = DBT_INTERNAL_SOURCE."LISTING_CREATED_AT"
    

    when not matched then insert
        ("LISTING_ID", "HOST_ID", "PROPERTY_TYPE", "ROOM_TYPE", "CITY", "COUNTRY", "ACCOMMODATES", "BATHROOMS", "BEDROOMS", "PRICE_PER_NIGHT", "PRICE_PER_NIGHT_TAG", "LISTING_CREATED_AT")
    values
        ("LISTING_ID", "HOST_ID", "PROPERTY_TYPE", "ROOM_TYPE", "CITY", "COUNTRY", "ACCOMMODATES", "BATHROOMS", "BEDROOMS", "PRICE_PER_NIGHT", "PRICE_PER_NIGHT_TAG", "LISTING_CREATED_AT")


/* {"app": "dbt", "dbt_version": "1.11.2", "profile_name": "snowflake_spotify_project", "target_name": "dev", "node_id": "model.snowflake_spotify_project.silver_listings"} */;
[0m19:53:49.144304 [debug] [Thread-2 (]: Snowflake adapter: Snowflake query id: 01c1fb49-3203-abb2-0000-0007183a49a9
[0m19:53:49.145346 [debug] [Thread-2 (]: Snowflake adapter: Snowflake error: 100090 (42P18): Duplicate row detected during DML action
Row Values: [redacted]
[0m19:53:49.148880 [debug] [Thread-2 (]: Database Error in model silver_listings (models/silver/silver_listings.sql)
  100090 (42P18): Duplicate row detected during DML action
  Row Values: [redacted]
  compiled code at target/run/snowflake_spotify_project/models/silver/silver_listings.sql
[0m19:53:49.149379 [debug] [Thread-2 (]: Sending event: {'category': 'dbt', 'action': 'run_model', 'label': 'c0324d57-aa3a-4b39-80de-c493da73f3e6', 'context': [<snowplow_tracker.self_describing_json.SelfDescribingJson object at 0x1063f5010>]}
[0m19:53:49.149936 [error] [Thread-2 (]: 7 of 7 ERROR creating sql incremental model silver.silver_listings ............. [[31mERROR[0m in 1.53s]
[0m19:53:49.150308 [debug] [Thread-2 (]: Finished running node model.snowflake_spotify_project.silver_listings
[0m19:53:49.150668 [debug] [Thread-5 (]: Marking all children of 'model.snowflake_spotify_project.silver_listings' to be skipped because of status 'error'.  Reason: Database Error in model silver_listings (models/silver/silver_listings.sql)
  100090 (42P18): Duplicate row detected during DML action
  Row Values: [redacted]
  compiled code at target/run/snowflake_spotify_project/models/silver/silver_listings.sql.
[0m19:53:49.151642 [debug] [MainThread]: Connection 'master' was properly closed.
[0m19:53:49.151847 [debug] [MainThread]: Connection 'model.snowflake_spotify_project.silver_listings' was left open.
[0m19:53:49.152037 [debug] [MainThread]: On model.snowflake_spotify_project.silver_listings: Close
[0m19:53:49.339396 [info ] [MainThread]: 
[0m19:53:49.340085 [info ] [MainThread]: Finished running 6 incremental models, 1 table model in 0 hours 0 minutes and 15.66 seconds (15.66s).
[0m19:53:49.341373 [debug] [MainThread]: Command end result
[0m19:53:49.364543 [debug] [MainThread]: Wrote artifact WritableManifest to /Users/faizaan/Desktop/dbt_spotify_prj/snowflake_spotify_project/target/manifest.json
[0m19:53:49.366049 [debug] [MainThread]: Wrote artifact SemanticManifest to /Users/faizaan/Desktop/dbt_spotify_prj/snowflake_spotify_project/target/semantic_manifest.json
[0m19:53:49.370135 [debug] [MainThread]: Wrote artifact RunExecutionResult to /Users/faizaan/Desktop/dbt_spotify_prj/snowflake_spotify_project/target/run_results.json
[0m19:53:49.370316 [info ] [MainThread]: 
[0m19:53:49.370542 [info ] [MainThread]: [31mCompleted with 3 errors, 0 partial successes, and 0 warnings:[0m
[0m19:53:49.370706 [info ] [MainThread]: 
[0m19:53:49.370904 [error] [MainThread]: [31mFailure in model silver_bookings (models/silver/silver_bookings.sql)[0m
[0m19:53:49.371085 [error] [MainThread]:   Database Error in model silver_bookings (models/silver/silver_bookings.sql)
  100090 (42P18): Duplicate row detected during DML action
  Row Values: [redacted]
  compiled code at target/run/snowflake_spotify_project/models/silver/silver_bookings.sql
[0m19:53:49.371227 [info ] [MainThread]: 
[0m19:53:49.371388 [info ] [MainThread]:   compiled code at target/compiled/snowflake_spotify_project/models/silver/silver_bookings.sql
[0m19:53:49.371522 [info ] [MainThread]: 
[0m19:53:49.371682 [error] [MainThread]: [31mFailure in model silver_hosts (models/silver/silver_hosts.sql)[0m
[0m19:53:49.371844 [error] [MainThread]:   Database Error in model silver_hosts (models/silver/silver_hosts.sql)
  100090 (42P18): Duplicate row detected during DML action
  Row Values: [redacted]
  compiled code at target/run/snowflake_spotify_project/models/silver/silver_hosts.sql
[0m19:53:49.371973 [info ] [MainThread]: 
[0m19:53:49.372125 [info ] [MainThread]:   compiled code at target/compiled/snowflake_spotify_project/models/silver/silver_hosts.sql
[0m19:53:49.372253 [info ] [MainThread]: 
[0m19:53:49.372411 [error] [MainThread]: [31mFailure in model silver_listings (models/silver/silver_listings.sql)[0m
[0m19:53:49.372575 [error] [MainThread]:   Database Error in model silver_listings (models/silver/silver_listings.sql)
  100090 (42P18): Duplicate row detected during DML action
  Row Values: [redacted]
  compiled code at target/run/snowflake_spotify_project/models/silver/silver_listings.sql
[0m19:53:49.372704 [info ] [MainThread]: 
[0m19:53:49.372856 [info ] [MainThread]:   compiled code at target/compiled/snowflake_spotify_project/models/silver/silver_listings.sql
[0m19:53:49.372989 [info ] [MainThread]: 
[0m19:53:49.373143 [info ] [MainThread]: Done. PASS=4 WARN=0 ERROR=3 SKIP=0 NO-OP=0 TOTAL=7
[0m19:53:49.374995 [debug] [MainThread]: Resource report: {"command_name": "run", "command_success": false, "command_wall_clock_time": 15.997946, "process_in_blocks": "0", "process_kernel_time": 0.207845, "process_mem_max_rss": "167084032", "process_out_blocks": "0", "process_user_time": 1.487944}
[0m19:53:49.375251 [debug] [MainThread]: Command `dbt run` failed at 19:53:49.375205 after 16.00 seconds
[0m19:53:49.375487 [debug] [MainThread]: Sending event: {'category': 'dbt', 'action': 'invocation', 'label': 'end', 'context': [<snowplow_tracker.self_describing_json.SelfDescribingJson object at 0x107ae0d90>, <snowplow_tracker.self_describing_json.SelfDescribingJson object at 0x107ae0dd0>, <snowplow_tracker.self_describing_json.SelfDescribingJson object at 0x107ae3350>]}
[0m19:53:49.375675 [debug] [MainThread]: Flushing usage events
[0m19:53:49.799434 [debug] [MainThread]: An error was encountered while trying to flush usage events
[0m21:46:39.116206 [debug] [MainThread]: Sending event: {'category': 'dbt', 'action': 'invocation', 'label': 'start', 'context': [<snowplow_tracker.self_describing_json.SelfDescribingJson object at 0x1070439d0>, <snowplow_tracker.self_describing_json.SelfDescribingJson object at 0x107042e50>, <snowplow_tracker.self_describing_json.SelfDescribingJson object at 0x1070cf5d0>]}


============================== 21:46:39.118147 | 33b8e86d-4f01-4254-9555-d8a6f3ee3f4c ==============================
[0m21:46:39.118147 [info ] [MainThread]: Running with dbt=1.11.2
[0m21:46:39.118380 [debug] [MainThread]: running dbt with arguments {'use_experimental_parser': 'False', 'log_format': 'default', 'quiet': 'False', 'version_check': 'True', 'cache_selected_only': 'False', 'static_parser': 'True', 'log_cache_events': 'False', 'target_path': 'None', 'empty': 'False', 'printer_width': '80', 'warn_error_options': 'WarnErrorOptionsV2(error=[], warn=[], silence=[])', 'warn_error': 'None', 'log_path': '/Users/faizaan/Desktop/dbt_spotify_prj/snowflake_spotify_project/logs', 'no_print': 'None', 'send_anonymous_usage_stats': 'True', 'profiles_dir': '/Users/faizaan/Desktop/dbt_spotify_prj/snowflake_spotify_project', 'debug': 'False', 'use_colors': 'True', 'introspect': 'True', 'write_json': 'True', 'invocation_command': 'dbt build', 'indirect_selection': 'eager', 'fail_fast': 'False', 'partial_parse': 'True'}
[0m21:46:39.268108 [debug] [MainThread]: Snowflake adapter: Setting snowflake.connector to ERROR (file logging only)
[0m21:46:39.268298 [debug] [MainThread]: Snowflake adapter: Setting botocore to ERROR (file logging only)
[0m21:46:39.268401 [debug] [MainThread]: Snowflake adapter: Setting boto3 to ERROR (file logging only)
[0m21:46:39.322422 [debug] [MainThread]: Sending event: {'category': 'dbt', 'action': 'project_id', 'label': '33b8e86d-4f01-4254-9555-d8a6f3ee3f4c', 'context': [<snowplow_tracker.self_describing_json.SelfDescribingJson object at 0x1062c6710>]}
[0m21:46:39.338716 [debug] [MainThread]: Sending event: {'category': 'dbt', 'action': 'adapter_info', 'label': '33b8e86d-4f01-4254-9555-d8a6f3ee3f4c', 'context': [<snowplow_tracker.self_describing_json.SelfDescribingJson object at 0x107e82f50>]}
[0m21:46:39.339257 [info ] [MainThread]: Registered adapter: snowflake=1.11.1
[0m21:46:39.383876 [debug] [MainThread]: checksum: 3d40d8bbe1bef07db1c24822f2dbfff8bc07f2a48ed4fe2658a40653aec0b54b, vars: {}, profile: , target: , version: 1.11.2
[0m21:46:39.432826 [debug] [MainThread]: Partial parsing enabled: 0 files deleted, 0 files added, 0 files changed.
[0m21:46:39.432990 [debug] [MainThread]: Nothing changed, skipping partial parsing.
[0m21:46:39.433096 [debug] [MainThread]: Partial parsing enabled, no changes found, skipping parsing
[0m21:46:39.447141 [debug] [MainThread]: Sending event: {'category': 'dbt', 'action': 'load_project', 'label': '33b8e86d-4f01-4254-9555-d8a6f3ee3f4c', 'context': [<snowplow_tracker.self_describing_json.SelfDescribingJson object at 0x107f06c50>]}
[0m21:46:39.472863 [debug] [MainThread]: Wrote artifact WritableManifest to /Users/faizaan/Desktop/dbt_spotify_prj/snowflake_spotify_project/target/manifest.json
[0m21:46:39.473812 [debug] [MainThread]: Wrote artifact SemanticManifest to /Users/faizaan/Desktop/dbt_spotify_prj/snowflake_spotify_project/target/semantic_manifest.json
[0m21:46:39.486090 [debug] [MainThread]: Sending event: {'category': 'dbt', 'action': 'resource_counts', 'label': '33b8e86d-4f01-4254-9555-d8a6f3ee3f4c', 'context': [<snowplow_tracker.self_describing_json.SelfDescribingJson object at 0x108feed50>]}
[0m21:46:39.486277 [info ] [MainThread]: Found 7 models, 1 analysis, 3 sources, 527 macros
[0m21:46:39.487095 [info ] [MainThread]: 
[0m21:46:39.487214 [info ] [MainThread]: Concurrency: 1 threads (target='dev')
[0m21:46:39.487305 [info ] [MainThread]: 
[0m21:46:39.487469 [debug] [MainThread]: Acquiring new snowflake connection 'master'
[0m21:46:39.488871 [debug] [ThreadPool]: Acquiring new snowflake connection 'list_SPOTIFY_DB'
[0m21:46:39.514197 [debug] [ThreadPool]: Using snowflake connection "list_SPOTIFY_DB"
[0m21:46:39.514359 [debug] [ThreadPool]: On list_SPOTIFY_DB: show terse schemas in database SPOTIFY_DB
    limit 10000
/* {"app": "dbt", "dbt_version": "1.11.2", "profile_name": "snowflake_spotify_project", "target_name": "dev", "connection_name": "list_SPOTIFY_DB"} */
[0m21:46:39.514452 [debug] [ThreadPool]: Opening a new connection, currently in state init
[0m21:46:40.985115 [debug] [ThreadPool]: SQL status: SUCCESS 6 in 1.471 seconds
[0m21:46:40.987081 [debug] [ThreadPool]: Using snowflake connection "list_SPOTIFY_DB"
[0m21:46:40.987274 [debug] [ThreadPool]: On list_SPOTIFY_DB: show terse schemas in database SPOTIFY_DB
    limit 10000
/* {"app": "dbt", "dbt_version": "1.11.2", "profile_name": "snowflake_spotify_project", "target_name": "dev", "connection_name": "list_SPOTIFY_DB"} */
[0m21:46:41.120407 [debug] [ThreadPool]: SQL status: SUCCESS 6 in 0.133 seconds
[0m21:46:41.125070 [debug] [ThreadPool]: Using snowflake connection "list_SPOTIFY_DB"
[0m21:46:41.125519 [debug] [ThreadPool]: On list_SPOTIFY_DB: show terse schemas in database SPOTIFY_DB
    limit 10000
/* {"app": "dbt", "dbt_version": "1.11.2", "profile_name": "snowflake_spotify_project", "target_name": "dev", "connection_name": "list_SPOTIFY_DB"} */
[0m21:46:41.242313 [debug] [ThreadPool]: SQL status: SUCCESS 6 in 0.116 seconds
[0m21:46:41.246209 [debug] [ThreadPool]: Re-using an available connection from the pool (formerly list_SPOTIFY_DB, now list_SPOTIFY_DB_gold)
[0m21:46:41.259159 [debug] [ThreadPool]: Using snowflake connection "list_SPOTIFY_DB_gold"
[0m21:46:41.259554 [debug] [ThreadPool]: On list_SPOTIFY_DB_gold: show objects in SPOTIFY_DB.gold
    limit 10000
    

/* {"app": "dbt", "dbt_version": "1.11.2", "profile_name": "snowflake_spotify_project", "target_name": "dev", "connection_name": "list_SPOTIFY_DB_gold"} */;
[0m21:46:41.451260 [debug] [ThreadPool]: SQL status: SUCCESS 1 in 0.191 seconds
[0m21:46:41.455298 [debug] [ThreadPool]: Re-using an available connection from the pool (formerly list_SPOTIFY_DB_gold, now list_SPOTIFY_DB_bronze)
[0m21:46:41.459272 [debug] [ThreadPool]: Using snowflake connection "list_SPOTIFY_DB_bronze"
[0m21:46:41.459662 [debug] [ThreadPool]: On list_SPOTIFY_DB_bronze: show objects in SPOTIFY_DB.bronze
    limit 10000
    

/* {"app": "dbt", "dbt_version": "1.11.2", "profile_name": "snowflake_spotify_project", "target_name": "dev", "connection_name": "list_SPOTIFY_DB_bronze"} */;
[0m21:46:42.022697 [debug] [ThreadPool]: SQL status: SUCCESS 3 in 0.563 seconds
[0m21:46:42.025926 [debug] [ThreadPool]: Re-using an available connection from the pool (formerly list_SPOTIFY_DB_bronze, now list_SPOTIFY_DB_silver)
[0m21:46:42.029743 [debug] [ThreadPool]: Using snowflake connection "list_SPOTIFY_DB_silver"
[0m21:46:42.030073 [debug] [ThreadPool]: On list_SPOTIFY_DB_silver: show objects in SPOTIFY_DB.silver
    limit 10000
    

/* {"app": "dbt", "dbt_version": "1.11.2", "profile_name": "snowflake_spotify_project", "target_name": "dev", "connection_name": "list_SPOTIFY_DB_silver"} */;
[0m21:46:42.164412 [debug] [ThreadPool]: SQL status: SUCCESS 3 in 0.134 seconds
[0m21:46:42.168742 [debug] [MainThread]: Sending event: {'category': 'dbt', 'action': 'runnable_timing', 'label': '33b8e86d-4f01-4254-9555-d8a6f3ee3f4c', 'context': [<snowplow_tracker.self_describing_json.SelfDescribingJson object at 0x10833cb10>]}
[0m21:46:42.173766 [debug] [Thread-2 (]: Began running node model.snowflake_spotify_project.bronze_bookings
[0m21:46:42.174209 [info ] [Thread-2 (]: 1 of 7 START sql incremental model bronze.bronze_bookings ...................... [RUN]
[0m21:46:42.174575 [debug] [Thread-2 (]: Re-using an available connection from the pool (formerly list_SPOTIFY_DB_silver, now model.snowflake_spotify_project.bronze_bookings)
[0m21:46:42.174833 [debug] [Thread-2 (]: Began compiling node model.snowflake_spotify_project.bronze_bookings
[0m21:46:42.184574 [debug] [Thread-2 (]: Writing injected SQL for node "model.snowflake_spotify_project.bronze_bookings"
[0m21:46:42.185374 [debug] [Thread-2 (]: Began executing node model.snowflake_spotify_project.bronze_bookings
[0m21:46:42.211438 [debug] [Thread-2 (]: Using snowflake connection "model.snowflake_spotify_project.bronze_bookings"
[0m21:46:42.211689 [debug] [Thread-2 (]: On model.snowflake_spotify_project.bronze_bookings: create or replace  temporary view SPOTIFY_DB.bronze.bronze_bookings__dbt_tmp
  
  
  
  
  as (
    

select * from SPOTIFY_DB.source.bookings


    where created_at >= (select coalesce(max(created_at), '1900-01-01') from SPOTIFY_DB.bronze.bronze_bookings)

  )
/* {"app": "dbt", "dbt_version": "1.11.2", "profile_name": "snowflake_spotify_project", "target_name": "dev", "node_id": "model.snowflake_spotify_project.bronze_bookings"} */;
[0m21:46:42.531599 [debug] [Thread-2 (]: SQL status: SUCCESS 1 in 0.320 seconds
[0m21:46:42.540501 [debug] [Thread-2 (]: Using snowflake connection "model.snowflake_spotify_project.bronze_bookings"
[0m21:46:42.540865 [debug] [Thread-2 (]: On model.snowflake_spotify_project.bronze_bookings: describe table SPOTIFY_DB.bronze.bronze_bookings__dbt_tmp
/* {"app": "dbt", "dbt_version": "1.11.2", "profile_name": "snowflake_spotify_project", "target_name": "dev", "node_id": "model.snowflake_spotify_project.bronze_bookings"} */
[0m21:46:42.687962 [debug] [Thread-2 (]: SQL status: SUCCESS 9 in 0.147 seconds
[0m21:46:42.693119 [debug] [Thread-2 (]: Using snowflake connection "model.snowflake_spotify_project.bronze_bookings"
[0m21:46:42.693485 [debug] [Thread-2 (]: On model.snowflake_spotify_project.bronze_bookings: describe table SPOTIFY_DB.bronze.bronze_bookings
/* {"app": "dbt", "dbt_version": "1.11.2", "profile_name": "snowflake_spotify_project", "target_name": "dev", "node_id": "model.snowflake_spotify_project.bronze_bookings"} */
[0m21:46:42.821416 [debug] [Thread-2 (]: SQL status: SUCCESS 9 in 0.127 seconds
[0m21:46:42.833336 [debug] [Thread-2 (]: Using snowflake connection "model.snowflake_spotify_project.bronze_bookings"
[0m21:46:42.833714 [debug] [Thread-2 (]: On model.snowflake_spotify_project.bronze_bookings: describe table "SPOTIFY_DB"."BRONZE"."BRONZE_BOOKINGS"
/* {"app": "dbt", "dbt_version": "1.11.2", "profile_name": "snowflake_spotify_project", "target_name": "dev", "node_id": "model.snowflake_spotify_project.bronze_bookings"} */
[0m21:46:42.933857 [debug] [Thread-2 (]: SQL status: SUCCESS 9 in 0.100 seconds
[0m21:46:42.952193 [debug] [Thread-2 (]: Writing runtime sql for node "model.snowflake_spotify_project.bronze_bookings"
[0m21:46:42.953502 [debug] [Thread-2 (]: Using snowflake connection "model.snowflake_spotify_project.bronze_bookings"
[0m21:46:42.953903 [debug] [Thread-2 (]: On model.snowflake_spotify_project.bronze_bookings: -- back compat for old kwarg name
  
  begin
/* {"app": "dbt", "dbt_version": "1.11.2", "profile_name": "snowflake_spotify_project", "target_name": "dev", "node_id": "model.snowflake_spotify_project.bronze_bookings"} */;
[0m21:46:43.083038 [debug] [Thread-2 (]: SQL status: SUCCESS 1 in 0.129 seconds
[0m21:46:43.084217 [debug] [Thread-2 (]: Using snowflake connection "model.snowflake_spotify_project.bronze_bookings"
[0m21:46:43.084988 [debug] [Thread-2 (]: On model.snowflake_spotify_project.bronze_bookings: insert into SPOTIFY_DB.bronze.bronze_bookings ("BOOKING_ID", "LISTING_ID", "BOOKING_DATE", "NIGHTS_BOOKED", "BOOKING_AMOUNT", "CLEANING_FEE", "SERVICE_FEE", "BOOKING_STATUS", "CREATED_AT")
        (
            select "BOOKING_ID", "LISTING_ID", "BOOKING_DATE", "NIGHTS_BOOKED", "BOOKING_AMOUNT", "CLEANING_FEE", "SERVICE_FEE", "BOOKING_STATUS", "CREATED_AT"
            from SPOTIFY_DB.bronze.bronze_bookings__dbt_tmp
        )
/* {"app": "dbt", "dbt_version": "1.11.2", "profile_name": "snowflake_spotify_project", "target_name": "dev", "node_id": "model.snowflake_spotify_project.bronze_bookings"} */;
[0m21:46:44.271574 [debug] [Thread-2 (]: SQL status: SUCCESS 5000 in 1.186 seconds
[0m21:46:44.272619 [debug] [Thread-2 (]: Using snowflake connection "model.snowflake_spotify_project.bronze_bookings"
[0m21:46:44.272994 [debug] [Thread-2 (]: On model.snowflake_spotify_project.bronze_bookings: COMMIT
/* {"app": "dbt", "dbt_version": "1.11.2", "profile_name": "snowflake_spotify_project", "target_name": "dev", "node_id": "model.snowflake_spotify_project.bronze_bookings"} */
[0m21:46:44.518650 [debug] [Thread-2 (]: SQL status: SUCCESS 1 in 0.245 seconds
[0m21:46:44.528839 [debug] [Thread-2 (]: Applying DROP to: SPOTIFY_DB.bronze.bronze_bookings__dbt_tmp
[0m21:46:44.534442 [debug] [Thread-2 (]: Using snowflake connection "model.snowflake_spotify_project.bronze_bookings"
[0m21:46:44.534747 [debug] [Thread-2 (]: On model.snowflake_spotify_project.bronze_bookings: drop view if exists SPOTIFY_DB.bronze.bronze_bookings__dbt_tmp cascade
/* {"app": "dbt", "dbt_version": "1.11.2", "profile_name": "snowflake_spotify_project", "target_name": "dev", "node_id": "model.snowflake_spotify_project.bronze_bookings"} */
[0m21:46:44.676397 [debug] [Thread-2 (]: SQL status: SUCCESS 1 in 0.141 seconds
[0m21:46:44.696749 [debug] [Thread-2 (]: Sending event: {'category': 'dbt', 'action': 'run_model', 'label': '33b8e86d-4f01-4254-9555-d8a6f3ee3f4c', 'context': [<snowplow_tracker.self_describing_json.SelfDescribingJson object at 0x10963a4d0>]}
[0m21:46:44.697265 [info ] [Thread-2 (]: 1 of 7 OK created sql incremental model bronze.bronze_bookings ................. [[32mSUCCESS 5000[0m in 2.52s]
[0m21:46:44.697651 [debug] [Thread-2 (]: Finished running node model.snowflake_spotify_project.bronze_bookings
[0m21:46:44.697916 [debug] [Thread-2 (]: Began running node model.snowflake_spotify_project.bronze_hosts
[0m21:46:44.698320 [info ] [Thread-2 (]: 2 of 7 START sql incremental model bronze.bronze_hosts ......................... [RUN]
[0m21:46:44.698780 [debug] [Thread-2 (]: Re-using an available connection from the pool (formerly model.snowflake_spotify_project.bronze_bookings, now model.snowflake_spotify_project.bronze_hosts)
[0m21:46:44.699042 [debug] [Thread-2 (]: Began compiling node model.snowflake_spotify_project.bronze_hosts
[0m21:46:44.701970 [debug] [Thread-2 (]: Writing injected SQL for node "model.snowflake_spotify_project.bronze_hosts"
[0m21:46:44.702497 [debug] [Thread-2 (]: Began executing node model.snowflake_spotify_project.bronze_hosts
[0m21:46:44.704980 [debug] [Thread-2 (]: Using snowflake connection "model.snowflake_spotify_project.bronze_hosts"
[0m21:46:44.705229 [debug] [Thread-2 (]: On model.snowflake_spotify_project.bronze_hosts: create or replace  temporary view SPOTIFY_DB.bronze.bronze_hosts__dbt_tmp
  
  
  
  
  as (
    

select * from SPOTIFY_DB.source.hosts


    where created_at >= (select coalesce(max(created_at), '1900-01-01') from SPOTIFY_DB.bronze.bronze_hosts)

  )
/* {"app": "dbt", "dbt_version": "1.11.2", "profile_name": "snowflake_spotify_project", "target_name": "dev", "node_id": "model.snowflake_spotify_project.bronze_hosts"} */;
[0m21:46:45.092715 [debug] [Thread-2 (]: SQL status: SUCCESS 1 in 0.387 seconds
[0m21:46:45.100033 [debug] [Thread-2 (]: Using snowflake connection "model.snowflake_spotify_project.bronze_hosts"
[0m21:46:45.100389 [debug] [Thread-2 (]: On model.snowflake_spotify_project.bronze_hosts: describe table SPOTIFY_DB.bronze.bronze_hosts__dbt_tmp
/* {"app": "dbt", "dbt_version": "1.11.2", "profile_name": "snowflake_spotify_project", "target_name": "dev", "node_id": "model.snowflake_spotify_project.bronze_hosts"} */
[0m21:46:45.238815 [debug] [Thread-2 (]: SQL status: SUCCESS 6 in 0.138 seconds
[0m21:46:45.246749 [debug] [Thread-2 (]: Using snowflake connection "model.snowflake_spotify_project.bronze_hosts"
[0m21:46:45.247028 [debug] [Thread-2 (]: On model.snowflake_spotify_project.bronze_hosts: describe table SPOTIFY_DB.bronze.bronze_hosts
/* {"app": "dbt", "dbt_version": "1.11.2", "profile_name": "snowflake_spotify_project", "target_name": "dev", "node_id": "model.snowflake_spotify_project.bronze_hosts"} */
[0m21:46:45.391227 [debug] [Thread-2 (]: SQL status: SUCCESS 6 in 0.144 seconds
[0m21:46:45.397753 [debug] [Thread-2 (]: Using snowflake connection "model.snowflake_spotify_project.bronze_hosts"
[0m21:46:45.398035 [debug] [Thread-2 (]: On model.snowflake_spotify_project.bronze_hosts: describe table "SPOTIFY_DB"."BRONZE"."BRONZE_HOSTS"
/* {"app": "dbt", "dbt_version": "1.11.2", "profile_name": "snowflake_spotify_project", "target_name": "dev", "node_id": "model.snowflake_spotify_project.bronze_hosts"} */
[0m21:46:45.512762 [debug] [Thread-2 (]: SQL status: SUCCESS 6 in 0.114 seconds
[0m21:46:45.520507 [debug] [Thread-2 (]: Writing runtime sql for node "model.snowflake_spotify_project.bronze_hosts"
[0m21:46:45.521617 [debug] [Thread-2 (]: Using snowflake connection "model.snowflake_spotify_project.bronze_hosts"
[0m21:46:45.521899 [debug] [Thread-2 (]: On model.snowflake_spotify_project.bronze_hosts: -- back compat for old kwarg name
  
  begin
/* {"app": "dbt", "dbt_version": "1.11.2", "profile_name": "snowflake_spotify_project", "target_name": "dev", "node_id": "model.snowflake_spotify_project.bronze_hosts"} */;
[0m21:46:45.651501 [debug] [Thread-2 (]: SQL status: SUCCESS 1 in 0.129 seconds
[0m21:46:45.651854 [debug] [Thread-2 (]: Using snowflake connection "model.snowflake_spotify_project.bronze_hosts"
[0m21:46:45.652066 [debug] [Thread-2 (]: On model.snowflake_spotify_project.bronze_hosts: insert into SPOTIFY_DB.bronze.bronze_hosts ("HOST_ID", "HOST_NAME", "HOST_SINCE", "IS_SUPERHOST", "RESPONSE_RATE", "CREATED_AT")
        (
            select "HOST_ID", "HOST_NAME", "HOST_SINCE", "IS_SUPERHOST", "RESPONSE_RATE", "CREATED_AT"
            from SPOTIFY_DB.bronze.bronze_hosts__dbt_tmp
        )
/* {"app": "dbt", "dbt_version": "1.11.2", "profile_name": "snowflake_spotify_project", "target_name": "dev", "node_id": "model.snowflake_spotify_project.bronze_hosts"} */;
[0m21:46:46.157959 [debug] [Thread-2 (]: SQL status: SUCCESS 200 in 0.505 seconds
[0m21:46:46.159330 [debug] [Thread-2 (]: Using snowflake connection "model.snowflake_spotify_project.bronze_hosts"
[0m21:46:46.159866 [debug] [Thread-2 (]: On model.snowflake_spotify_project.bronze_hosts: COMMIT
/* {"app": "dbt", "dbt_version": "1.11.2", "profile_name": "snowflake_spotify_project", "target_name": "dev", "node_id": "model.snowflake_spotify_project.bronze_hosts"} */
[0m21:46:46.441921 [debug] [Thread-2 (]: SQL status: SUCCESS 1 in 0.281 seconds
[0m21:46:46.448599 [debug] [Thread-2 (]: Applying DROP to: SPOTIFY_DB.bronze.bronze_hosts__dbt_tmp
[0m21:46:46.449334 [debug] [Thread-2 (]: Using snowflake connection "model.snowflake_spotify_project.bronze_hosts"
[0m21:46:46.449590 [debug] [Thread-2 (]: On model.snowflake_spotify_project.bronze_hosts: drop view if exists SPOTIFY_DB.bronze.bronze_hosts__dbt_tmp cascade
/* {"app": "dbt", "dbt_version": "1.11.2", "profile_name": "snowflake_spotify_project", "target_name": "dev", "node_id": "model.snowflake_spotify_project.bronze_hosts"} */
[0m21:46:46.620196 [debug] [Thread-2 (]: SQL status: SUCCESS 1 in 0.170 seconds
[0m21:46:46.623773 [debug] [Thread-2 (]: Sending event: {'category': 'dbt', 'action': 'run_model', 'label': '33b8e86d-4f01-4254-9555-d8a6f3ee3f4c', 'context': [<snowplow_tracker.self_describing_json.SelfDescribingJson object at 0x1094dced0>]}
[0m21:46:46.624544 [info ] [Thread-2 (]: 2 of 7 OK created sql incremental model bronze.bronze_hosts .................... [[32mSUCCESS 200[0m in 1.92s]
[0m21:46:46.625042 [debug] [Thread-2 (]: Finished running node model.snowflake_spotify_project.bronze_hosts
[0m21:46:46.625395 [debug] [Thread-2 (]: Began running node model.snowflake_spotify_project.bronze_listings
[0m21:46:46.626025 [info ] [Thread-2 (]: 3 of 7 START sql incremental model bronze.bronze_listings ...................... [RUN]
[0m21:46:46.626432 [debug] [Thread-2 (]: Re-using an available connection from the pool (formerly model.snowflake_spotify_project.bronze_hosts, now model.snowflake_spotify_project.bronze_listings)
[0m21:46:46.626708 [debug] [Thread-2 (]: Began compiling node model.snowflake_spotify_project.bronze_listings
[0m21:46:46.630622 [debug] [Thread-2 (]: Writing injected SQL for node "model.snowflake_spotify_project.bronze_listings"
[0m21:46:46.631279 [debug] [Thread-2 (]: Began executing node model.snowflake_spotify_project.bronze_listings
[0m21:46:46.634530 [debug] [Thread-2 (]: Using snowflake connection "model.snowflake_spotify_project.bronze_listings"
[0m21:46:46.634832 [debug] [Thread-2 (]: On model.snowflake_spotify_project.bronze_listings: create or replace  temporary view SPOTIFY_DB.bronze.bronze_listings__dbt_tmp
  
  
  
  
  as (
    


select * from SPOTIFY_DB.source.listings


    where created_at >= (select coalesce(max(created_at), '1900-01-01') from SPOTIFY_DB.bronze.bronze_listings)

  )
/* {"app": "dbt", "dbt_version": "1.11.2", "profile_name": "snowflake_spotify_project", "target_name": "dev", "node_id": "model.snowflake_spotify_project.bronze_listings"} */;
[0m21:46:46.853801 [debug] [Thread-2 (]: SQL status: SUCCESS 1 in 0.218 seconds
[0m21:46:46.858824 [debug] [Thread-2 (]: Using snowflake connection "model.snowflake_spotify_project.bronze_listings"
[0m21:46:46.859214 [debug] [Thread-2 (]: On model.snowflake_spotify_project.bronze_listings: describe table SPOTIFY_DB.bronze.bronze_listings__dbt_tmp
/* {"app": "dbt", "dbt_version": "1.11.2", "profile_name": "snowflake_spotify_project", "target_name": "dev", "node_id": "model.snowflake_spotify_project.bronze_listings"} */
[0m21:46:46.988195 [debug] [Thread-2 (]: SQL status: SUCCESS 11 in 0.128 seconds
[0m21:46:46.995061 [debug] [Thread-2 (]: Using snowflake connection "model.snowflake_spotify_project.bronze_listings"
[0m21:46:46.995376 [debug] [Thread-2 (]: On model.snowflake_spotify_project.bronze_listings: describe table SPOTIFY_DB.bronze.bronze_listings
/* {"app": "dbt", "dbt_version": "1.11.2", "profile_name": "snowflake_spotify_project", "target_name": "dev", "node_id": "model.snowflake_spotify_project.bronze_listings"} */
[0m21:46:47.122068 [debug] [Thread-2 (]: SQL status: SUCCESS 11 in 0.126 seconds
[0m21:46:47.128304 [debug] [Thread-2 (]: Using snowflake connection "model.snowflake_spotify_project.bronze_listings"
[0m21:46:47.128700 [debug] [Thread-2 (]: On model.snowflake_spotify_project.bronze_listings: describe table "SPOTIFY_DB"."BRONZE"."BRONZE_LISTINGS"
/* {"app": "dbt", "dbt_version": "1.11.2", "profile_name": "snowflake_spotify_project", "target_name": "dev", "node_id": "model.snowflake_spotify_project.bronze_listings"} */
[0m21:46:47.242781 [debug] [Thread-2 (]: SQL status: SUCCESS 11 in 0.114 seconds
[0m21:46:47.248170 [debug] [Thread-2 (]: Writing runtime sql for node "model.snowflake_spotify_project.bronze_listings"
[0m21:46:47.249098 [debug] [Thread-2 (]: Using snowflake connection "model.snowflake_spotify_project.bronze_listings"
[0m21:46:47.249342 [debug] [Thread-2 (]: On model.snowflake_spotify_project.bronze_listings: -- back compat for old kwarg name
  
  begin
/* {"app": "dbt", "dbt_version": "1.11.2", "profile_name": "snowflake_spotify_project", "target_name": "dev", "node_id": "model.snowflake_spotify_project.bronze_listings"} */;
[0m21:46:47.405804 [debug] [Thread-2 (]: SQL status: SUCCESS 1 in 0.156 seconds
[0m21:46:47.406993 [debug] [Thread-2 (]: Using snowflake connection "model.snowflake_spotify_project.bronze_listings"
[0m21:46:47.407756 [debug] [Thread-2 (]: On model.snowflake_spotify_project.bronze_listings: insert into SPOTIFY_DB.bronze.bronze_listings ("LISTING_ID", "HOST_ID", "PROPERTY_TYPE", "ROOM_TYPE", "CITY", "COUNTRY", "ACCOMMODATES", "BEDROOMS", "BATHROOMS", "PRICE_PER_NIGHT", "CREATED_AT")
        (
            select "LISTING_ID", "HOST_ID", "PROPERTY_TYPE", "ROOM_TYPE", "CITY", "COUNTRY", "ACCOMMODATES", "BEDROOMS", "BATHROOMS", "PRICE_PER_NIGHT", "CREATED_AT"
            from SPOTIFY_DB.bronze.bronze_listings__dbt_tmp
        )
/* {"app": "dbt", "dbt_version": "1.11.2", "profile_name": "snowflake_spotify_project", "target_name": "dev", "node_id": "model.snowflake_spotify_project.bronze_listings"} */;
[0m21:46:48.469295 [debug] [Thread-2 (]: SQL status: SUCCESS 500 in 1.061 seconds
[0m21:46:48.470652 [debug] [Thread-2 (]: Using snowflake connection "model.snowflake_spotify_project.bronze_listings"
[0m21:46:48.471395 [debug] [Thread-2 (]: On model.snowflake_spotify_project.bronze_listings: COMMIT
/* {"app": "dbt", "dbt_version": "1.11.2", "profile_name": "snowflake_spotify_project", "target_name": "dev", "node_id": "model.snowflake_spotify_project.bronze_listings"} */
[0m21:46:48.756688 [debug] [Thread-2 (]: SQL status: SUCCESS 1 in 0.284 seconds
[0m21:46:48.763760 [debug] [Thread-2 (]: Applying DROP to: SPOTIFY_DB.bronze.bronze_listings__dbt_tmp
[0m21:46:48.764254 [debug] [Thread-2 (]: Using snowflake connection "model.snowflake_spotify_project.bronze_listings"
[0m21:46:48.764462 [debug] [Thread-2 (]: On model.snowflake_spotify_project.bronze_listings: drop view if exists SPOTIFY_DB.bronze.bronze_listings__dbt_tmp cascade
/* {"app": "dbt", "dbt_version": "1.11.2", "profile_name": "snowflake_spotify_project", "target_name": "dev", "node_id": "model.snowflake_spotify_project.bronze_listings"} */
[0m21:46:48.910159 [debug] [Thread-2 (]: SQL status: SUCCESS 1 in 0.145 seconds
[0m21:46:48.914747 [debug] [Thread-2 (]: Sending event: {'category': 'dbt', 'action': 'run_model', 'label': '33b8e86d-4f01-4254-9555-d8a6f3ee3f4c', 'context': [<snowplow_tracker.self_describing_json.SelfDescribingJson object at 0x1094ca390>]}
[0m21:46:48.915567 [info ] [Thread-2 (]: 3 of 7 OK created sql incremental model bronze.bronze_listings ................. [[32mSUCCESS 500[0m in 2.29s]
[0m21:46:48.916160 [debug] [Thread-2 (]: Finished running node model.snowflake_spotify_project.bronze_listings
[0m21:46:48.916551 [debug] [Thread-2 (]: Began running node model.snowflake_spotify_project.obt
[0m21:46:48.917143 [info ] [Thread-2 (]: 4 of 7 START sql table model gold.obt .......................................... [RUN]
[0m21:46:48.917539 [debug] [Thread-2 (]: Re-using an available connection from the pool (formerly model.snowflake_spotify_project.bronze_listings, now model.snowflake_spotify_project.obt)
[0m21:46:48.917828 [debug] [Thread-2 (]: Began compiling node model.snowflake_spotify_project.obt
[0m21:46:48.923150 [debug] [Thread-2 (]: Writing injected SQL for node "model.snowflake_spotify_project.obt"
[0m21:46:48.923952 [debug] [Thread-2 (]: Began executing node model.snowflake_spotify_project.obt
[0m21:46:48.987806 [debug] [Thread-2 (]: Writing runtime sql for node "model.snowflake_spotify_project.obt"
[0m21:46:48.992412 [debug] [Thread-2 (]: Using snowflake connection "model.snowflake_spotify_project.obt"
[0m21:46:48.992561 [debug] [Thread-2 (]: On model.snowflake_spotify_project.obt: create or replace transient table SPOTIFY_DB.gold.obt
    
    
    
    as (

select 
    
        silver_bookings.*,
    
        silver_listings.host_id,silver_listings.property_type,silver_listings.room_type,silver_listings.city,silver_listings.country,silver_listings.accommodates,silver_listings.bathrooms,silver_listings.bedrooms,silver_listings.price_per_night,silver_listings.price_per_night_tag,silver_listings.listing_created_at,
    
        silver_hosts.host_name,silver_hosts.host_since,silver_hosts.is_superhost,silver_hosts.response_rate,silver_hosts.response_rate_category,silver_hosts.host_created_at
    
from
   
   
        spotify_db.silver.silver_bookings as silver_bookings
   
            
   
        left join spotify_db.silver.silver_listings as silver_listings
            on silver_bookings.listing_id = silver_listings.listing_id
            
            
   
        left join spotify_db.silver.silver_hosts as silver_hosts
            on silver_listings.host_id = silver_hosts.host_id
            
            
    )

/* {"app": "dbt", "dbt_version": "1.11.2", "profile_name": "snowflake_spotify_project", "target_name": "dev", "node_id": "model.snowflake_spotify_project.obt"} */;
[0m21:46:52.261061 [debug] [Thread-2 (]: SQL status: SUCCESS 1 in 3.268 seconds
[0m21:46:52.266962 [debug] [Thread-2 (]: Sending event: {'category': 'dbt', 'action': 'run_model', 'label': '33b8e86d-4f01-4254-9555-d8a6f3ee3f4c', 'context': [<snowplow_tracker.self_describing_json.SelfDescribingJson object at 0x1027d6bd0>]}
[0m21:46:52.267535 [info ] [Thread-2 (]: 4 of 7 OK created sql table model gold.obt ..................................... [[32mSUCCESS 1[0m in 3.35s]
[0m21:46:52.267923 [debug] [Thread-2 (]: Finished running node model.snowflake_spotify_project.obt
[0m21:46:52.268200 [debug] [Thread-2 (]: Began running node model.snowflake_spotify_project.silver_bookings
[0m21:46:52.268563 [info ] [Thread-2 (]: 5 of 7 START sql incremental model silver.silver_bookings ...................... [RUN]
[0m21:46:52.268918 [debug] [Thread-2 (]: Re-using an available connection from the pool (formerly model.snowflake_spotify_project.obt, now model.snowflake_spotify_project.silver_bookings)
[0m21:46:52.269150 [debug] [Thread-2 (]: Began compiling node model.snowflake_spotify_project.silver_bookings
[0m21:46:52.272300 [debug] [Thread-2 (]: Writing injected SQL for node "model.snowflake_spotify_project.silver_bookings"
[0m21:46:52.272849 [debug] [Thread-2 (]: Began executing node model.snowflake_spotify_project.silver_bookings
[0m21:46:52.275173 [debug] [Thread-2 (]: Using snowflake connection "model.snowflake_spotify_project.silver_bookings"
[0m21:46:52.275404 [debug] [Thread-2 (]: On model.snowflake_spotify_project.silver_bookings: create or replace  temporary view SPOTIFY_DB.silver.silver_bookings__dbt_tmp
  
  
  
  
  as (
    


select 
    booking_id,
    listing_id,
    booking_date,
    
    ROUND(booking_amount * nights_booked, 2)
 as total_amount,
    service_fee,
    cleaning_fee,
    booking_status,
    created_at as booking_created_at 
from 
    SPOTIFY_DB.bronze.bronze_bookings
  )
/* {"app": "dbt", "dbt_version": "1.11.2", "profile_name": "snowflake_spotify_project", "target_name": "dev", "node_id": "model.snowflake_spotify_project.silver_bookings"} */;
[0m21:46:52.456296 [debug] [Thread-2 (]: SQL status: SUCCESS 1 in 0.180 seconds
[0m21:46:52.461784 [debug] [Thread-2 (]: Using snowflake connection "model.snowflake_spotify_project.silver_bookings"
[0m21:46:52.462141 [debug] [Thread-2 (]: On model.snowflake_spotify_project.silver_bookings: describe table SPOTIFY_DB.silver.silver_bookings__dbt_tmp
/* {"app": "dbt", "dbt_version": "1.11.2", "profile_name": "snowflake_spotify_project", "target_name": "dev", "node_id": "model.snowflake_spotify_project.silver_bookings"} */
[0m21:46:52.593451 [debug] [Thread-2 (]: SQL status: SUCCESS 8 in 0.131 seconds
[0m21:46:52.598551 [debug] [Thread-2 (]: Using snowflake connection "model.snowflake_spotify_project.silver_bookings"
[0m21:46:52.598949 [debug] [Thread-2 (]: On model.snowflake_spotify_project.silver_bookings: describe table SPOTIFY_DB.silver.silver_bookings
/* {"app": "dbt", "dbt_version": "1.11.2", "profile_name": "snowflake_spotify_project", "target_name": "dev", "node_id": "model.snowflake_spotify_project.silver_bookings"} */
[0m21:46:52.708720 [debug] [Thread-2 (]: SQL status: SUCCESS 8 in 0.109 seconds
[0m21:46:52.714376 [debug] [Thread-2 (]: Using snowflake connection "model.snowflake_spotify_project.silver_bookings"
[0m21:46:52.714774 [debug] [Thread-2 (]: On model.snowflake_spotify_project.silver_bookings: describe table "SPOTIFY_DB"."SILVER"."SILVER_BOOKINGS"
/* {"app": "dbt", "dbt_version": "1.11.2", "profile_name": "snowflake_spotify_project", "target_name": "dev", "node_id": "model.snowflake_spotify_project.silver_bookings"} */
[0m21:46:52.841486 [debug] [Thread-2 (]: SQL status: SUCCESS 8 in 0.126 seconds
[0m21:46:52.860437 [debug] [Thread-2 (]: Writing runtime sql for node "model.snowflake_spotify_project.silver_bookings"
[0m21:46:52.861819 [debug] [Thread-2 (]: Using snowflake connection "model.snowflake_spotify_project.silver_bookings"
[0m21:46:52.862084 [debug] [Thread-2 (]: On model.snowflake_spotify_project.silver_bookings: -- back compat for old kwarg name
  
  begin
/* {"app": "dbt", "dbt_version": "1.11.2", "profile_name": "snowflake_spotify_project", "target_name": "dev", "node_id": "model.snowflake_spotify_project.silver_bookings"} */;
[0m21:46:52.990271 [debug] [Thread-2 (]: SQL status: SUCCESS 1 in 0.128 seconds
[0m21:46:52.991426 [debug] [Thread-2 (]: Using snowflake connection "model.snowflake_spotify_project.silver_bookings"
[0m21:46:52.992254 [debug] [Thread-2 (]: On model.snowflake_spotify_project.silver_bookings: merge into SPOTIFY_DB.silver.silver_bookings as DBT_INTERNAL_DEST
        using SPOTIFY_DB.silver.silver_bookings__dbt_tmp as DBT_INTERNAL_SOURCE
        on ((DBT_INTERNAL_SOURCE.booking_id = DBT_INTERNAL_DEST.booking_id))

    
    when matched then update set
        "BOOKING_ID" = DBT_INTERNAL_SOURCE."BOOKING_ID","LISTING_ID" = DBT_INTERNAL_SOURCE."LISTING_ID","BOOKING_DATE" = DBT_INTERNAL_SOURCE."BOOKING_DATE","TOTAL_AMOUNT" = DBT_INTERNAL_SOURCE."TOTAL_AMOUNT","SERVICE_FEE" = DBT_INTERNAL_SOURCE."SERVICE_FEE","CLEANING_FEE" = DBT_INTERNAL_SOURCE."CLEANING_FEE","BOOKING_STATUS" = DBT_INTERNAL_SOURCE."BOOKING_STATUS","BOOKING_CREATED_AT" = DBT_INTERNAL_SOURCE."BOOKING_CREATED_AT"
    

    when not matched then insert
        ("BOOKING_ID", "LISTING_ID", "BOOKING_DATE", "TOTAL_AMOUNT", "SERVICE_FEE", "CLEANING_FEE", "BOOKING_STATUS", "BOOKING_CREATED_AT")
    values
        ("BOOKING_ID", "LISTING_ID", "BOOKING_DATE", "TOTAL_AMOUNT", "SERVICE_FEE", "CLEANING_FEE", "BOOKING_STATUS", "BOOKING_CREATED_AT")


/* {"app": "dbt", "dbt_version": "1.11.2", "profile_name": "snowflake_spotify_project", "target_name": "dev", "node_id": "model.snowflake_spotify_project.silver_bookings"} */;
[0m21:46:54.276657 [debug] [Thread-2 (]: Snowflake adapter: Snowflake query id: 01c1fbba-3203-abb2-0000-0007183a4aa9
[0m21:46:54.277232 [debug] [Thread-2 (]: Snowflake adapter: Snowflake error: 100090 (42P18): Duplicate row detected during DML action
Row Values: [redacted]
[0m21:46:54.280792 [debug] [Thread-2 (]: Database Error in model silver_bookings (models/silver/silver_bookings.sql)
  100090 (42P18): Duplicate row detected during DML action
  Row Values: [redacted]
  compiled code at target/run/snowflake_spotify_project/models/silver/silver_bookings.sql
[0m21:46:54.281334 [debug] [Thread-2 (]: Sending event: {'category': 'dbt', 'action': 'run_model', 'label': '33b8e86d-4f01-4254-9555-d8a6f3ee3f4c', 'context': [<snowplow_tracker.self_describing_json.SelfDescribingJson object at 0x105e2c4d0>]}
[0m21:46:54.281868 [error] [Thread-2 (]: 5 of 7 ERROR creating sql incremental model silver.silver_bookings ............. [[31mERROR[0m in 2.01s]
[0m21:46:54.282283 [debug] [Thread-2 (]: Finished running node model.snowflake_spotify_project.silver_bookings
[0m21:46:54.282576 [debug] [Thread-2 (]: Began running node model.snowflake_spotify_project.silver_hosts
[0m21:46:54.282915 [debug] [Thread-5 (]: Marking all children of 'model.snowflake_spotify_project.silver_bookings' to be skipped because of status 'error'.  Reason: Database Error in model silver_bookings (models/silver/silver_bookings.sql)
  100090 (42P18): Duplicate row detected during DML action
  Row Values: [redacted]
  compiled code at target/run/snowflake_spotify_project/models/silver/silver_bookings.sql.
[0m21:46:54.283299 [info ] [Thread-2 (]: 6 of 7 START sql incremental model silver.silver_hosts ......................... [RUN]
[0m21:46:54.283977 [debug] [Thread-2 (]: Re-using an available connection from the pool (formerly model.snowflake_spotify_project.silver_bookings, now model.snowflake_spotify_project.silver_hosts)
[0m21:46:54.284271 [debug] [Thread-2 (]: Began compiling node model.snowflake_spotify_project.silver_hosts
[0m21:46:54.289455 [debug] [Thread-2 (]: Writing injected SQL for node "model.snowflake_spotify_project.silver_hosts"
[0m21:46:54.290016 [debug] [Thread-2 (]: Began executing node model.snowflake_spotify_project.silver_hosts
[0m21:46:54.293044 [debug] [Thread-2 (]: Using snowflake connection "model.snowflake_spotify_project.silver_hosts"
[0m21:46:54.293482 [debug] [Thread-2 (]: On model.snowflake_spotify_project.silver_hosts: create or replace  temporary view SPOTIFY_DB.silver.silver_hosts__dbt_tmp
  
  
  
  
  as (
    


select 
    host_id,
    
    UPPER(host_name)
   as host_name,
    host_since,
    is_superhost,
    response_rate,
    
    case 
        when response_rate > 95 then 'Very Good'
        when response_rate > 80 then 'Good'
        when response_rate > 60 then 'Average'
        else 'Poor'
    end
 as response_rate_category,
    created_at as host_created_at
from
    SPOTIFY_DB.bronze.bronze_hosts
  )
/* {"app": "dbt", "dbt_version": "1.11.2", "profile_name": "snowflake_spotify_project", "target_name": "dev", "node_id": "model.snowflake_spotify_project.silver_hosts"} */;
[0m21:46:54.578456 [debug] [Thread-2 (]: SQL status: SUCCESS 1 in 0.284 seconds
[0m21:46:54.587844 [debug] [Thread-2 (]: Using snowflake connection "model.snowflake_spotify_project.silver_hosts"
[0m21:46:54.588131 [debug] [Thread-2 (]: On model.snowflake_spotify_project.silver_hosts: describe table SPOTIFY_DB.silver.silver_hosts__dbt_tmp
/* {"app": "dbt", "dbt_version": "1.11.2", "profile_name": "snowflake_spotify_project", "target_name": "dev", "node_id": "model.snowflake_spotify_project.silver_hosts"} */
[0m21:46:54.711408 [debug] [Thread-2 (]: SQL status: SUCCESS 7 in 0.123 seconds
[0m21:46:54.719075 [debug] [Thread-2 (]: Using snowflake connection "model.snowflake_spotify_project.silver_hosts"
[0m21:46:54.719307 [debug] [Thread-2 (]: On model.snowflake_spotify_project.silver_hosts: describe table SPOTIFY_DB.silver.silver_hosts
/* {"app": "dbt", "dbt_version": "1.11.2", "profile_name": "snowflake_spotify_project", "target_name": "dev", "node_id": "model.snowflake_spotify_project.silver_hosts"} */
[0m21:46:54.842953 [debug] [Thread-2 (]: SQL status: SUCCESS 7 in 0.123 seconds
[0m21:46:54.848355 [debug] [Thread-2 (]: Using snowflake connection "model.snowflake_spotify_project.silver_hosts"
[0m21:46:54.848785 [debug] [Thread-2 (]: On model.snowflake_spotify_project.silver_hosts: describe table "SPOTIFY_DB"."SILVER"."SILVER_HOSTS"
/* {"app": "dbt", "dbt_version": "1.11.2", "profile_name": "snowflake_spotify_project", "target_name": "dev", "node_id": "model.snowflake_spotify_project.silver_hosts"} */
[0m21:46:54.960978 [debug] [Thread-2 (]: SQL status: SUCCESS 7 in 0.112 seconds
[0m21:46:54.966223 [debug] [Thread-2 (]: Writing runtime sql for node "model.snowflake_spotify_project.silver_hosts"
[0m21:46:54.967993 [debug] [Thread-2 (]: Using snowflake connection "model.snowflake_spotify_project.silver_hosts"
[0m21:46:54.968311 [debug] [Thread-2 (]: On model.snowflake_spotify_project.silver_hosts: -- back compat for old kwarg name
  
  begin
/* {"app": "dbt", "dbt_version": "1.11.2", "profile_name": "snowflake_spotify_project", "target_name": "dev", "node_id": "model.snowflake_spotify_project.silver_hosts"} */;
[0m21:46:55.101768 [debug] [Thread-2 (]: SQL status: SUCCESS 1 in 0.133 seconds
[0m21:46:55.102954 [debug] [Thread-2 (]: Using snowflake connection "model.snowflake_spotify_project.silver_hosts"
[0m21:46:55.103549 [debug] [Thread-2 (]: On model.snowflake_spotify_project.silver_hosts: merge into SPOTIFY_DB.silver.silver_hosts as DBT_INTERNAL_DEST
        using SPOTIFY_DB.silver.silver_hosts__dbt_tmp as DBT_INTERNAL_SOURCE
        on ((DBT_INTERNAL_SOURCE.host_id = DBT_INTERNAL_DEST.host_id))

    
    when matched then update set
        "HOST_ID" = DBT_INTERNAL_SOURCE."HOST_ID","HOST_NAME" = DBT_INTERNAL_SOURCE."HOST_NAME","HOST_SINCE" = DBT_INTERNAL_SOURCE."HOST_SINCE","IS_SUPERHOST" = DBT_INTERNAL_SOURCE."IS_SUPERHOST","RESPONSE_RATE" = DBT_INTERNAL_SOURCE."RESPONSE_RATE","RESPONSE_RATE_CATEGORY" = DBT_INTERNAL_SOURCE."RESPONSE_RATE_CATEGORY","HOST_CREATED_AT" = DBT_INTERNAL_SOURCE."HOST_CREATED_AT"
    

    when not matched then insert
        ("HOST_ID", "HOST_NAME", "HOST_SINCE", "IS_SUPERHOST", "RESPONSE_RATE", "RESPONSE_RATE_CATEGORY", "HOST_CREATED_AT")
    values
        ("HOST_ID", "HOST_NAME", "HOST_SINCE", "IS_SUPERHOST", "RESPONSE_RATE", "RESPONSE_RATE_CATEGORY", "HOST_CREATED_AT")


/* {"app": "dbt", "dbt_version": "1.11.2", "profile_name": "snowflake_spotify_project", "target_name": "dev", "node_id": "model.snowflake_spotify_project.silver_hosts"} */;
[0m21:46:55.730079 [debug] [Thread-2 (]: Snowflake adapter: Snowflake query id: 01c1fbba-3203-ac7d-0000-0007183a7061
[0m21:46:55.730360 [debug] [Thread-2 (]: Snowflake adapter: Snowflake error: 100090 (42P18): Duplicate row detected during DML action
Row Values: [redacted]
[0m21:46:55.732430 [debug] [Thread-2 (]: Database Error in model silver_hosts (models/silver/silver_hosts.sql)
  100090 (42P18): Duplicate row detected during DML action
  Row Values: [redacted]
  compiled code at target/run/snowflake_spotify_project/models/silver/silver_hosts.sql
[0m21:46:55.732722 [debug] [Thread-2 (]: Sending event: {'category': 'dbt', 'action': 'run_model', 'label': '33b8e86d-4f01-4254-9555-d8a6f3ee3f4c', 'context': [<snowplow_tracker.self_describing_json.SelfDescribingJson object at 0x109335490>]}
[0m21:46:55.733070 [error] [Thread-2 (]: 6 of 7 ERROR creating sql incremental model silver.silver_hosts ................ [[31mERROR[0m in 1.45s]
[0m21:46:55.733357 [debug] [Thread-2 (]: Finished running node model.snowflake_spotify_project.silver_hosts
[0m21:46:55.733534 [debug] [Thread-2 (]: Began running node model.snowflake_spotify_project.silver_listings
[0m21:46:55.733778 [debug] [Thread-5 (]: Marking all children of 'model.snowflake_spotify_project.silver_hosts' to be skipped because of status 'error'.  Reason: Database Error in model silver_hosts (models/silver/silver_hosts.sql)
  100090 (42P18): Duplicate row detected during DML action
  Row Values: [redacted]
  compiled code at target/run/snowflake_spotify_project/models/silver/silver_hosts.sql.
[0m21:46:55.734026 [info ] [Thread-2 (]: 7 of 7 START sql incremental model silver.silver_listings ...................... [RUN]
[0m21:46:55.734328 [debug] [Thread-2 (]: Re-using an available connection from the pool (formerly model.snowflake_spotify_project.silver_hosts, now model.snowflake_spotify_project.silver_listings)
[0m21:46:55.734503 [debug] [Thread-2 (]: Began compiling node model.snowflake_spotify_project.silver_listings
[0m21:46:55.737078 [debug] [Thread-2 (]: Writing injected SQL for node "model.snowflake_spotify_project.silver_listings"
[0m21:46:55.737451 [debug] [Thread-2 (]: Began executing node model.snowflake_spotify_project.silver_listings
[0m21:46:55.739369 [debug] [Thread-2 (]: Using snowflake connection "model.snowflake_spotify_project.silver_listings"
[0m21:46:55.739593 [debug] [Thread-2 (]: On model.snowflake_spotify_project.silver_listings: create or replace  temporary view SPOTIFY_DB.silver.silver_listings__dbt_tmp
  
  
  
  
  as (
    


select 
    listing_id,
    host_id,
    
    UPPER(property_type)
   as property_type,
    
    UPPER(room_type)
   as room_type,
    
    UPPER(city)
   as city,
    
    UPPER(country)
   as country,
    accommodates,
    bathrooms,
    bedrooms,
    price_per_night,
    
    case 
        when price_per_night < 100 then 'low'
        when price_per_night < 200 then 'medium'
        else 'high'
    end
 as price_per_night_tag,
    created_at as listing_created_at
from 
    SPOTIFY_DB.bronze.bronze_listings
  )
/* {"app": "dbt", "dbt_version": "1.11.2", "profile_name": "snowflake_spotify_project", "target_name": "dev", "node_id": "model.snowflake_spotify_project.silver_listings"} */;
[0m21:46:55.982863 [debug] [Thread-2 (]: SQL status: SUCCESS 1 in 0.243 seconds
[0m21:46:55.984792 [debug] [Thread-2 (]: Using snowflake connection "model.snowflake_spotify_project.silver_listings"
[0m21:46:55.984980 [debug] [Thread-2 (]: On model.snowflake_spotify_project.silver_listings: describe table SPOTIFY_DB.silver.silver_listings__dbt_tmp
/* {"app": "dbt", "dbt_version": "1.11.2", "profile_name": "snowflake_spotify_project", "target_name": "dev", "node_id": "model.snowflake_spotify_project.silver_listings"} */
[0m21:46:56.114645 [debug] [Thread-2 (]: SQL status: SUCCESS 12 in 0.129 seconds
[0m21:46:56.118971 [debug] [Thread-2 (]: Using snowflake connection "model.snowflake_spotify_project.silver_listings"
[0m21:46:56.119293 [debug] [Thread-2 (]: On model.snowflake_spotify_project.silver_listings: describe table SPOTIFY_DB.silver.silver_listings
/* {"app": "dbt", "dbt_version": "1.11.2", "profile_name": "snowflake_spotify_project", "target_name": "dev", "node_id": "model.snowflake_spotify_project.silver_listings"} */
[0m21:46:56.246729 [debug] [Thread-2 (]: SQL status: SUCCESS 12 in 0.127 seconds
[0m21:46:56.252643 [debug] [Thread-2 (]: Using snowflake connection "model.snowflake_spotify_project.silver_listings"
[0m21:46:56.252997 [debug] [Thread-2 (]: On model.snowflake_spotify_project.silver_listings: describe table "SPOTIFY_DB"."SILVER"."SILVER_LISTINGS"
/* {"app": "dbt", "dbt_version": "1.11.2", "profile_name": "snowflake_spotify_project", "target_name": "dev", "node_id": "model.snowflake_spotify_project.silver_listings"} */
[0m21:46:56.375801 [debug] [Thread-2 (]: SQL status: SUCCESS 12 in 0.122 seconds
[0m21:46:56.381032 [debug] [Thread-2 (]: Writing runtime sql for node "model.snowflake_spotify_project.silver_listings"
[0m21:46:56.382851 [debug] [Thread-2 (]: Using snowflake connection "model.snowflake_spotify_project.silver_listings"
[0m21:46:56.383129 [debug] [Thread-2 (]: On model.snowflake_spotify_project.silver_listings: -- back compat for old kwarg name
  
  begin
/* {"app": "dbt", "dbt_version": "1.11.2", "profile_name": "snowflake_spotify_project", "target_name": "dev", "node_id": "model.snowflake_spotify_project.silver_listings"} */;
[0m21:46:56.522998 [debug] [Thread-2 (]: SQL status: SUCCESS 1 in 0.139 seconds
[0m21:46:56.523890 [debug] [Thread-2 (]: Using snowflake connection "model.snowflake_spotify_project.silver_listings"
[0m21:46:56.524418 [debug] [Thread-2 (]: On model.snowflake_spotify_project.silver_listings: merge into SPOTIFY_DB.silver.silver_listings as DBT_INTERNAL_DEST
        using SPOTIFY_DB.silver.silver_listings__dbt_tmp as DBT_INTERNAL_SOURCE
        on ((DBT_INTERNAL_SOURCE.listing_id = DBT_INTERNAL_DEST.listing_id))

    
    when matched then update set
        "LISTING_ID" = DBT_INTERNAL_SOURCE."LISTING_ID","HOST_ID" = DBT_INTERNAL_SOURCE."HOST_ID","PROPERTY_TYPE" = DBT_INTERNAL_SOURCE."PROPERTY_TYPE","ROOM_TYPE" = DBT_INTERNAL_SOURCE."ROOM_TYPE","CITY" = DBT_INTERNAL_SOURCE."CITY","COUNTRY" = DBT_INTERNAL_SOURCE."COUNTRY","ACCOMMODATES" = DBT_INTERNAL_SOURCE."ACCOMMODATES","BATHROOMS" = DBT_INTERNAL_SOURCE."BATHROOMS","BEDROOMS" = DBT_INTERNAL_SOURCE."BEDROOMS","PRICE_PER_NIGHT" = DBT_INTERNAL_SOURCE."PRICE_PER_NIGHT","PRICE_PER_NIGHT_TAG" = DBT_INTERNAL_SOURCE."PRICE_PER_NIGHT_TAG","LISTING_CREATED_AT" = DBT_INTERNAL_SOURCE."LISTING_CREATED_AT"
    

    when not matched then insert
        ("LISTING_ID", "HOST_ID", "PROPERTY_TYPE", "ROOM_TYPE", "CITY", "COUNTRY", "ACCOMMODATES", "BATHROOMS", "BEDROOMS", "PRICE_PER_NIGHT", "PRICE_PER_NIGHT_TAG", "LISTING_CREATED_AT")
    values
        ("LISTING_ID", "HOST_ID", "PROPERTY_TYPE", "ROOM_TYPE", "CITY", "COUNTRY", "ACCOMMODATES", "BATHROOMS", "BEDROOMS", "PRICE_PER_NIGHT", "PRICE_PER_NIGHT_TAG", "LISTING_CREATED_AT")


/* {"app": "dbt", "dbt_version": "1.11.2", "profile_name": "snowflake_spotify_project", "target_name": "dev", "node_id": "model.snowflake_spotify_project.silver_listings"} */;
[0m21:46:57.174622 [debug] [Thread-2 (]: Snowflake adapter: Snowflake query id: 01c1fbba-3203-ad43-0000-0007183a39c9
[0m21:46:57.175639 [debug] [Thread-2 (]: Snowflake adapter: Snowflake error: 100090 (42P18): Duplicate row detected during DML action
Row Values: [redacted]
[0m21:46:57.179615 [debug] [Thread-2 (]: Database Error in model silver_listings (models/silver/silver_listings.sql)
  100090 (42P18): Duplicate row detected during DML action
  Row Values: [redacted]
  compiled code at target/run/snowflake_spotify_project/models/silver/silver_listings.sql
[0m21:46:57.180217 [debug] [Thread-2 (]: Sending event: {'category': 'dbt', 'action': 'run_model', 'label': '33b8e86d-4f01-4254-9555-d8a6f3ee3f4c', 'context': [<snowplow_tracker.self_describing_json.SelfDescribingJson object at 0x109024310>]}
[0m21:46:57.180842 [error] [Thread-2 (]: 7 of 7 ERROR creating sql incremental model silver.silver_listings ............. [[31mERROR[0m in 1.45s]
[0m21:46:57.181309 [debug] [Thread-2 (]: Finished running node model.snowflake_spotify_project.silver_listings
[0m21:46:57.181773 [debug] [Thread-5 (]: Marking all children of 'model.snowflake_spotify_project.silver_listings' to be skipped because of status 'error'.  Reason: Database Error in model silver_listings (models/silver/silver_listings.sql)
  100090 (42P18): Duplicate row detected during DML action
  Row Values: [redacted]
  compiled code at target/run/snowflake_spotify_project/models/silver/silver_listings.sql.
[0m21:46:57.183044 [debug] [MainThread]: Connection 'master' was properly closed.
[0m21:46:57.183286 [debug] [MainThread]: Connection 'model.snowflake_spotify_project.silver_listings' was left open.
[0m21:46:57.183501 [debug] [MainThread]: On model.snowflake_spotify_project.silver_listings: Close
[0m21:46:57.382001 [info ] [MainThread]: 
[0m21:46:57.382679 [info ] [MainThread]: Finished running 6 incremental models, 1 table model in 0 hours 0 minutes and 17.89 seconds (17.89s).
[0m21:46:57.383985 [debug] [MainThread]: Command end result
[0m21:46:57.408127 [debug] [MainThread]: Wrote artifact WritableManifest to /Users/faizaan/Desktop/dbt_spotify_prj/snowflake_spotify_project/target/manifest.json
[0m21:46:57.409703 [debug] [MainThread]: Wrote artifact SemanticManifest to /Users/faizaan/Desktop/dbt_spotify_prj/snowflake_spotify_project/target/semantic_manifest.json
[0m21:46:57.413557 [debug] [MainThread]: Wrote artifact RunExecutionResult to /Users/faizaan/Desktop/dbt_spotify_prj/snowflake_spotify_project/target/run_results.json
[0m21:46:57.413759 [info ] [MainThread]: 
[0m21:46:57.413990 [info ] [MainThread]: [31mCompleted with 3 errors, 0 partial successes, and 0 warnings:[0m
[0m21:46:57.414158 [info ] [MainThread]: 
[0m21:46:57.414375 [error] [MainThread]: [31mFailure in model silver_bookings (models/silver/silver_bookings.sql)[0m
[0m21:46:57.414578 [error] [MainThread]:   Database Error in model silver_bookings (models/silver/silver_bookings.sql)
  100090 (42P18): Duplicate row detected during DML action
  Row Values: [redacted]
  compiled code at target/run/snowflake_spotify_project/models/silver/silver_bookings.sql
[0m21:46:57.414728 [info ] [MainThread]: 
[0m21:46:57.414896 [info ] [MainThread]:   compiled code at target/compiled/snowflake_spotify_project/models/silver/silver_bookings.sql
[0m21:46:57.415033 [info ] [MainThread]: 
[0m21:46:57.415321 [error] [MainThread]: [31mFailure in model silver_hosts (models/silver/silver_hosts.sql)[0m
[0m21:46:57.415549 [error] [MainThread]:   Database Error in model silver_hosts (models/silver/silver_hosts.sql)
  100090 (42P18): Duplicate row detected during DML action
  Row Values: [redacted]
  compiled code at target/run/snowflake_spotify_project/models/silver/silver_hosts.sql
[0m21:46:57.415704 [info ] [MainThread]: 
[0m21:46:57.415874 [info ] [MainThread]:   compiled code at target/compiled/snowflake_spotify_project/models/silver/silver_hosts.sql
[0m21:46:57.416011 [info ] [MainThread]: 
[0m21:46:57.416180 [error] [MainThread]: [31mFailure in model silver_listings (models/silver/silver_listings.sql)[0m
[0m21:46:57.416350 [error] [MainThread]:   Database Error in model silver_listings (models/silver/silver_listings.sql)
  100090 (42P18): Duplicate row detected during DML action
  Row Values: [redacted]
  compiled code at target/run/snowflake_spotify_project/models/silver/silver_listings.sql
[0m21:46:57.416481 [info ] [MainThread]: 
[0m21:46:57.416642 [info ] [MainThread]:   compiled code at target/compiled/snowflake_spotify_project/models/silver/silver_listings.sql
[0m21:46:57.416776 [info ] [MainThread]: 
[0m21:46:57.416933 [info ] [MainThread]: Done. PASS=4 WARN=0 ERROR=3 SKIP=0 NO-OP=0 TOTAL=7
[0m21:46:57.419328 [debug] [MainThread]: Resource report: {"command_name": "build", "command_success": false, "command_wall_clock_time": 18.328186, "process_in_blocks": "0", "process_kernel_time": 0.233209, "process_mem_max_rss": "171343872", "process_out_blocks": "0", "process_user_time": 1.423612}
[0m21:46:57.419611 [debug] [MainThread]: Command `dbt build` failed at 21:46:57.419532 after 18.33 seconds
[0m21:46:57.419895 [debug] [MainThread]: Sending event: {'category': 'dbt', 'action': 'invocation', 'label': 'end', 'context': [<snowplow_tracker.self_describing_json.SelfDescribingJson object at 0x1070cef90>, <snowplow_tracker.self_describing_json.SelfDescribingJson object at 0x102809590>, <snowplow_tracker.self_describing_json.SelfDescribingJson object at 0x102809510>]}
[0m21:46:57.420122 [debug] [MainThread]: Flushing usage events
[0m21:46:57.835178 [debug] [MainThread]: An error was encountered while trying to flush usage events
[0m21:59:15.059673 [debug] [MainThread]: Sending event: {'category': 'dbt', 'action': 'invocation', 'label': 'start', 'context': [<snowplow_tracker.self_describing_json.SelfDescribingJson object at 0x1097b3790>, <snowplow_tracker.self_describing_json.SelfDescribingJson object at 0x10983e090>, <snowplow_tracker.self_describing_json.SelfDescribingJson object at 0x10983ebd0>]}


============================== 21:59:15.061606 | aa5fa99a-fb06-477b-9388-c6f7bb62b7c0 ==============================
[0m21:59:15.061606 [info ] [MainThread]: Running with dbt=1.11.2
[0m21:59:15.061844 [debug] [MainThread]: running dbt with arguments {'log_path': '/Users/faizaan/Desktop/dbt_spotify_prj/snowflake_spotify_project/logs', 'log_format': 'default', 'version_check': 'True', 'partial_parse': 'True', 'use_colors': 'True', 'warn_error': 'None', 'use_experimental_parser': 'False', 'debug': 'False', 'cache_selected_only': 'False', 'warn_error_options': 'WarnErrorOptionsV2(error=[], warn=[], silence=[])', 'indirect_selection': 'eager', 'target_path': 'None', 'profiles_dir': '/Users/faizaan/Desktop/dbt_spotify_prj/snowflake_spotify_project', 'send_anonymous_usage_stats': 'True', 'write_json': 'True', 'quiet': 'False', 'log_cache_events': 'False', 'invocation_command': 'dbt snapshot', 'fail_fast': 'False', 'introspect': 'True', 'empty': 'False', 'printer_width': '80', 'no_print': 'None', 'static_parser': 'True'}
[0m21:59:15.211387 [debug] [MainThread]: Snowflake adapter: Setting snowflake.connector to ERROR (file logging only)
[0m21:59:15.211580 [debug] [MainThread]: Snowflake adapter: Setting botocore to ERROR (file logging only)
[0m21:59:15.211686 [debug] [MainThread]: Snowflake adapter: Setting boto3 to ERROR (file logging only)
[0m21:59:15.230275 [warn ] [MainThread]: [[33mWARNING[0m][DuplicateYAMLKeysDeprecation]: Deprecated functionality
Duplicate key '+materialized' in "<unicode string>", line 44, column 7 in file `
/Users/faizaan/Desktop/dbt_spotify_prj/snowflake_spotify_project/dbt_project.yml
`
[0m21:59:15.230480 [debug] [MainThread]: Sending event: {'category': 'dbt', 'action': 'deprecation', 'label': 'aa5fa99a-fb06-477b-9388-c6f7bb62b7c0', 'property_': 'warn', 'context': [<snowplow_tracker.self_describing_json.SelfDescribingJson object at 0x10983eb10>]}
[0m21:59:15.231755 [warn ] [MainThread]: [[33mWARNING[0m][MissingPlusPrefixDeprecation]: Deprecated functionality
Missing '+' prefix on `ephemeral` found at
`snowflake_spotify_project.gold.ephemeral` in file `/Users/faizaan/Desktop/dbt_s
potify_prj/snowflake_spotify_project/dbt_project.yml`. Hierarchical config
values without a '+' prefix are deprecated in dbt_project.yml.
[0m21:59:15.231892 [debug] [MainThread]: Sending event: {'category': 'dbt', 'action': 'deprecation', 'label': 'aa5fa99a-fb06-477b-9388-c6f7bb62b7c0', 'property_': 'warn', 'context': [<snowplow_tracker.self_describing_json.SelfDescribingJson object at 0x10a6e8b50>]}
[0m21:59:15.268334 [debug] [MainThread]: Sending event: {'category': 'dbt', 'action': 'project_id', 'label': 'aa5fa99a-fb06-477b-9388-c6f7bb62b7c0', 'context': [<snowplow_tracker.self_describing_json.SelfDescribingJson object at 0x10a76bb90>]}
[0m21:59:15.284817 [debug] [MainThread]: Sending event: {'category': 'dbt', 'action': 'adapter_info', 'label': 'aa5fa99a-fb06-477b-9388-c6f7bb62b7c0', 'context': [<snowplow_tracker.self_describing_json.SelfDescribingJson object at 0x10899c090>]}
[0m21:59:15.285419 [info ] [MainThread]: Registered adapter: snowflake=1.11.1
[0m21:59:15.329879 [debug] [MainThread]: checksum: 3d40d8bbe1bef07db1c24822f2dbfff8bc07f2a48ed4fe2658a40653aec0b54b, vars: {}, profile: , target: , version: 1.11.2
[0m21:59:15.381263 [debug] [MainThread]: Partial parsing enabled: 0 files deleted, 0 files added, 2 files changed.
[0m21:59:15.381522 [debug] [MainThread]: Partial parsing: updated file: snowflake_spotify_project://snapshots/dim_bookings.yml
[0m21:59:15.381651 [debug] [MainThread]: Partial parsing: updated file: snowflake_spotify_project://analyses/explore.sql
[0m21:59:15.502692 [debug] [MainThread]: Sending event: {'category': 'dbt', 'action': 'load_project', 'label': 'aa5fa99a-fb06-477b-9388-c6f7bb62b7c0', 'context': [<snowplow_tracker.self_describing_json.SelfDescribingJson object at 0x10b71ef50>]}
[0m21:59:15.530762 [debug] [MainThread]: Wrote artifact WritableManifest to /Users/faizaan/Desktop/dbt_spotify_prj/snowflake_spotify_project/target/manifest.json
[0m21:59:15.531714 [debug] [MainThread]: Wrote artifact SemanticManifest to /Users/faizaan/Desktop/dbt_spotify_prj/snowflake_spotify_project/target/semantic_manifest.json
[0m21:59:15.539934 [debug] [MainThread]: Sending event: {'category': 'dbt', 'action': 'resource_counts', 'label': 'aa5fa99a-fb06-477b-9388-c6f7bb62b7c0', 'context': [<snowplow_tracker.self_describing_json.SelfDescribingJson object at 0x10ba7b210>]}
[0m21:59:15.540099 [info ] [MainThread]: Found 8 models, 1 analysis, 1 snapshot, 3 sources, 527 macros
[0m21:59:15.540216 [debug] [MainThread]: Sending event: {'category': 'dbt', 'action': 'runnable_timing', 'label': 'aa5fa99a-fb06-477b-9388-c6f7bb62b7c0', 'context': [<snowplow_tracker.self_describing_json.SelfDescribingJson object at 0x10b81f9d0>]}
[0m21:59:15.540824 [info ] [MainThread]: 
[0m21:59:15.540940 [info ] [MainThread]: Concurrency: 1 threads (target='dev')
[0m21:59:15.541025 [info ] [MainThread]: 
[0m21:59:15.541172 [debug] [MainThread]: Acquiring new snowflake connection 'master'
[0m21:59:15.541437 [debug] [ThreadPool]: Acquiring new snowflake connection 'list_spotify_db'
[0m21:59:15.565984 [debug] [ThreadPool]: Using snowflake connection "list_spotify_db"
[0m21:59:15.566138 [debug] [ThreadPool]: On list_spotify_db: show terse schemas in database spotify_db
    limit 10000
/* {"app": "dbt", "dbt_version": "1.11.2", "profile_name": "snowflake_spotify_project", "target_name": "dev", "connection_name": "list_spotify_db"} */
[0m21:59:15.566227 [debug] [ThreadPool]: Opening a new connection, currently in state init
[0m21:59:16.959117 [debug] [ThreadPool]: SQL status: SUCCESS 6 in 1.393 seconds
[0m21:59:16.966210 [debug] [ThreadPool]: Re-using an available connection from the pool (formerly list_spotify_db, now list_spotify_db_gold)
[0m21:59:16.977825 [debug] [ThreadPool]: Using snowflake connection "list_spotify_db_gold"
[0m21:59:16.978238 [debug] [ThreadPool]: On list_spotify_db_gold: show objects in spotify_db.gold
    limit 10000
    

/* {"app": "dbt", "dbt_version": "1.11.2", "profile_name": "snowflake_spotify_project", "target_name": "dev", "connection_name": "list_spotify_db_gold"} */;
[0m21:59:17.124417 [debug] [ThreadPool]: SQL status: SUCCESS 1 in 0.146 seconds
[0m21:59:17.127736 [debug] [ThreadPool]: Re-using an available connection from the pool (formerly list_spotify_db_gold, now list_SPOTIFY_DB_silver)
[0m21:59:17.130990 [debug] [ThreadPool]: Using snowflake connection "list_SPOTIFY_DB_silver"
[0m21:59:17.131264 [debug] [ThreadPool]: On list_SPOTIFY_DB_silver: show objects in SPOTIFY_DB.silver
    limit 10000
    

/* {"app": "dbt", "dbt_version": "1.11.2", "profile_name": "snowflake_spotify_project", "target_name": "dev", "connection_name": "list_SPOTIFY_DB_silver"} */;
[0m21:59:17.272751 [debug] [ThreadPool]: SQL status: SUCCESS 3 in 0.141 seconds
[0m21:59:17.275306 [debug] [ThreadPool]: Re-using an available connection from the pool (formerly list_SPOTIFY_DB_silver, now list_SPOTIFY_DB_bronze)
[0m21:59:17.278775 [debug] [ThreadPool]: Using snowflake connection "list_SPOTIFY_DB_bronze"
[0m21:59:17.279060 [debug] [ThreadPool]: On list_SPOTIFY_DB_bronze: show objects in SPOTIFY_DB.bronze
    limit 10000
    

/* {"app": "dbt", "dbt_version": "1.11.2", "profile_name": "snowflake_spotify_project", "target_name": "dev", "connection_name": "list_SPOTIFY_DB_bronze"} */;
[0m21:59:17.423495 [debug] [ThreadPool]: SQL status: SUCCESS 3 in 0.144 seconds
[0m21:59:17.427527 [debug] [MainThread]: Sending event: {'category': 'dbt', 'action': 'runnable_timing', 'label': 'aa5fa99a-fb06-477b-9388-c6f7bb62b7c0', 'context': [<snowplow_tracker.self_describing_json.SelfDescribingJson object at 0x10b78a6d0>]}
[0m21:59:17.432425 [debug] [Thread-2 (]: Began running node snapshot.snowflake_spotify_project.dim_bookings
[0m21:59:17.432879 [info ] [Thread-2 (]: 1 of 1 START snapshot spotify_db.gold.dim_bookings ............................. [RUN]
[0m21:59:17.433280 [debug] [Thread-2 (]: Re-using an available connection from the pool (formerly list_SPOTIFY_DB_bronze, now snapshot.snowflake_spotify_project.dim_bookings)
[0m21:59:17.433623 [debug] [Thread-2 (]: Began compiling node snapshot.snowflake_spotify_project.dim_bookings
[0m21:59:17.446781 [debug] [Thread-2 (]: Writing injected SQL for node "snapshot.snowflake_spotify_project.dim_bookings"
[0m21:59:17.449086 [debug] [Thread-2 (]: Writing injected SQL for node "snapshot.snowflake_spotify_project.dim_bookings"
[0m21:59:17.449918 [debug] [Thread-2 (]: Began executing node snapshot.snowflake_spotify_project.dim_bookings
[0m21:59:17.486283 [debug] [Thread-2 (]: Using snowflake connection "snapshot.snowflake_spotify_project.dim_bookings"
[0m21:59:17.486553 [debug] [Thread-2 (]: On snapshot.snowflake_spotify_project.dim_bookings: select * from (
        
    

    select *,
        md5(coalesce(cast(booking_id as varchar ), '')
         || '|' || coalesce(cast(booking_created_at as varchar ), '')
        ) as dbt_scd_id,
        booking_created_at as dbt_updated_at,
        booking_created_at as dbt_valid_from,
        
  
  coalesce(nullif(booking_created_at, booking_created_at), to_date('9999-12-31'))
  as dbt_valid_to
from (
        with __dbt__cte__obt as (


select 
    
        silver_bookings.*,
    
        silver_listings.host_id,silver_listings.property_type,silver_listings.room_type,silver_listings.city,silver_listings.country,silver_listings.accommodates,silver_listings.bathrooms,silver_listings.bedrooms,silver_listings.price_per_night,silver_listings.price_per_night_tag,silver_listings.listing_created_at,
    
        silver_hosts.host_name,silver_hosts.host_since,silver_hosts.is_superhost,silver_hosts.response_rate,silver_hosts.response_rate_category,silver_hosts.host_created_at
    
from
   
   
        spotify_db.silver.silver_bookings as silver_bookings
   
            
   
        left join spotify_db.silver.silver_listings as silver_listings
            on silver_bookings.listing_id = silver_listings.listing_id
            
            
   
        left join spotify_db.silver.silver_hosts as silver_hosts
            on silver_listings.host_id = silver_hosts.host_id
            
            
),  __dbt__cte__bookings as (


with  bookings as (

    select
        booking_id,
        booking_status,
        booking_created_at 
    from __dbt__cte__obt
)

select * from bookings
) select * from __dbt__cte__bookings
    ) sbq



    ) as __dbt_sbq
    where false
    limit 0
/* {"app": "dbt", "dbt_version": "1.11.2", "profile_name": "snowflake_spotify_project", "target_name": "dev", "node_id": "snapshot.snowflake_spotify_project.dim_bookings"} */
/* {"app": "dbt", "dbt_version": "1.11.2", "profile_name": "snowflake_spotify_project", "target_name": "dev", "node_id": "snapshot.snowflake_spotify_project.dim_bookings"} */
[0m21:59:17.643692 [debug] [Thread-2 (]: SQL status: SUCCESS 0 in 0.157 seconds
[0m21:59:17.649785 [debug] [Thread-2 (]: Using snowflake connection "snapshot.snowflake_spotify_project.dim_bookings"
[0m21:59:17.650238 [debug] [Thread-2 (]: On snapshot.snowflake_spotify_project.dim_bookings: select * from (
        select to_timestamp_ntz(convert_timezone('UTC', current_timestamp())) as dbt_snapshot_time
    ) as __dbt_sbq
    where false
    limit 0
/* {"app": "dbt", "dbt_version": "1.11.2", "profile_name": "snowflake_spotify_project", "target_name": "dev", "node_id": "snapshot.snowflake_spotify_project.dim_bookings"} */
/* {"app": "dbt", "dbt_version": "1.11.2", "profile_name": "snowflake_spotify_project", "target_name": "dev", "node_id": "snapshot.snowflake_spotify_project.dim_bookings"} */
[0m21:59:17.765075 [debug] [Thread-2 (]: SQL status: SUCCESS 0 in 0.114 seconds
[0m21:59:17.766646 [debug] [Thread-2 (]: Writing runtime sql for node "snapshot.snowflake_spotify_project.dim_bookings"
[0m21:59:17.772383 [debug] [Thread-2 (]: Using snowflake connection "snapshot.snowflake_spotify_project.dim_bookings"
[0m21:59:17.772763 [debug] [Thread-2 (]: On snapshot.snowflake_spotify_project.dim_bookings: create or replace transient table spotify_db.gold.dim_bookings
    
    
    
    as (
    

    select *,
        md5(coalesce(cast(booking_id as varchar ), '')
         || '|' || coalesce(cast(booking_created_at as varchar ), '')
        ) as dbt_scd_id,
        booking_created_at as dbt_updated_at,
        booking_created_at as dbt_valid_from,
        
  
  coalesce(nullif(booking_created_at, booking_created_at), to_date('9999-12-31'))
  as dbt_valid_to
from (
        with __dbt__cte__obt as (


select 
    
        silver_bookings.*,
    
        silver_listings.host_id,silver_listings.property_type,silver_listings.room_type,silver_listings.city,silver_listings.country,silver_listings.accommodates,silver_listings.bathrooms,silver_listings.bedrooms,silver_listings.price_per_night,silver_listings.price_per_night_tag,silver_listings.listing_created_at,
    
        silver_hosts.host_name,silver_hosts.host_since,silver_hosts.is_superhost,silver_hosts.response_rate,silver_hosts.response_rate_category,silver_hosts.host_created_at
    
from
   
   
        spotify_db.silver.silver_bookings as silver_bookings
   
            
   
        left join spotify_db.silver.silver_listings as silver_listings
            on silver_bookings.listing_id = silver_listings.listing_id
            
            
   
        left join spotify_db.silver.silver_hosts as silver_hosts
            on silver_listings.host_id = silver_hosts.host_id
            
            
),  __dbt__cte__bookings as (


with  bookings as (

    select
        booking_id,
        booking_status,
        booking_created_at 
    from __dbt__cte__obt
)

select * from bookings
) select * from __dbt__cte__bookings
    ) sbq



    )

/* {"app": "dbt", "dbt_version": "1.11.2", "profile_name": "snowflake_spotify_project", "target_name": "dev", "node_id": "snapshot.snowflake_spotify_project.dim_bookings"} */;
[0m21:59:19.680327 [debug] [Thread-2 (]: SQL status: SUCCESS 1 in 1.907 seconds
[0m21:59:19.704621 [debug] [Thread-2 (]: Sending event: {'category': 'dbt', 'action': 'run_model', 'label': 'aa5fa99a-fb06-477b-9388-c6f7bb62b7c0', 'context': [<snowplow_tracker.self_describing_json.SelfDescribingJson object at 0x10abf84d0>]}
[0m21:59:19.705297 [info ] [Thread-2 (]: 1 of 1 OK snapshotted spotify_db.gold.dim_bookings ............................. [[32mSUCCESS 1[0m in 2.27s]
[0m21:59:19.705712 [debug] [Thread-2 (]: Finished running node snapshot.snowflake_spotify_project.dim_bookings
[0m21:59:19.706709 [debug] [MainThread]: Connection 'master' was properly closed.
[0m21:59:19.706982 [debug] [MainThread]: Connection 'snapshot.snowflake_spotify_project.dim_bookings' was left open.
[0m21:59:19.707204 [debug] [MainThread]: On snapshot.snowflake_spotify_project.dim_bookings: Close
[0m21:59:20.170967 [info ] [MainThread]: 
[0m21:59:20.171393 [info ] [MainThread]: Finished running 1 snapshot in 0 hours 0 minutes and 4.63 seconds (4.63s).
[0m21:59:20.171896 [debug] [MainThread]: Command end result
[0m21:59:20.188795 [debug] [MainThread]: Wrote artifact WritableManifest to /Users/faizaan/Desktop/dbt_spotify_prj/snowflake_spotify_project/target/manifest.json
[0m21:59:20.189869 [debug] [MainThread]: Wrote artifact SemanticManifest to /Users/faizaan/Desktop/dbt_spotify_prj/snowflake_spotify_project/target/semantic_manifest.json
[0m21:59:20.192557 [debug] [MainThread]: Wrote artifact RunExecutionResult to /Users/faizaan/Desktop/dbt_spotify_prj/snowflake_spotify_project/target/run_results.json
[0m21:59:20.192698 [info ] [MainThread]: 
[0m21:59:20.192869 [info ] [MainThread]: [32mCompleted successfully[0m
[0m21:59:20.192993 [info ] [MainThread]: 
[0m21:59:20.193121 [info ] [MainThread]: Done. PASS=1 WARN=0 ERROR=0 SKIP=0 NO-OP=0 TOTAL=1
[0m21:59:20.193373 [warn ] [MainThread]: [[33mWARNING[0m][DeprecationsSummary]: Deprecated functionality
Summary of encountered deprecations:
- DuplicateYAMLKeysDeprecation: 1 occurrence
- MissingPlusPrefixDeprecation: 1 occurrence
To see all deprecation instances instead of just the first occurrence of each,
run command again with the `--show-all-deprecations` flag. You may also need to
run with `--no-partial-parse` as some deprecations are only encountered during
parsing.
[0m21:59:20.195360 [debug] [MainThread]: Resource report: {"command_name": "snapshot", "command_success": true, "command_wall_clock_time": 5.158767, "process_in_blocks": "0", "process_kernel_time": 0.182423, "process_mem_max_rss": "173621248", "process_out_blocks": "0", "process_user_time": 1.02655}
[0m21:59:20.195569 [debug] [MainThread]: Command `dbt snapshot` succeeded at 21:59:20.195532 after 5.16 seconds
[0m21:59:20.195727 [debug] [MainThread]: Sending event: {'category': 'dbt', 'action': 'invocation', 'label': 'end', 'context': [<snowplow_tracker.self_describing_json.SelfDescribingJson object at 0x105021690>, <snowplow_tracker.self_describing_json.SelfDescribingJson object at 0x105021550>, <snowplow_tracker.self_describing_json.SelfDescribingJson object at 0x105021810>]}
[0m21:59:20.195879 [debug] [MainThread]: Flushing usage events
[0m21:59:20.547547 [debug] [MainThread]: An error was encountered while trying to flush usage events
[0m22:08:53.128347 [debug] [MainThread]: Sending event: {'category': 'dbt', 'action': 'invocation', 'label': 'start', 'context': [<snowplow_tracker.self_describing_json.SelfDescribingJson object at 0x107a4fb90>, <snowplow_tracker.self_describing_json.SelfDescribingJson object at 0x107ad6850>, <snowplow_tracker.self_describing_json.SelfDescribingJson object at 0x107ad7390>]}


============================== 22:08:53.130084 | 21ea4f27-caf8-4526-a01a-b24fa68377a5 ==============================
[0m22:08:53.130084 [info ] [MainThread]: Running with dbt=1.11.2
[0m22:08:53.130322 [debug] [MainThread]: running dbt with arguments {'write_json': 'True', 'partial_parse': 'True', 'printer_width': '80', 'log_path': '/Users/faizaan/Desktop/dbt_spotify_prj/snowflake_spotify_project/logs', 'log_format': 'default', 'warn_error': 'None', 'invocation_command': 'dbt snapshot', 'target_path': 'None', 'indirect_selection': 'eager', 'debug': 'False', 'empty': 'False', 'cache_selected_only': 'False', 'quiet': 'False', 'warn_error_options': 'WarnErrorOptionsV2(error=[], warn=[], silence=[])', 'fail_fast': 'False', 'introspect': 'True', 'log_cache_events': 'False', 'use_experimental_parser': 'False', 'send_anonymous_usage_stats': 'True', 'static_parser': 'True', 'no_print': 'None', 'version_check': 'True', 'profiles_dir': '/Users/faizaan/Desktop/dbt_spotify_prj/snowflake_spotify_project', 'use_colors': 'True'}
[0m22:08:53.270979 [debug] [MainThread]: Snowflake adapter: Setting snowflake.connector to ERROR (file logging only)
[0m22:08:53.271182 [debug] [MainThread]: Snowflake adapter: Setting botocore to ERROR (file logging only)
[0m22:08:53.271288 [debug] [MainThread]: Snowflake adapter: Setting boto3 to ERROR (file logging only)
[0m22:08:53.289167 [warn ] [MainThread]: [[33mWARNING[0m][DuplicateYAMLKeysDeprecation]: Deprecated functionality
Duplicate key '+materialized' in "<unicode string>", line 44, column 7 in file `
/Users/faizaan/Desktop/dbt_spotify_prj/snowflake_spotify_project/dbt_project.yml
`
[0m22:08:53.289364 [debug] [MainThread]: Sending event: {'category': 'dbt', 'action': 'deprecation', 'label': '21ea4f27-caf8-4526-a01a-b24fa68377a5', 'property_': 'warn', 'context': [<snowplow_tracker.self_describing_json.SelfDescribingJson object at 0x108742450>]}
[0m22:08:53.290637 [warn ] [MainThread]: [[33mWARNING[0m][MissingPlusPrefixDeprecation]: Deprecated functionality
Missing '+' prefix on `ephemeral` found at
`snowflake_spotify_project.gold.ephemeral` in file `/Users/faizaan/Desktop/dbt_s
potify_prj/snowflake_spotify_project/dbt_project.yml`. Hierarchical config
values without a '+' prefix are deprecated in dbt_project.yml.
[0m22:08:53.290765 [debug] [MainThread]: Sending event: {'category': 'dbt', 'action': 'deprecation', 'label': '21ea4f27-caf8-4526-a01a-b24fa68377a5', 'property_': 'warn', 'context': [<snowplow_tracker.self_describing_json.SelfDescribingJson object at 0x108891e50>]}
[0m22:08:53.323844 [debug] [MainThread]: Sending event: {'category': 'dbt', 'action': 'project_id', 'label': '21ea4f27-caf8-4526-a01a-b24fa68377a5', 'context': [<snowplow_tracker.self_describing_json.SelfDescribingJson object at 0x106d7c650>]}
[0m22:08:53.340529 [debug] [MainThread]: Sending event: {'category': 'dbt', 'action': 'adapter_info', 'label': '21ea4f27-caf8-4526-a01a-b24fa68377a5', 'context': [<snowplow_tracker.self_describing_json.SelfDescribingJson object at 0x106c340d0>]}
[0m22:08:53.341046 [info ] [MainThread]: Registered adapter: snowflake=1.11.1
[0m22:08:53.386099 [debug] [MainThread]: checksum: 3d40d8bbe1bef07db1c24822f2dbfff8bc07f2a48ed4fe2658a40653aec0b54b, vars: {}, profile: , target: , version: 1.11.2
[0m22:08:53.441037 [debug] [MainThread]: Partial parsing enabled: 0 files deleted, 0 files added, 0 files changed.
[0m22:08:53.441182 [debug] [MainThread]: Nothing changed, skipping partial parsing.
[0m22:08:53.441268 [debug] [MainThread]: Partial parsing enabled, no changes found, skipping parsing
[0m22:08:53.458594 [debug] [MainThread]: Sending event: {'category': 'dbt', 'action': 'load_project', 'label': '21ea4f27-caf8-4526-a01a-b24fa68377a5', 'context': [<snowplow_tracker.self_describing_json.SelfDescribingJson object at 0x107ad6250>]}
[0m22:08:53.488398 [debug] [MainThread]: Wrote artifact WritableManifest to /Users/faizaan/Desktop/dbt_spotify_prj/snowflake_spotify_project/target/manifest.json
[0m22:08:53.489387 [debug] [MainThread]: Wrote artifact SemanticManifest to /Users/faizaan/Desktop/dbt_spotify_prj/snowflake_spotify_project/target/semantic_manifest.json
[0m22:08:53.498000 [debug] [MainThread]: Sending event: {'category': 'dbt', 'action': 'resource_counts', 'label': '21ea4f27-caf8-4526-a01a-b24fa68377a5', 'context': [<snowplow_tracker.self_describing_json.SelfDescribingJson object at 0x108e4f990>]}
[0m22:08:53.498215 [info ] [MainThread]: Found 10 models, 1 analysis, 3 snapshots, 3 sources, 527 macros
[0m22:08:53.498329 [debug] [MainThread]: Sending event: {'category': 'dbt', 'action': 'runnable_timing', 'label': '21ea4f27-caf8-4526-a01a-b24fa68377a5', 'context': [<snowplow_tracker.self_describing_json.SelfDescribingJson object at 0x108de7750>]}
[0m22:08:53.499005 [info ] [MainThread]: 
[0m22:08:53.499121 [info ] [MainThread]: Concurrency: 1 threads (target='dev')
[0m22:08:53.499207 [info ] [MainThread]: 
[0m22:08:53.499373 [debug] [MainThread]: Acquiring new snowflake connection 'master'
[0m22:08:53.500779 [debug] [ThreadPool]: Acquiring new snowflake connection 'list_spotify_db'
[0m22:08:53.526320 [debug] [ThreadPool]: Using snowflake connection "list_spotify_db"
[0m22:08:53.526470 [debug] [ThreadPool]: On list_spotify_db: show terse schemas in database spotify_db
    limit 10000
/* {"app": "dbt", "dbt_version": "1.11.2", "profile_name": "snowflake_spotify_project", "target_name": "dev", "connection_name": "list_spotify_db"} */
[0m22:08:53.526556 [debug] [ThreadPool]: Opening a new connection, currently in state init
[0m22:08:55.214305 [debug] [ThreadPool]: SQL status: SUCCESS 6 in 1.688 seconds
[0m22:08:55.217939 [debug] [ThreadPool]: Re-using an available connection from the pool (formerly list_spotify_db, now list_spotify_db_gold)
[0m22:08:55.228954 [debug] [ThreadPool]: Using snowflake connection "list_spotify_db_gold"
[0m22:08:55.229360 [debug] [ThreadPool]: On list_spotify_db_gold: show objects in spotify_db.gold
    limit 10000
    

/* {"app": "dbt", "dbt_version": "1.11.2", "profile_name": "snowflake_spotify_project", "target_name": "dev", "connection_name": "list_spotify_db_gold"} */;
[0m22:08:55.377316 [debug] [ThreadPool]: SQL status: SUCCESS 2 in 0.148 seconds
[0m22:08:55.380013 [debug] [ThreadPool]: Re-using an available connection from the pool (formerly list_spotify_db_gold, now list_SPOTIFY_DB_silver)
[0m22:08:55.385809 [debug] [ThreadPool]: Using snowflake connection "list_SPOTIFY_DB_silver"
[0m22:08:55.386132 [debug] [ThreadPool]: On list_SPOTIFY_DB_silver: show objects in SPOTIFY_DB.silver
    limit 10000
    

/* {"app": "dbt", "dbt_version": "1.11.2", "profile_name": "snowflake_spotify_project", "target_name": "dev", "connection_name": "list_SPOTIFY_DB_silver"} */;
[0m22:08:55.531208 [debug] [ThreadPool]: SQL status: SUCCESS 3 in 0.145 seconds
[0m22:08:55.534926 [debug] [ThreadPool]: Re-using an available connection from the pool (formerly list_SPOTIFY_DB_silver, now list_SPOTIFY_DB_bronze)
[0m22:08:55.538582 [debug] [ThreadPool]: Using snowflake connection "list_SPOTIFY_DB_bronze"
[0m22:08:55.538874 [debug] [ThreadPool]: On list_SPOTIFY_DB_bronze: show objects in SPOTIFY_DB.bronze
    limit 10000
    

/* {"app": "dbt", "dbt_version": "1.11.2", "profile_name": "snowflake_spotify_project", "target_name": "dev", "connection_name": "list_SPOTIFY_DB_bronze"} */;
[0m22:08:55.680525 [debug] [ThreadPool]: SQL status: SUCCESS 3 in 0.141 seconds
[0m22:08:55.684630 [debug] [MainThread]: Sending event: {'category': 'dbt', 'action': 'runnable_timing', 'label': '21ea4f27-caf8-4526-a01a-b24fa68377a5', 'context': [<snowplow_tracker.self_describing_json.SelfDescribingJson object at 0x108913310>]}
[0m22:08:55.689858 [debug] [Thread-2 (]: Began running node snapshot.snowflake_spotify_project.dim_bookings
[0m22:08:55.690334 [info ] [Thread-2 (]: 1 of 3 START snapshot spotify_db.gold.dim_bookings ............................. [RUN]
[0m22:08:55.690716 [debug] [Thread-2 (]: Re-using an available connection from the pool (formerly list_SPOTIFY_DB_bronze, now snapshot.snowflake_spotify_project.dim_bookings)
[0m22:08:55.690985 [debug] [Thread-2 (]: Began compiling node snapshot.snowflake_spotify_project.dim_bookings
[0m22:08:55.703862 [debug] [Thread-2 (]: Writing injected SQL for node "snapshot.snowflake_spotify_project.dim_bookings"
[0m22:08:55.705933 [debug] [Thread-2 (]: Writing injected SQL for node "snapshot.snowflake_spotify_project.dim_bookings"
[0m22:08:55.706873 [debug] [Thread-2 (]: Began executing node snapshot.snowflake_spotify_project.dim_bookings
[0m22:08:55.732411 [debug] [Thread-2 (]: Using snowflake connection "snapshot.snowflake_spotify_project.dim_bookings"
[0m22:08:55.732609 [debug] [Thread-2 (]: On snapshot.snowflake_spotify_project.dim_bookings: describe table "SPOTIFY_DB"."GOLD"."DIM_BOOKINGS"
/* {"app": "dbt", "dbt_version": "1.11.2", "profile_name": "snowflake_spotify_project", "target_name": "dev", "node_id": "snapshot.snowflake_spotify_project.dim_bookings"} */
[0m22:08:55.877864 [debug] [Thread-2 (]: SQL status: SUCCESS 7 in 0.145 seconds
[0m22:08:55.912543 [debug] [Thread-2 (]: Using snowflake connection "snapshot.snowflake_spotify_project.dim_bookings"
[0m22:08:55.912873 [debug] [Thread-2 (]: On snapshot.snowflake_spotify_project.dim_bookings: create or replace temporary table "SPOTIFY_DB"."GOLD"."DIM_BOOKINGS__dbt_tmp"
as (
    
    
    with snapshot_query as (

        with __dbt__cte__obt as (


select 
    
        silver_bookings.*,
    
        silver_listings.host_id,silver_listings.property_type,silver_listings.room_type,silver_listings.city,silver_listings.country,silver_listings.accommodates,silver_listings.bathrooms,silver_listings.bedrooms,silver_listings.price_per_night,silver_listings.price_per_night_tag,silver_listings.listing_created_at,
    
        silver_hosts.host_name,silver_hosts.host_since,silver_hosts.is_superhost,silver_hosts.response_rate,silver_hosts.response_rate_category,silver_hosts.host_created_at
    
from
   
   
        spotify_db.silver.silver_bookings as silver_bookings
   
            
   
        left join spotify_db.silver.silver_listings as silver_listings
            on silver_bookings.listing_id = silver_listings.listing_id
            
            
   
        left join spotify_db.silver.silver_hosts as silver_hosts
            on silver_listings.host_id = silver_hosts.host_id
            
            
),  __dbt__cte__bookings as (


with  bookings as (

    select
        booking_id,
        booking_status,
        booking_created_at 
    from __dbt__cte__obt
)

select * from bookings
) select * from __dbt__cte__bookings

    ),

    snapshotted_data as (

        select *, 
    
        booking_id as dbt_unique_key
    

        from "SPOTIFY_DB"."GOLD"."DIM_BOOKINGS"
        where
            
		
		

		
                ( (dbt_valid_to = to_date('9999-12-31'))
 or dbt_valid_to is null )
            

    ),

    insertions_source_data as (

        select *, 
    
        booking_id as dbt_unique_key
    
,
            booking_created_at as dbt_updated_at,
            booking_created_at as dbt_valid_from,
            
  
  coalesce(nullif(booking_created_at, booking_created_at), to_date('9999-12-31'))
  as dbt_valid_to
,
            md5(coalesce(cast(booking_id as varchar ), '')
         || '|' || coalesce(cast(booking_created_at as varchar ), '')
        ) as dbt_scd_id

        from snapshot_query
    ),

    updates_source_data as (

        select *, 
    
        booking_id as dbt_unique_key
    
,
            booking_created_at as dbt_updated_at,
            booking_created_at as dbt_valid_from,
            booking_created_at as dbt_valid_to

        from snapshot_query
    ),

    insertions as (

        select
            'insert' as dbt_change_type,
            source_data.*

        from insertions_source_data as source_data
        left outer join snapshotted_data
            on 
    
        snapshotted_data.dbt_unique_key = source_data.dbt_unique_key
    

            where 
    
        snapshotted_data.dbt_unique_key is null
    

            or (
    
        snapshotted_data.dbt_unique_key is not null
    
 and (
               (snapshotted_data.dbt_valid_from < source_data.booking_created_at)
            )

        )

    ),

    updates as (

        select
            'update' as dbt_change_type,
            source_data.*,
            snapshotted_data.dbt_scd_id

        from updates_source_data as source_data
        join snapshotted_data
            on 
    
        snapshotted_data.dbt_unique_key = source_data.dbt_unique_key
    

        where (
            (snapshotted_data.dbt_valid_from < source_data.booking_created_at)
        )
    )

    select * from insertions
    union all
    select * from updates

    )

/* {"app": "dbt", "dbt_version": "1.11.2", "profile_name": "snowflake_spotify_project", "target_name": "dev", "node_id": "snapshot.snowflake_spotify_project.dim_bookings"} */;
[0m22:08:57.594819 [debug] [Thread-2 (]: SQL status: SUCCESS 1 in 1.681 seconds
[0m22:08:57.602419 [debug] [Thread-2 (]: Using snowflake connection "snapshot.snowflake_spotify_project.dim_bookings"
[0m22:08:57.603055 [debug] [Thread-2 (]: On snapshot.snowflake_spotify_project.dim_bookings: describe table "SPOTIFY_DB"."GOLD"."DIM_BOOKINGS__dbt_tmp"
/* {"app": "dbt", "dbt_version": "1.11.2", "profile_name": "snowflake_spotify_project", "target_name": "dev", "node_id": "snapshot.snowflake_spotify_project.dim_bookings"} */
[0m22:08:57.748268 [debug] [Thread-2 (]: SQL status: SUCCESS 9 in 0.145 seconds
[0m22:08:57.756513 [debug] [Thread-2 (]: Using snowflake connection "snapshot.snowflake_spotify_project.dim_bookings"
[0m22:08:57.757078 [debug] [Thread-2 (]: On snapshot.snowflake_spotify_project.dim_bookings: describe table "SPOTIFY_DB"."GOLD"."DIM_BOOKINGS"
/* {"app": "dbt", "dbt_version": "1.11.2", "profile_name": "snowflake_spotify_project", "target_name": "dev", "node_id": "snapshot.snowflake_spotify_project.dim_bookings"} */
[0m22:08:57.879305 [debug] [Thread-2 (]: SQL status: SUCCESS 7 in 0.122 seconds
[0m22:08:57.888008 [debug] [Thread-2 (]: Using snowflake connection "snapshot.snowflake_spotify_project.dim_bookings"
[0m22:08:57.888823 [debug] [Thread-2 (]: On snapshot.snowflake_spotify_project.dim_bookings: describe table "SPOTIFY_DB"."GOLD"."DIM_BOOKINGS__dbt_tmp"
/* {"app": "dbt", "dbt_version": "1.11.2", "profile_name": "snowflake_spotify_project", "target_name": "dev", "node_id": "snapshot.snowflake_spotify_project.dim_bookings"} */
[0m22:08:58.030424 [debug] [Thread-2 (]: SQL status: SUCCESS 9 in 0.141 seconds
[0m22:08:58.035511 [debug] [Thread-2 (]: Using snowflake connection "snapshot.snowflake_spotify_project.dim_bookings"
[0m22:08:58.035914 [debug] [Thread-2 (]: On snapshot.snowflake_spotify_project.dim_bookings: describe table "SPOTIFY_DB"."GOLD"."DIM_BOOKINGS"
/* {"app": "dbt", "dbt_version": "1.11.2", "profile_name": "snowflake_spotify_project", "target_name": "dev", "node_id": "snapshot.snowflake_spotify_project.dim_bookings"} */
[0m22:08:58.158874 [debug] [Thread-2 (]: SQL status: SUCCESS 7 in 0.122 seconds
[0m22:08:58.167616 [debug] [Thread-2 (]: Using snowflake connection "snapshot.snowflake_spotify_project.dim_bookings"
[0m22:08:58.168029 [debug] [Thread-2 (]: On snapshot.snowflake_spotify_project.dim_bookings: describe table "SPOTIFY_DB"."GOLD"."DIM_BOOKINGS__dbt_tmp"
/* {"app": "dbt", "dbt_version": "1.11.2", "profile_name": "snowflake_spotify_project", "target_name": "dev", "node_id": "snapshot.snowflake_spotify_project.dim_bookings"} */
[0m22:08:58.332108 [debug] [Thread-2 (]: SQL status: SUCCESS 9 in 0.164 seconds
[0m22:08:58.355518 [debug] [Thread-2 (]: Using snowflake connection "snapshot.snowflake_spotify_project.dim_bookings"
[0m22:08:58.356006 [debug] [Thread-2 (]: On snapshot.snowflake_spotify_project.dim_bookings: select * from (
        
    
    with snapshot_query as (

        with __dbt__cte__obt as (


select 
    
        silver_bookings.*,
    
        silver_listings.host_id,silver_listings.property_type,silver_listings.room_type,silver_listings.city,silver_listings.country,silver_listings.accommodates,silver_listings.bathrooms,silver_listings.bedrooms,silver_listings.price_per_night,silver_listings.price_per_night_tag,silver_listings.listing_created_at,
    
        silver_hosts.host_name,silver_hosts.host_since,silver_hosts.is_superhost,silver_hosts.response_rate,silver_hosts.response_rate_category,silver_hosts.host_created_at
    
from
   
   
        spotify_db.silver.silver_bookings as silver_bookings
   
            
   
        left join spotify_db.silver.silver_listings as silver_listings
            on silver_bookings.listing_id = silver_listings.listing_id
            
            
   
        left join spotify_db.silver.silver_hosts as silver_hosts
            on silver_listings.host_id = silver_hosts.host_id
            
            
),  __dbt__cte__bookings as (


with  bookings as (

    select
        booking_id,
        booking_status,
        booking_created_at 
    from __dbt__cte__obt
)

select * from bookings
) select * from __dbt__cte__bookings

    ),

    snapshotted_data as (

        select *, 
    
        booking_id as dbt_unique_key
    

        from "SPOTIFY_DB"."GOLD"."DIM_BOOKINGS"
        where
            
		
		

		
                ( (dbt_valid_to = to_date('9999-12-31'))
 or dbt_valid_to is null )
            

    ),

    insertions_source_data as (

        select *, 
    
        booking_id as dbt_unique_key
    
,
            booking_created_at as dbt_updated_at,
            booking_created_at as dbt_valid_from,
            
  
  coalesce(nullif(booking_created_at, booking_created_at), to_date('9999-12-31'))
  as dbt_valid_to
,
            md5(coalesce(cast(booking_id as varchar ), '')
         || '|' || coalesce(cast(booking_created_at as varchar ), '')
        ) as dbt_scd_id

        from snapshot_query
    ),

    updates_source_data as (

        select *, 
    
        booking_id as dbt_unique_key
    
,
            booking_created_at as dbt_updated_at,
            booking_created_at as dbt_valid_from,
            booking_created_at as dbt_valid_to

        from snapshot_query
    ),

    insertions as (

        select
            'insert' as dbt_change_type,
            source_data.*

        from insertions_source_data as source_data
        left outer join snapshotted_data
            on 
    
        snapshotted_data.dbt_unique_key = source_data.dbt_unique_key
    

            where 
    
        snapshotted_data.dbt_unique_key is null
    

            or (
    
        snapshotted_data.dbt_unique_key is not null
    
 and (
               (snapshotted_data.dbt_valid_from < source_data.booking_created_at)
            )

        )

    ),

    updates as (

        select
            'update' as dbt_change_type,
            source_data.*,
            snapshotted_data.dbt_scd_id

        from updates_source_data as source_data
        join snapshotted_data
            on 
    
        snapshotted_data.dbt_unique_key = source_data.dbt_unique_key
    

        where (
            (snapshotted_data.dbt_valid_from < source_data.booking_created_at)
        )
    )

    select * from insertions
    union all
    select * from updates

    ) as __dbt_sbq
    where false
    limit 0
/* {"app": "dbt", "dbt_version": "1.11.2", "profile_name": "snowflake_spotify_project", "target_name": "dev", "node_id": "snapshot.snowflake_spotify_project.dim_bookings"} */
/* {"app": "dbt", "dbt_version": "1.11.2", "profile_name": "snowflake_spotify_project", "target_name": "dev", "node_id": "snapshot.snowflake_spotify_project.dim_bookings"} */
[0m22:08:58.571700 [debug] [Thread-2 (]: SQL status: SUCCESS 0 in 0.215 seconds
[0m22:08:58.577805 [debug] [Thread-2 (]: Using snowflake connection "snapshot.snowflake_spotify_project.dim_bookings"
[0m22:08:58.578152 [debug] [Thread-2 (]: On snapshot.snowflake_spotify_project.dim_bookings: select * from (
        select to_timestamp_ntz(convert_timezone('UTC', current_timestamp())) as dbt_snapshot_time
    ) as __dbt_sbq
    where false
    limit 0
/* {"app": "dbt", "dbt_version": "1.11.2", "profile_name": "snowflake_spotify_project", "target_name": "dev", "node_id": "snapshot.snowflake_spotify_project.dim_bookings"} */
/* {"app": "dbt", "dbt_version": "1.11.2", "profile_name": "snowflake_spotify_project", "target_name": "dev", "node_id": "snapshot.snowflake_spotify_project.dim_bookings"} */
[0m22:08:58.689818 [debug] [Thread-2 (]: SQL status: SUCCESS 0 in 0.111 seconds
[0m22:08:58.691232 [debug] [Thread-2 (]: Writing runtime sql for node "snapshot.snowflake_spotify_project.dim_bookings"
[0m22:08:58.693029 [debug] [Thread-2 (]: Using snowflake connection "snapshot.snowflake_spotify_project.dim_bookings"
[0m22:08:58.693356 [debug] [Thread-2 (]: On snapshot.snowflake_spotify_project.dim_bookings: BEGIN
/* {"app": "dbt", "dbt_version": "1.11.2", "profile_name": "snowflake_spotify_project", "target_name": "dev", "node_id": "snapshot.snowflake_spotify_project.dim_bookings"} */
[0m22:08:58.861745 [debug] [Thread-2 (]: SQL status: SUCCESS 1 in 0.168 seconds
[0m22:08:58.863046 [debug] [Thread-2 (]: Using snowflake connection "snapshot.snowflake_spotify_project.dim_bookings"
[0m22:08:58.863619 [debug] [Thread-2 (]: On snapshot.snowflake_spotify_project.dim_bookings: merge into "SPOTIFY_DB"."GOLD"."DIM_BOOKINGS" as DBT_INTERNAL_DEST
    using "SPOTIFY_DB"."GOLD"."DIM_BOOKINGS__dbt_tmp" as DBT_INTERNAL_SOURCE
    on DBT_INTERNAL_SOURCE.dbt_scd_id = DBT_INTERNAL_DEST.dbt_scd_id

    when matched
     
	
	
	and ((DBT_INTERNAL_DEST.dbt_valid_to = to_date('9999-12-31'))
 or DBT_INTERNAL_DEST.dbt_valid_to is null)

     
     and DBT_INTERNAL_SOURCE.dbt_change_type in ('update', 'delete')
        then update
        set dbt_valid_to = DBT_INTERNAL_SOURCE.dbt_valid_to

    when not matched
     and DBT_INTERNAL_SOURCE.dbt_change_type = 'insert'
        then insert ("BOOKING_ID", "BOOKING_STATUS", "BOOKING_CREATED_AT", "DBT_UPDATED_AT", "DBT_VALID_FROM", "DBT_VALID_TO", "DBT_SCD_ID")
        values ("BOOKING_ID", "BOOKING_STATUS", "BOOKING_CREATED_AT", "DBT_UPDATED_AT", "DBT_VALID_FROM", "DBT_VALID_TO", "DBT_SCD_ID")


/* {"app": "dbt", "dbt_version": "1.11.2", "profile_name": "snowflake_spotify_project", "target_name": "dev", "node_id": "snapshot.snowflake_spotify_project.dim_bookings"} */;
[0m22:09:00.392308 [debug] [Thread-2 (]: SQL status: SUCCESS 0 in 1.528 seconds
[0m22:09:00.393718 [debug] [Thread-2 (]: Using snowflake connection "snapshot.snowflake_spotify_project.dim_bookings"
[0m22:09:00.394492 [debug] [Thread-2 (]: On snapshot.snowflake_spotify_project.dim_bookings: COMMIT
/* {"app": "dbt", "dbt_version": "1.11.2", "profile_name": "snowflake_spotify_project", "target_name": "dev", "node_id": "snapshot.snowflake_spotify_project.dim_bookings"} */
[0m22:09:00.691487 [debug] [Thread-2 (]: SQL status: SUCCESS 1 in 0.296 seconds
[0m22:09:00.712267 [debug] [Thread-2 (]: Sending event: {'category': 'dbt', 'action': 'run_model', 'label': '21ea4f27-caf8-4526-a01a-b24fa68377a5', 'context': [<snowplow_tracker.self_describing_json.SelfDescribingJson object at 0x108892a90>]}
[0m22:09:00.712775 [info ] [Thread-2 (]: 1 of 3 OK snapshotted spotify_db.gold.dim_bookings ............................. [[32mSUCCESS 0[0m in 5.02s]
[0m22:09:00.713072 [debug] [Thread-2 (]: Finished running node snapshot.snowflake_spotify_project.dim_bookings
[0m22:09:00.713284 [debug] [Thread-2 (]: Began running node snapshot.snowflake_spotify_project.dim_hosts
[0m22:09:00.713570 [info ] [Thread-2 (]: 2 of 3 START snapshot spotify_db.gold.dim_hosts ................................ [RUN]
[0m22:09:00.713840 [debug] [Thread-2 (]: Re-using an available connection from the pool (formerly snapshot.snowflake_spotify_project.dim_bookings, now snapshot.snowflake_spotify_project.dim_hosts)
[0m22:09:00.714029 [debug] [Thread-2 (]: Began compiling node snapshot.snowflake_spotify_project.dim_hosts
[0m22:09:00.718742 [debug] [Thread-2 (]: Writing injected SQL for node "snapshot.snowflake_spotify_project.dim_hosts"
[0m22:09:00.719330 [debug] [Thread-2 (]: Began executing node snapshot.snowflake_spotify_project.dim_hosts
[0m22:09:00.726852 [debug] [Thread-2 (]: Using snowflake connection "snapshot.snowflake_spotify_project.dim_hosts"
[0m22:09:00.727125 [debug] [Thread-2 (]: On snapshot.snowflake_spotify_project.dim_hosts: select * from (
        
    

    select *,
        md5(coalesce(cast(host_id as varchar ), '')
         || '|' || coalesce(cast(host_created_at as varchar ), '')
        ) as dbt_scd_id,
        host_created_at as dbt_updated_at,
        host_created_at as dbt_valid_from,
        
  
  coalesce(nullif(host_created_at, host_created_at), to_date('9999-12-31'))
  as dbt_valid_to
from (
        with __dbt__cte__obt as (


select 
    
        silver_bookings.*,
    
        silver_listings.host_id,silver_listings.property_type,silver_listings.room_type,silver_listings.city,silver_listings.country,silver_listings.accommodates,silver_listings.bathrooms,silver_listings.bedrooms,silver_listings.price_per_night,silver_listings.price_per_night_tag,silver_listings.listing_created_at,
    
        silver_hosts.host_name,silver_hosts.host_since,silver_hosts.is_superhost,silver_hosts.response_rate,silver_hosts.response_rate_category,silver_hosts.host_created_at
    
from
   
   
        spotify_db.silver.silver_bookings as silver_bookings
   
            
   
        left join spotify_db.silver.silver_listings as silver_listings
            on silver_bookings.listing_id = silver_listings.listing_id
            
            
   
        left join spotify_db.silver.silver_hosts as silver_hosts
            on silver_listings.host_id = silver_hosts.host_id
            
            
),  __dbt__cte__hosts as (



with hosts as (
    select
        host_name,
        host_since,
        is_superhost,
        response_rate,
        host_created_at
    from __dbt__cte__obt
)

select * from hosts
) select * from __dbt__cte__hosts
    ) sbq



    ) as __dbt_sbq
    where false
    limit 0
/* {"app": "dbt", "dbt_version": "1.11.2", "profile_name": "snowflake_spotify_project", "target_name": "dev", "node_id": "snapshot.snowflake_spotify_project.dim_hosts"} */
/* {"app": "dbt", "dbt_version": "1.11.2", "profile_name": "snowflake_spotify_project", "target_name": "dev", "node_id": "snapshot.snowflake_spotify_project.dim_hosts"} */
[0m22:09:00.867527 [debug] [Thread-2 (]: Snowflake adapter: Snowflake query id: 01c1fbd1-3203-ac7d-0000-0007183a70c9
[0m22:09:00.867903 [debug] [Thread-2 (]: Snowflake adapter: Snowflake error: 000904 (42000): SQL compilation error: error line 6 at position 26
invalid identifier 'HOST_ID'
[0m22:09:00.872057 [debug] [Thread-2 (]: Database Error in snapshot dim_hosts (snapshots/dim_hosts.yml)
  000904 (42000): SQL compilation error: error line 6 at position 26
  invalid identifier 'HOST_ID'
[0m22:09:00.872457 [debug] [Thread-2 (]: Sending event: {'category': 'dbt', 'action': 'run_model', 'label': '21ea4f27-caf8-4526-a01a-b24fa68377a5', 'context': [<snowplow_tracker.self_describing_json.SelfDescribingJson object at 0x109e46550>]}
[0m22:09:00.873031 [error] [Thread-2 (]: 2 of 3 ERROR snapshotting spotify_db.gold.dim_hosts ............................ [[31mERROR[0m in 0.16s]
[0m22:09:00.873515 [debug] [Thread-2 (]: Finished running node snapshot.snowflake_spotify_project.dim_hosts
[0m22:09:00.873849 [debug] [Thread-2 (]: Began running node snapshot.snowflake_spotify_project.dim_listings
[0m22:09:00.874191 [debug] [Thread-5 (]: Marking all children of 'snapshot.snowflake_spotify_project.dim_hosts' to be skipped because of status 'error'.  Reason: Database Error in snapshot dim_hosts (snapshots/dim_hosts.yml)
  000904 (42000): SQL compilation error: error line 6 at position 26
  invalid identifier 'HOST_ID'.
[0m22:09:00.874531 [info ] [Thread-2 (]: 3 of 3 START snapshot spotify_db.gold.dim_listings ............................. [RUN]
[0m22:09:00.875308 [debug] [Thread-2 (]: Re-using an available connection from the pool (formerly snapshot.snowflake_spotify_project.dim_hosts, now snapshot.snowflake_spotify_project.dim_listings)
[0m22:09:00.875559 [debug] [Thread-2 (]: Began compiling node snapshot.snowflake_spotify_project.dim_listings
[0m22:09:00.880743 [debug] [Thread-2 (]: Writing injected SQL for node "snapshot.snowflake_spotify_project.dim_listings"
[0m22:09:00.881383 [debug] [Thread-2 (]: Began executing node snapshot.snowflake_spotify_project.dim_listings
[0m22:09:00.884647 [debug] [Thread-2 (]: Using snowflake connection "snapshot.snowflake_spotify_project.dim_listings"
[0m22:09:00.884977 [debug] [Thread-2 (]: On snapshot.snowflake_spotify_project.dim_listings: select * from (
        
    

    select *,
        md5(coalesce(cast(listing_id as varchar ), '')
         || '|' || coalesce(cast(listing_created_at as varchar ), '')
        ) as dbt_scd_id,
        listing_created_at as dbt_updated_at,
        listing_created_at as dbt_valid_from,
        
  
  coalesce(nullif(listing_created_at, listing_created_at), to_date('9999-12-31'))
  as dbt_valid_to
from (
        with __dbt__cte__obt as (


select 
    
        silver_bookings.*,
    
        silver_listings.host_id,silver_listings.property_type,silver_listings.room_type,silver_listings.city,silver_listings.country,silver_listings.accommodates,silver_listings.bathrooms,silver_listings.bedrooms,silver_listings.price_per_night,silver_listings.price_per_night_tag,silver_listings.listing_created_at,
    
        silver_hosts.host_name,silver_hosts.host_since,silver_hosts.is_superhost,silver_hosts.response_rate,silver_hosts.response_rate_category,silver_hosts.host_created_at
    
from
   
   
        spotify_db.silver.silver_bookings as silver_bookings
   
            
   
        left join spotify_db.silver.silver_listings as silver_listings
            on silver_bookings.listing_id = silver_listings.listing_id
            
            
   
        left join spotify_db.silver.silver_hosts as silver_hosts
            on silver_listings.host_id = silver_hosts.host_id
            
            
),  __dbt__cte__listings as (



with listings as (
    select 
        property_type,
        room_type,
        city,
        country,
        price_per_night_tag,
        listing_created_at
    from __dbt__cte__obt
)

select * from listings
) select * from __dbt__cte__listings
    ) sbq



    ) as __dbt_sbq
    where false
    limit 0
/* {"app": "dbt", "dbt_version": "1.11.2", "profile_name": "snowflake_spotify_project", "target_name": "dev", "node_id": "snapshot.snowflake_spotify_project.dim_listings"} */
/* {"app": "dbt", "dbt_version": "1.11.2", "profile_name": "snowflake_spotify_project", "target_name": "dev", "node_id": "snapshot.snowflake_spotify_project.dim_listings"} */
[0m22:09:01.212220 [debug] [Thread-2 (]: Snowflake adapter: Snowflake query id: 01c1fbd1-3203-ad43-0000-0007183a3a65
[0m22:09:01.213299 [debug] [Thread-2 (]: Snowflake adapter: Snowflake error: 000904 (42000): SQL compilation error: error line 6 at position 26
invalid identifier 'LISTING_ID'
[0m22:09:01.219150 [debug] [Thread-2 (]: Database Error in snapshot dim_listings (snapshots/dim_listings.yml)
  000904 (42000): SQL compilation error: error line 6 at position 26
  invalid identifier 'LISTING_ID'
[0m22:09:01.219702 [debug] [Thread-2 (]: Sending event: {'category': 'dbt', 'action': 'run_model', 'label': '21ea4f27-caf8-4526-a01a-b24fa68377a5', 'context': [<snowplow_tracker.self_describing_json.SelfDescribingJson object at 0x109f011d0>]}
[0m22:09:01.220326 [error] [Thread-2 (]: 3 of 3 ERROR snapshotting spotify_db.gold.dim_listings ......................... [[31mERROR[0m in 0.34s]
[0m22:09:01.220705 [debug] [Thread-2 (]: Finished running node snapshot.snowflake_spotify_project.dim_listings
[0m22:09:01.221027 [debug] [Thread-5 (]: Marking all children of 'snapshot.snowflake_spotify_project.dim_listings' to be skipped because of status 'error'.  Reason: Database Error in snapshot dim_listings (snapshots/dim_listings.yml)
  000904 (42000): SQL compilation error: error line 6 at position 26
  invalid identifier 'LISTING_ID'.
[0m22:09:01.221963 [debug] [MainThread]: Connection 'master' was properly closed.
[0m22:09:01.222204 [debug] [MainThread]: Connection 'snapshot.snowflake_spotify_project.dim_listings' was left open.
[0m22:09:01.222399 [debug] [MainThread]: On snapshot.snowflake_spotify_project.dim_listings: Close
[0m22:09:01.424260 [info ] [MainThread]: 
[0m22:09:01.424632 [info ] [MainThread]: Finished running 3 snapshots in 0 hours 0 minutes and 7.92 seconds (7.92s).
[0m22:09:01.425221 [debug] [MainThread]: Command end result
[0m22:09:01.482438 [debug] [MainThread]: Wrote artifact WritableManifest to /Users/faizaan/Desktop/dbt_spotify_prj/snowflake_spotify_project/target/manifest.json
[0m22:09:01.483100 [debug] [MainThread]: Wrote artifact SemanticManifest to /Users/faizaan/Desktop/dbt_spotify_prj/snowflake_spotify_project/target/semantic_manifest.json
[0m22:09:01.484999 [debug] [MainThread]: Wrote artifact RunExecutionResult to /Users/faizaan/Desktop/dbt_spotify_prj/snowflake_spotify_project/target/run_results.json
[0m22:09:01.485105 [info ] [MainThread]: 
[0m22:09:01.485244 [info ] [MainThread]: [31mCompleted with 2 errors, 0 partial successes, and 0 warnings:[0m
[0m22:09:01.485347 [info ] [MainThread]: 
[0m22:09:01.485461 [error] [MainThread]: [31mFailure in snapshot dim_hosts (snapshots/dim_hosts.yml)[0m
[0m22:09:01.485572 [error] [MainThread]:   Database Error in snapshot dim_hosts (snapshots/dim_hosts.yml)
  000904 (42000): SQL compilation error: error line 6 at position 26
  invalid identifier 'HOST_ID'
[0m22:09:01.485658 [info ] [MainThread]: 
[0m22:09:01.485759 [error] [MainThread]: [31mFailure in snapshot dim_listings (snapshots/dim_listings.yml)[0m
[0m22:09:01.485858 [error] [MainThread]:   Database Error in snapshot dim_listings (snapshots/dim_listings.yml)
  000904 (42000): SQL compilation error: error line 6 at position 26
  invalid identifier 'LISTING_ID'
[0m22:09:01.485940 [info ] [MainThread]: 
[0m22:09:01.486034 [info ] [MainThread]: Done. PASS=1 WARN=0 ERROR=2 SKIP=0 NO-OP=0 TOTAL=3
[0m22:09:01.486229 [warn ] [MainThread]: [[33mWARNING[0m][DeprecationsSummary]: Deprecated functionality
Summary of encountered deprecations:
- DuplicateYAMLKeysDeprecation: 1 occurrence
- MissingPlusPrefixDeprecation: 1 occurrence
To see all deprecation instances instead of just the first occurrence of each,
run command again with the `--show-all-deprecations` flag. You may also need to
run with `--no-partial-parse` as some deprecations are only encountered during
parsing.
[0m22:09:01.487860 [debug] [MainThread]: Resource report: {"command_name": "snapshot", "command_success": false, "command_wall_clock_time": 8.380975, "process_in_blocks": "0", "process_kernel_time": 0.189729, "process_mem_max_rss": "169328640", "process_out_blocks": "0", "process_user_time": 1.11267}
[0m22:09:01.488006 [debug] [MainThread]: Command `dbt snapshot` failed at 22:09:01.487982 after 8.38 seconds
[0m22:09:01.488124 [debug] [MainThread]: Sending event: {'category': 'dbt', 'action': 'invocation', 'label': 'end', 'context': [<snowplow_tracker.self_describing_json.SelfDescribingJson object at 0x10896ce10>, <snowplow_tracker.self_describing_json.SelfDescribingJson object at 0x10889bcd0>, <snowplow_tracker.self_describing_json.SelfDescribingJson object at 0x10889b490>]}
[0m22:09:01.488233 [debug] [MainThread]: Flushing usage events
[0m22:09:01.846976 [debug] [MainThread]: An error was encountered while trying to flush usage events
[0m22:12:59.071657 [debug] [MainThread]: Sending event: {'category': 'dbt', 'action': 'invocation', 'label': 'start', 'context': [<snowplow_tracker.self_describing_json.SelfDescribingJson object at 0x115333a90>, <snowplow_tracker.self_describing_json.SelfDescribingJson object at 0x11534e150>, <snowplow_tracker.self_describing_json.SelfDescribingJson object at 0x11534ec90>]}


============================== 22:12:59.073365 | ca548b48-06db-4747-a085-0dc1bc33fa37 ==============================
[0m22:12:59.073365 [info ] [MainThread]: Running with dbt=1.11.2
[0m22:12:59.073590 [debug] [MainThread]: running dbt with arguments {'no_print': 'None', 'log_path': '/Users/faizaan/Desktop/dbt_spotify_prj/snowflake_spotify_project/logs', 'quiet': 'False', 'indirect_selection': 'eager', 'use_colors': 'True', 'warn_error_options': 'WarnErrorOptionsV2(error=[], warn=[], silence=[])', 'partial_parse': 'True', 'debug': 'False', 'static_parser': 'True', 'profiles_dir': '/Users/faizaan/Desktop/dbt_spotify_prj/snowflake_spotify_project', 'log_format': 'default', 'write_json': 'True', 'warn_error': 'None', 'cache_selected_only': 'False', 'log_cache_events': 'False', 'empty': 'False', 'target_path': 'None', 'invocation_command': 'dbt snapshot', 'fail_fast': 'False', 'version_check': 'True', 'printer_width': '80', 'send_anonymous_usage_stats': 'True', 'use_experimental_parser': 'False', 'introspect': 'True'}
[0m22:12:59.207360 [debug] [MainThread]: Snowflake adapter: Setting snowflake.connector to ERROR (file logging only)
[0m22:12:59.207560 [debug] [MainThread]: Snowflake adapter: Setting botocore to ERROR (file logging only)
[0m22:12:59.207673 [debug] [MainThread]: Snowflake adapter: Setting boto3 to ERROR (file logging only)
[0m22:12:59.225424 [warn ] [MainThread]: [[33mWARNING[0m][DuplicateYAMLKeysDeprecation]: Deprecated functionality
Duplicate key '+materialized' in "<unicode string>", line 44, column 7 in file `
/Users/faizaan/Desktop/dbt_spotify_prj/snowflake_spotify_project/dbt_project.yml
`
[0m22:12:59.225623 [debug] [MainThread]: Sending event: {'category': 'dbt', 'action': 'deprecation', 'label': 'ca548b48-06db-4747-a085-0dc1bc33fa37', 'property_': 'warn', 'context': [<snowplow_tracker.self_describing_json.SelfDescribingJson object at 0x1153816d0>]}
[0m22:12:59.226922 [warn ] [MainThread]: [[33mWARNING[0m][MissingPlusPrefixDeprecation]: Deprecated functionality
Missing '+' prefix on `ephemeral` found at
`snowflake_spotify_project.gold.ephemeral` in file `/Users/faizaan/Desktop/dbt_s
potify_prj/snowflake_spotify_project/dbt_project.yml`. Hierarchical config
values without a '+' prefix are deprecated in dbt_project.yml.
[0m22:12:59.227076 [debug] [MainThread]: Sending event: {'category': 'dbt', 'action': 'deprecation', 'label': 'ca548b48-06db-4747-a085-0dc1bc33fa37', 'property_': 'warn', 'context': [<snowplow_tracker.self_describing_json.SelfDescribingJson object at 0x114f95890>]}
[0m22:12:59.258850 [debug] [MainThread]: Sending event: {'category': 'dbt', 'action': 'project_id', 'label': 'ca548b48-06db-4747-a085-0dc1bc33fa37', 'context': [<snowplow_tracker.self_describing_json.SelfDescribingJson object at 0x1152c2e10>]}
[0m22:12:59.275357 [debug] [MainThread]: Sending event: {'category': 'dbt', 'action': 'adapter_info', 'label': 'ca548b48-06db-4747-a085-0dc1bc33fa37', 'context': [<snowplow_tracker.self_describing_json.SelfDescribingJson object at 0x1141ac090>]}
[0m22:12:59.275805 [info ] [MainThread]: Registered adapter: snowflake=1.11.1
[0m22:12:59.321490 [debug] [MainThread]: checksum: 3d40d8bbe1bef07db1c24822f2dbfff8bc07f2a48ed4fe2658a40653aec0b54b, vars: {}, profile: , target: , version: 1.11.2
[0m22:12:59.374635 [debug] [MainThread]: Partial parsing enabled: 0 files deleted, 0 files added, 0 files changed.
[0m22:12:59.374779 [debug] [MainThread]: Nothing changed, skipping partial parsing.
[0m22:12:59.374867 [debug] [MainThread]: Partial parsing enabled, no changes found, skipping parsing
[0m22:12:59.391990 [debug] [MainThread]: Sending event: {'category': 'dbt', 'action': 'load_project', 'label': 'ca548b48-06db-4747-a085-0dc1bc33fa37', 'context': [<snowplow_tracker.self_describing_json.SelfDescribingJson object at 0x1167e0dd0>]}
[0m22:12:59.420890 [debug] [MainThread]: Wrote artifact WritableManifest to /Users/faizaan/Desktop/dbt_spotify_prj/snowflake_spotify_project/target/manifest.json
[0m22:12:59.421785 [debug] [MainThread]: Wrote artifact SemanticManifest to /Users/faizaan/Desktop/dbt_spotify_prj/snowflake_spotify_project/target/semantic_manifest.json
[0m22:12:59.429855 [debug] [MainThread]: Sending event: {'category': 'dbt', 'action': 'resource_counts', 'label': 'ca548b48-06db-4747-a085-0dc1bc33fa37', 'context': [<snowplow_tracker.self_describing_json.SelfDescribingJson object at 0x11795fe10>]}
[0m22:12:59.430034 [info ] [MainThread]: Found 10 models, 1 analysis, 3 snapshots, 3 sources, 527 macros
[0m22:12:59.430154 [debug] [MainThread]: Sending event: {'category': 'dbt', 'action': 'runnable_timing', 'label': 'ca548b48-06db-4747-a085-0dc1bc33fa37', 'context': [<snowplow_tracker.self_describing_json.SelfDescribingJson object at 0x117856990>]}
[0m22:12:59.430811 [info ] [MainThread]: 
[0m22:12:59.430926 [info ] [MainThread]: Concurrency: 1 threads (target='dev')
[0m22:12:59.431014 [info ] [MainThread]: 
[0m22:12:59.431177 [debug] [MainThread]: Acquiring new snowflake connection 'master'
[0m22:12:59.432488 [debug] [ThreadPool]: Acquiring new snowflake connection 'list_spotify_db'
[0m22:12:59.454093 [debug] [ThreadPool]: Using snowflake connection "list_spotify_db"
[0m22:12:59.454248 [debug] [ThreadPool]: On list_spotify_db: show terse schemas in database spotify_db
    limit 10000
/* {"app": "dbt", "dbt_version": "1.11.2", "profile_name": "snowflake_spotify_project", "target_name": "dev", "connection_name": "list_spotify_db"} */
[0m22:12:59.454338 [debug] [ThreadPool]: Opening a new connection, currently in state init
[0m22:13:00.779610 [debug] [ThreadPool]: SQL status: SUCCESS 6 in 1.325 seconds
[0m22:13:00.783783 [debug] [ThreadPool]: Re-using an available connection from the pool (formerly list_spotify_db, now list_spotify_db_gold)
[0m22:13:00.795588 [debug] [ThreadPool]: Using snowflake connection "list_spotify_db_gold"
[0m22:13:00.795908 [debug] [ThreadPool]: On list_spotify_db_gold: show objects in spotify_db.gold
    limit 10000
    

/* {"app": "dbt", "dbt_version": "1.11.2", "profile_name": "snowflake_spotify_project", "target_name": "dev", "connection_name": "list_spotify_db_gold"} */;
[0m22:13:00.942170 [debug] [ThreadPool]: SQL status: SUCCESS 2 in 0.146 seconds
[0m22:13:00.946622 [debug] [ThreadPool]: Re-using an available connection from the pool (formerly list_spotify_db_gold, now list_SPOTIFY_DB_bronze)
[0m22:13:00.953063 [debug] [ThreadPool]: Using snowflake connection "list_SPOTIFY_DB_bronze"
[0m22:13:00.953431 [debug] [ThreadPool]: On list_SPOTIFY_DB_bronze: show objects in SPOTIFY_DB.bronze
    limit 10000
    

/* {"app": "dbt", "dbt_version": "1.11.2", "profile_name": "snowflake_spotify_project", "target_name": "dev", "connection_name": "list_SPOTIFY_DB_bronze"} */;
[0m22:13:01.089702 [debug] [ThreadPool]: SQL status: SUCCESS 3 in 0.136 seconds
[0m22:13:01.092736 [debug] [ThreadPool]: Re-using an available connection from the pool (formerly list_SPOTIFY_DB_bronze, now list_SPOTIFY_DB_silver)
[0m22:13:01.096532 [debug] [ThreadPool]: Using snowflake connection "list_SPOTIFY_DB_silver"
[0m22:13:01.096865 [debug] [ThreadPool]: On list_SPOTIFY_DB_silver: show objects in SPOTIFY_DB.silver
    limit 10000
    

/* {"app": "dbt", "dbt_version": "1.11.2", "profile_name": "snowflake_spotify_project", "target_name": "dev", "connection_name": "list_SPOTIFY_DB_silver"} */;
[0m22:13:01.234559 [debug] [ThreadPool]: SQL status: SUCCESS 3 in 0.137 seconds
[0m22:13:01.239011 [debug] [MainThread]: Sending event: {'category': 'dbt', 'action': 'runnable_timing', 'label': 'ca548b48-06db-4747-a085-0dc1bc33fa37', 'context': [<snowplow_tracker.self_describing_json.SelfDescribingJson object at 0x11661ed10>]}
[0m22:13:01.243851 [debug] [Thread-2 (]: Began running node snapshot.snowflake_spotify_project.dim_bookings
[0m22:13:01.244280 [info ] [Thread-2 (]: 1 of 3 START snapshot spotify_db.gold.dim_bookings ............................. [RUN]
[0m22:13:01.244648 [debug] [Thread-2 (]: Re-using an available connection from the pool (formerly list_SPOTIFY_DB_silver, now snapshot.snowflake_spotify_project.dim_bookings)
[0m22:13:01.244893 [debug] [Thread-2 (]: Began compiling node snapshot.snowflake_spotify_project.dim_bookings
[0m22:13:01.256318 [debug] [Thread-2 (]: Writing injected SQL for node "snapshot.snowflake_spotify_project.dim_bookings"
[0m22:13:01.258202 [debug] [Thread-2 (]: Writing injected SQL for node "snapshot.snowflake_spotify_project.dim_bookings"
[0m22:13:01.258939 [debug] [Thread-2 (]: Began executing node snapshot.snowflake_spotify_project.dim_bookings
[0m22:13:01.281705 [debug] [Thread-2 (]: Using snowflake connection "snapshot.snowflake_spotify_project.dim_bookings"
[0m22:13:01.281926 [debug] [Thread-2 (]: On snapshot.snowflake_spotify_project.dim_bookings: describe table "SPOTIFY_DB"."GOLD"."DIM_BOOKINGS"
/* {"app": "dbt", "dbt_version": "1.11.2", "profile_name": "snowflake_spotify_project", "target_name": "dev", "node_id": "snapshot.snowflake_spotify_project.dim_bookings"} */
[0m22:13:01.398017 [debug] [Thread-2 (]: SQL status: SUCCESS 7 in 0.116 seconds
[0m22:13:01.431444 [debug] [Thread-2 (]: Using snowflake connection "snapshot.snowflake_spotify_project.dim_bookings"
[0m22:13:01.431732 [debug] [Thread-2 (]: On snapshot.snowflake_spotify_project.dim_bookings: create or replace temporary table "SPOTIFY_DB"."GOLD"."DIM_BOOKINGS__dbt_tmp"
as (
    
    
    with snapshot_query as (

        with __dbt__cte__obt as (


select 
    
        silver_bookings.*,
    
        silver_listings.host_id,silver_listings.property_type,silver_listings.room_type,silver_listings.city,silver_listings.country,silver_listings.accommodates,silver_listings.bathrooms,silver_listings.bedrooms,silver_listings.price_per_night,silver_listings.price_per_night_tag,silver_listings.listing_created_at,
    
        silver_hosts.host_name,silver_hosts.host_since,silver_hosts.is_superhost,silver_hosts.response_rate,silver_hosts.response_rate_category,silver_hosts.host_created_at
    
from
   
   
        spotify_db.silver.silver_bookings as silver_bookings
   
            
   
        left join spotify_db.silver.silver_listings as silver_listings
            on silver_bookings.listing_id = silver_listings.listing_id
            
            
   
        left join spotify_db.silver.silver_hosts as silver_hosts
            on silver_listings.host_id = silver_hosts.host_id
            
            
),  __dbt__cte__bookings as (


with  bookings as (

    select
        booking_id,
        booking_status,
        booking_created_at 
    from __dbt__cte__obt
)

select * from bookings
) select * from __dbt__cte__bookings

    ),

    snapshotted_data as (

        select *, 
    
        booking_id as dbt_unique_key
    

        from "SPOTIFY_DB"."GOLD"."DIM_BOOKINGS"
        where
            
		
		

		
                ( (dbt_valid_to = to_date('9999-12-31'))
 or dbt_valid_to is null )
            

    ),

    insertions_source_data as (

        select *, 
    
        booking_id as dbt_unique_key
    
,
            booking_created_at as dbt_updated_at,
            booking_created_at as dbt_valid_from,
            
  
  coalesce(nullif(booking_created_at, booking_created_at), to_date('9999-12-31'))
  as dbt_valid_to
,
            md5(coalesce(cast(booking_id as varchar ), '')
         || '|' || coalesce(cast(booking_created_at as varchar ), '')
        ) as dbt_scd_id

        from snapshot_query
    ),

    updates_source_data as (

        select *, 
    
        booking_id as dbt_unique_key
    
,
            booking_created_at as dbt_updated_at,
            booking_created_at as dbt_valid_from,
            booking_created_at as dbt_valid_to

        from snapshot_query
    ),

    insertions as (

        select
            'insert' as dbt_change_type,
            source_data.*

        from insertions_source_data as source_data
        left outer join snapshotted_data
            on 
    
        snapshotted_data.dbt_unique_key = source_data.dbt_unique_key
    

            where 
    
        snapshotted_data.dbt_unique_key is null
    

            or (
    
        snapshotted_data.dbt_unique_key is not null
    
 and (
               (snapshotted_data.dbt_valid_from < source_data.booking_created_at)
            )

        )

    ),

    updates as (

        select
            'update' as dbt_change_type,
            source_data.*,
            snapshotted_data.dbt_scd_id

        from updates_source_data as source_data
        join snapshotted_data
            on 
    
        snapshotted_data.dbt_unique_key = source_data.dbt_unique_key
    

        where (
            (snapshotted_data.dbt_valid_from < source_data.booking_created_at)
        )
    )

    select * from insertions
    union all
    select * from updates

    )

/* {"app": "dbt", "dbt_version": "1.11.2", "profile_name": "snowflake_spotify_project", "target_name": "dev", "node_id": "snapshot.snowflake_spotify_project.dim_bookings"} */;
[0m22:13:03.082114 [debug] [Thread-2 (]: SQL status: SUCCESS 1 in 1.650 seconds
[0m22:13:03.087066 [debug] [Thread-2 (]: Using snowflake connection "snapshot.snowflake_spotify_project.dim_bookings"
[0m22:13:03.087524 [debug] [Thread-2 (]: On snapshot.snowflake_spotify_project.dim_bookings: describe table "SPOTIFY_DB"."GOLD"."DIM_BOOKINGS__dbt_tmp"
/* {"app": "dbt", "dbt_version": "1.11.2", "profile_name": "snowflake_spotify_project", "target_name": "dev", "node_id": "snapshot.snowflake_spotify_project.dim_bookings"} */
[0m22:13:03.229148 [debug] [Thread-2 (]: SQL status: SUCCESS 9 in 0.141 seconds
[0m22:13:03.235981 [debug] [Thread-2 (]: Using snowflake connection "snapshot.snowflake_spotify_project.dim_bookings"
[0m22:13:03.236442 [debug] [Thread-2 (]: On snapshot.snowflake_spotify_project.dim_bookings: describe table "SPOTIFY_DB"."GOLD"."DIM_BOOKINGS"
/* {"app": "dbt", "dbt_version": "1.11.2", "profile_name": "snowflake_spotify_project", "target_name": "dev", "node_id": "snapshot.snowflake_spotify_project.dim_bookings"} */
[0m22:13:03.354286 [debug] [Thread-2 (]: SQL status: SUCCESS 7 in 0.117 seconds
[0m22:13:03.362097 [debug] [Thread-2 (]: Using snowflake connection "snapshot.snowflake_spotify_project.dim_bookings"
[0m22:13:03.362422 [debug] [Thread-2 (]: On snapshot.snowflake_spotify_project.dim_bookings: describe table "SPOTIFY_DB"."GOLD"."DIM_BOOKINGS__dbt_tmp"
/* {"app": "dbt", "dbt_version": "1.11.2", "profile_name": "snowflake_spotify_project", "target_name": "dev", "node_id": "snapshot.snowflake_spotify_project.dim_bookings"} */
[0m22:13:03.487339 [debug] [Thread-2 (]: SQL status: SUCCESS 9 in 0.122 seconds
[0m22:13:03.493771 [debug] [Thread-2 (]: Using snowflake connection "snapshot.snowflake_spotify_project.dim_bookings"
[0m22:13:03.494313 [debug] [Thread-2 (]: On snapshot.snowflake_spotify_project.dim_bookings: describe table "SPOTIFY_DB"."GOLD"."DIM_BOOKINGS"
/* {"app": "dbt", "dbt_version": "1.11.2", "profile_name": "snowflake_spotify_project", "target_name": "dev", "node_id": "snapshot.snowflake_spotify_project.dim_bookings"} */
[0m22:13:03.619006 [debug] [Thread-2 (]: SQL status: SUCCESS 7 in 0.124 seconds
[0m22:13:03.627556 [debug] [Thread-2 (]: Using snowflake connection "snapshot.snowflake_spotify_project.dim_bookings"
[0m22:13:03.627873 [debug] [Thread-2 (]: On snapshot.snowflake_spotify_project.dim_bookings: describe table "SPOTIFY_DB"."GOLD"."DIM_BOOKINGS__dbt_tmp"
/* {"app": "dbt", "dbt_version": "1.11.2", "profile_name": "snowflake_spotify_project", "target_name": "dev", "node_id": "snapshot.snowflake_spotify_project.dim_bookings"} */
[0m22:13:03.753957 [debug] [Thread-2 (]: SQL status: SUCCESS 9 in 0.126 seconds
[0m22:13:03.777579 [debug] [Thread-2 (]: Using snowflake connection "snapshot.snowflake_spotify_project.dim_bookings"
[0m22:13:03.778025 [debug] [Thread-2 (]: On snapshot.snowflake_spotify_project.dim_bookings: select * from (
        
    
    with snapshot_query as (

        with __dbt__cte__obt as (


select 
    
        silver_bookings.*,
    
        silver_listings.host_id,silver_listings.property_type,silver_listings.room_type,silver_listings.city,silver_listings.country,silver_listings.accommodates,silver_listings.bathrooms,silver_listings.bedrooms,silver_listings.price_per_night,silver_listings.price_per_night_tag,silver_listings.listing_created_at,
    
        silver_hosts.host_name,silver_hosts.host_since,silver_hosts.is_superhost,silver_hosts.response_rate,silver_hosts.response_rate_category,silver_hosts.host_created_at
    
from
   
   
        spotify_db.silver.silver_bookings as silver_bookings
   
            
   
        left join spotify_db.silver.silver_listings as silver_listings
            on silver_bookings.listing_id = silver_listings.listing_id
            
            
   
        left join spotify_db.silver.silver_hosts as silver_hosts
            on silver_listings.host_id = silver_hosts.host_id
            
            
),  __dbt__cte__bookings as (


with  bookings as (

    select
        booking_id,
        booking_status,
        booking_created_at 
    from __dbt__cte__obt
)

select * from bookings
) select * from __dbt__cte__bookings

    ),

    snapshotted_data as (

        select *, 
    
        booking_id as dbt_unique_key
    

        from "SPOTIFY_DB"."GOLD"."DIM_BOOKINGS"
        where
            
		
		

		
                ( (dbt_valid_to = to_date('9999-12-31'))
 or dbt_valid_to is null )
            

    ),

    insertions_source_data as (

        select *, 
    
        booking_id as dbt_unique_key
    
,
            booking_created_at as dbt_updated_at,
            booking_created_at as dbt_valid_from,
            
  
  coalesce(nullif(booking_created_at, booking_created_at), to_date('9999-12-31'))
  as dbt_valid_to
,
            md5(coalesce(cast(booking_id as varchar ), '')
         || '|' || coalesce(cast(booking_created_at as varchar ), '')
        ) as dbt_scd_id

        from snapshot_query
    ),

    updates_source_data as (

        select *, 
    
        booking_id as dbt_unique_key
    
,
            booking_created_at as dbt_updated_at,
            booking_created_at as dbt_valid_from,
            booking_created_at as dbt_valid_to

        from snapshot_query
    ),

    insertions as (

        select
            'insert' as dbt_change_type,
            source_data.*

        from insertions_source_data as source_data
        left outer join snapshotted_data
            on 
    
        snapshotted_data.dbt_unique_key = source_data.dbt_unique_key
    

            where 
    
        snapshotted_data.dbt_unique_key is null
    

            or (
    
        snapshotted_data.dbt_unique_key is not null
    
 and (
               (snapshotted_data.dbt_valid_from < source_data.booking_created_at)
            )

        )

    ),

    updates as (

        select
            'update' as dbt_change_type,
            source_data.*,
            snapshotted_data.dbt_scd_id

        from updates_source_data as source_data
        join snapshotted_data
            on 
    
        snapshotted_data.dbt_unique_key = source_data.dbt_unique_key
    

        where (
            (snapshotted_data.dbt_valid_from < source_data.booking_created_at)
        )
    )

    select * from insertions
    union all
    select * from updates

    ) as __dbt_sbq
    where false
    limit 0
/* {"app": "dbt", "dbt_version": "1.11.2", "profile_name": "snowflake_spotify_project", "target_name": "dev", "node_id": "snapshot.snowflake_spotify_project.dim_bookings"} */
/* {"app": "dbt", "dbt_version": "1.11.2", "profile_name": "snowflake_spotify_project", "target_name": "dev", "node_id": "snapshot.snowflake_spotify_project.dim_bookings"} */
[0m22:13:03.988613 [debug] [Thread-2 (]: SQL status: SUCCESS 0 in 0.210 seconds
[0m22:13:03.991209 [debug] [Thread-2 (]: Using snowflake connection "snapshot.snowflake_spotify_project.dim_bookings"
[0m22:13:03.991414 [debug] [Thread-2 (]: On snapshot.snowflake_spotify_project.dim_bookings: select * from (
        select to_timestamp_ntz(convert_timezone('UTC', current_timestamp())) as dbt_snapshot_time
    ) as __dbt_sbq
    where false
    limit 0
/* {"app": "dbt", "dbt_version": "1.11.2", "profile_name": "snowflake_spotify_project", "target_name": "dev", "node_id": "snapshot.snowflake_spotify_project.dim_bookings"} */
/* {"app": "dbt", "dbt_version": "1.11.2", "profile_name": "snowflake_spotify_project", "target_name": "dev", "node_id": "snapshot.snowflake_spotify_project.dim_bookings"} */
[0m22:13:04.106444 [debug] [Thread-2 (]: SQL status: SUCCESS 0 in 0.115 seconds
[0m22:13:04.107286 [debug] [Thread-2 (]: Writing runtime sql for node "snapshot.snowflake_spotify_project.dim_bookings"
[0m22:13:04.108772 [debug] [Thread-2 (]: Using snowflake connection "snapshot.snowflake_spotify_project.dim_bookings"
[0m22:13:04.109050 [debug] [Thread-2 (]: On snapshot.snowflake_spotify_project.dim_bookings: BEGIN
/* {"app": "dbt", "dbt_version": "1.11.2", "profile_name": "snowflake_spotify_project", "target_name": "dev", "node_id": "snapshot.snowflake_spotify_project.dim_bookings"} */
[0m22:13:04.249595 [debug] [Thread-2 (]: SQL status: SUCCESS 1 in 0.140 seconds
[0m22:13:04.250929 [debug] [Thread-2 (]: Using snowflake connection "snapshot.snowflake_spotify_project.dim_bookings"
[0m22:13:04.251802 [debug] [Thread-2 (]: On snapshot.snowflake_spotify_project.dim_bookings: merge into "SPOTIFY_DB"."GOLD"."DIM_BOOKINGS" as DBT_INTERNAL_DEST
    using "SPOTIFY_DB"."GOLD"."DIM_BOOKINGS__dbt_tmp" as DBT_INTERNAL_SOURCE
    on DBT_INTERNAL_SOURCE.dbt_scd_id = DBT_INTERNAL_DEST.dbt_scd_id

    when matched
     
	
	
	and ((DBT_INTERNAL_DEST.dbt_valid_to = to_date('9999-12-31'))
 or DBT_INTERNAL_DEST.dbt_valid_to is null)

     
     and DBT_INTERNAL_SOURCE.dbt_change_type in ('update', 'delete')
        then update
        set dbt_valid_to = DBT_INTERNAL_SOURCE.dbt_valid_to

    when not matched
     and DBT_INTERNAL_SOURCE.dbt_change_type = 'insert'
        then insert ("BOOKING_ID", "BOOKING_STATUS", "BOOKING_CREATED_AT", "DBT_UPDATED_AT", "DBT_VALID_FROM", "DBT_VALID_TO", "DBT_SCD_ID")
        values ("BOOKING_ID", "BOOKING_STATUS", "BOOKING_CREATED_AT", "DBT_UPDATED_AT", "DBT_VALID_FROM", "DBT_VALID_TO", "DBT_SCD_ID")


/* {"app": "dbt", "dbt_version": "1.11.2", "profile_name": "snowflake_spotify_project", "target_name": "dev", "node_id": "snapshot.snowflake_spotify_project.dim_bookings"} */;
[0m22:13:05.640138 [debug] [Thread-2 (]: SQL status: SUCCESS 0 in 1.387 seconds
[0m22:13:05.641487 [debug] [Thread-2 (]: Using snowflake connection "snapshot.snowflake_spotify_project.dim_bookings"
[0m22:13:05.642068 [debug] [Thread-2 (]: On snapshot.snowflake_spotify_project.dim_bookings: COMMIT
/* {"app": "dbt", "dbt_version": "1.11.2", "profile_name": "snowflake_spotify_project", "target_name": "dev", "node_id": "snapshot.snowflake_spotify_project.dim_bookings"} */
[0m22:13:05.948299 [debug] [Thread-2 (]: SQL status: SUCCESS 1 in 0.306 seconds
[0m22:13:05.976437 [debug] [Thread-2 (]: Sending event: {'category': 'dbt', 'action': 'run_model', 'label': 'ca548b48-06db-4747-a085-0dc1bc33fa37', 'context': [<snowplow_tracker.self_describing_json.SelfDescribingJson object at 0x117940c10>]}
[0m22:13:05.977164 [info ] [Thread-2 (]: 1 of 3 OK snapshotted spotify_db.gold.dim_bookings ............................. [[32mSUCCESS 0[0m in 4.73s]
[0m22:13:05.977587 [debug] [Thread-2 (]: Finished running node snapshot.snowflake_spotify_project.dim_bookings
[0m22:13:05.977868 [debug] [Thread-2 (]: Began running node snapshot.snowflake_spotify_project.dim_hosts
[0m22:13:05.978273 [info ] [Thread-2 (]: 2 of 3 START snapshot spotify_db.gold.dim_hosts ................................ [RUN]
[0m22:13:05.978705 [debug] [Thread-2 (]: Re-using an available connection from the pool (formerly snapshot.snowflake_spotify_project.dim_bookings, now snapshot.snowflake_spotify_project.dim_hosts)
[0m22:13:05.978985 [debug] [Thread-2 (]: Began compiling node snapshot.snowflake_spotify_project.dim_hosts
[0m22:13:05.986099 [debug] [Thread-2 (]: Writing injected SQL for node "snapshot.snowflake_spotify_project.dim_hosts"
[0m22:13:05.986937 [debug] [Thread-2 (]: Began executing node snapshot.snowflake_spotify_project.dim_hosts
[0m22:13:05.996879 [debug] [Thread-2 (]: Using snowflake connection "snapshot.snowflake_spotify_project.dim_hosts"
[0m22:13:05.997157 [debug] [Thread-2 (]: On snapshot.snowflake_spotify_project.dim_hosts: select * from (
        
    

    select *,
        md5(coalesce(cast(host_id as varchar ), '')
         || '|' || coalesce(cast(host_created_at as varchar ), '')
        ) as dbt_scd_id,
        host_created_at as dbt_updated_at,
        host_created_at as dbt_valid_from,
        
  
  coalesce(nullif(host_created_at, host_created_at), to_date('9999-12-31'))
  as dbt_valid_to
from (
        with __dbt__cte__obt as (


select 
    
        silver_bookings.*,
    
        silver_listings.host_id,silver_listings.property_type,silver_listings.room_type,silver_listings.city,silver_listings.country,silver_listings.accommodates,silver_listings.bathrooms,silver_listings.bedrooms,silver_listings.price_per_night,silver_listings.price_per_night_tag,silver_listings.listing_created_at,
    
        silver_hosts.host_name,silver_hosts.host_since,silver_hosts.is_superhost,silver_hosts.response_rate,silver_hosts.response_rate_category,silver_hosts.host_created_at
    
from
   
   
        spotify_db.silver.silver_bookings as silver_bookings
   
            
   
        left join spotify_db.silver.silver_listings as silver_listings
            on silver_bookings.listing_id = silver_listings.listing_id
            
            
   
        left join spotify_db.silver.silver_hosts as silver_hosts
            on silver_listings.host_id = silver_hosts.host_id
            
            
),  __dbt__cte__hosts as (



with hosts as (
    select
        host_id,
        host_name,
        host_since,
        is_superhost,
        response_rate,
        host_created_at
    from __dbt__cte__obt
)

select * from hosts
) select * from __dbt__cte__hosts
    ) sbq



    ) as __dbt_sbq
    where false
    limit 0
/* {"app": "dbt", "dbt_version": "1.11.2", "profile_name": "snowflake_spotify_project", "target_name": "dev", "node_id": "snapshot.snowflake_spotify_project.dim_hosts"} */
/* {"app": "dbt", "dbt_version": "1.11.2", "profile_name": "snowflake_spotify_project", "target_name": "dev", "node_id": "snapshot.snowflake_spotify_project.dim_hosts"} */
[0m22:13:06.168497 [debug] [Thread-2 (]: SQL status: SUCCESS 0 in 0.171 seconds
[0m22:13:06.170687 [debug] [Thread-2 (]: Using snowflake connection "snapshot.snowflake_spotify_project.dim_hosts"
[0m22:13:06.171238 [debug] [Thread-2 (]: On snapshot.snowflake_spotify_project.dim_hosts: select * from (
        select to_timestamp_ntz(convert_timezone('UTC', current_timestamp())) as dbt_snapshot_time
    ) as __dbt_sbq
    where false
    limit 0
/* {"app": "dbt", "dbt_version": "1.11.2", "profile_name": "snowflake_spotify_project", "target_name": "dev", "node_id": "snapshot.snowflake_spotify_project.dim_hosts"} */
/* {"app": "dbt", "dbt_version": "1.11.2", "profile_name": "snowflake_spotify_project", "target_name": "dev", "node_id": "snapshot.snowflake_spotify_project.dim_hosts"} */
[0m22:13:06.315631 [debug] [Thread-2 (]: SQL status: SUCCESS 0 in 0.144 seconds
[0m22:13:06.317272 [debug] [Thread-2 (]: Writing runtime sql for node "snapshot.snowflake_spotify_project.dim_hosts"
[0m22:13:06.322002 [debug] [Thread-2 (]: Using snowflake connection "snapshot.snowflake_spotify_project.dim_hosts"
[0m22:13:06.322482 [debug] [Thread-2 (]: On snapshot.snowflake_spotify_project.dim_hosts: create or replace transient table spotify_db.gold.dim_hosts
    
    
    
    as (
    

    select *,
        md5(coalesce(cast(host_id as varchar ), '')
         || '|' || coalesce(cast(host_created_at as varchar ), '')
        ) as dbt_scd_id,
        host_created_at as dbt_updated_at,
        host_created_at as dbt_valid_from,
        
  
  coalesce(nullif(host_created_at, host_created_at), to_date('9999-12-31'))
  as dbt_valid_to
from (
        with __dbt__cte__obt as (


select 
    
        silver_bookings.*,
    
        silver_listings.host_id,silver_listings.property_type,silver_listings.room_type,silver_listings.city,silver_listings.country,silver_listings.accommodates,silver_listings.bathrooms,silver_listings.bedrooms,silver_listings.price_per_night,silver_listings.price_per_night_tag,silver_listings.listing_created_at,
    
        silver_hosts.host_name,silver_hosts.host_since,silver_hosts.is_superhost,silver_hosts.response_rate,silver_hosts.response_rate_category,silver_hosts.host_created_at
    
from
   
   
        spotify_db.silver.silver_bookings as silver_bookings
   
            
   
        left join spotify_db.silver.silver_listings as silver_listings
            on silver_bookings.listing_id = silver_listings.listing_id
            
            
   
        left join spotify_db.silver.silver_hosts as silver_hosts
            on silver_listings.host_id = silver_hosts.host_id
            
            
),  __dbt__cte__hosts as (



with hosts as (
    select
        host_id,
        host_name,
        host_since,
        is_superhost,
        response_rate,
        host_created_at
    from __dbt__cte__obt
)

select * from hosts
) select * from __dbt__cte__hosts
    ) sbq



    )

/* {"app": "dbt", "dbt_version": "1.11.2", "profile_name": "snowflake_spotify_project", "target_name": "dev", "node_id": "snapshot.snowflake_spotify_project.dim_hosts"} */;
[0m22:13:07.905516 [debug] [Thread-2 (]: SQL status: SUCCESS 1 in 1.582 seconds
[0m22:13:07.912669 [debug] [Thread-2 (]: Sending event: {'category': 'dbt', 'action': 'run_model', 'label': 'ca548b48-06db-4747-a085-0dc1bc33fa37', 'context': [<snowplow_tracker.self_describing_json.SelfDescribingJson object at 0x1259c0610>]}
[0m22:13:07.913495 [info ] [Thread-2 (]: 2 of 3 OK snapshotted spotify_db.gold.dim_hosts ................................ [[32mSUCCESS 1[0m in 1.93s]
[0m22:13:07.913923 [debug] [Thread-2 (]: Finished running node snapshot.snowflake_spotify_project.dim_hosts
[0m22:13:07.914229 [debug] [Thread-2 (]: Began running node snapshot.snowflake_spotify_project.dim_listings
[0m22:13:07.914653 [info ] [Thread-2 (]: 3 of 3 START snapshot spotify_db.gold.dim_listings ............................. [RUN]
[0m22:13:07.915027 [debug] [Thread-2 (]: Re-using an available connection from the pool (formerly snapshot.snowflake_spotify_project.dim_hosts, now snapshot.snowflake_spotify_project.dim_listings)
[0m22:13:07.915301 [debug] [Thread-2 (]: Began compiling node snapshot.snowflake_spotify_project.dim_listings
[0m22:13:07.921947 [debug] [Thread-2 (]: Writing injected SQL for node "snapshot.snowflake_spotify_project.dim_listings"
[0m22:13:07.922791 [debug] [Thread-2 (]: Began executing node snapshot.snowflake_spotify_project.dim_listings
[0m22:13:07.931740 [debug] [Thread-2 (]: Using snowflake connection "snapshot.snowflake_spotify_project.dim_listings"
[0m22:13:07.932389 [debug] [Thread-2 (]: On snapshot.snowflake_spotify_project.dim_listings: select * from (
        
    

    select *,
        md5(coalesce(cast(listing_id as varchar ), '')
         || '|' || coalesce(cast(listing_created_at as varchar ), '')
        ) as dbt_scd_id,
        listing_created_at as dbt_updated_at,
        listing_created_at as dbt_valid_from,
        
  
  coalesce(nullif(listing_created_at, listing_created_at), to_date('9999-12-31'))
  as dbt_valid_to
from (
        with __dbt__cte__obt as (


select 
    
        silver_bookings.*,
    
        silver_listings.host_id,silver_listings.property_type,silver_listings.room_type,silver_listings.city,silver_listings.country,silver_listings.accommodates,silver_listings.bathrooms,silver_listings.bedrooms,silver_listings.price_per_night,silver_listings.price_per_night_tag,silver_listings.listing_created_at,
    
        silver_hosts.host_name,silver_hosts.host_since,silver_hosts.is_superhost,silver_hosts.response_rate,silver_hosts.response_rate_category,silver_hosts.host_created_at
    
from
   
   
        spotify_db.silver.silver_bookings as silver_bookings
   
            
   
        left join spotify_db.silver.silver_listings as silver_listings
            on silver_bookings.listing_id = silver_listings.listing_id
            
            
   
        left join spotify_db.silver.silver_hosts as silver_hosts
            on silver_listings.host_id = silver_hosts.host_id
            
            
),  __dbt__cte__listings as (



with listings as (
    select 
        listing_id,
        property_type,
        room_type,
        city,
        country,
        price_per_night_tag,
        listing_created_at
    from __dbt__cte__obt
)

select * from listings
) select * from __dbt__cte__listings
    ) sbq



    ) as __dbt_sbq
    where false
    limit 0
/* {"app": "dbt", "dbt_version": "1.11.2", "profile_name": "snowflake_spotify_project", "target_name": "dev", "node_id": "snapshot.snowflake_spotify_project.dim_listings"} */
/* {"app": "dbt", "dbt_version": "1.11.2", "profile_name": "snowflake_spotify_project", "target_name": "dev", "node_id": "snapshot.snowflake_spotify_project.dim_listings"} */
[0m22:13:08.102070 [debug] [Thread-2 (]: SQL status: SUCCESS 0 in 0.169 seconds
[0m22:13:08.103737 [debug] [Thread-2 (]: Using snowflake connection "snapshot.snowflake_spotify_project.dim_listings"
[0m22:13:08.104132 [debug] [Thread-2 (]: On snapshot.snowflake_spotify_project.dim_listings: select * from (
        select to_timestamp_ntz(convert_timezone('UTC', current_timestamp())) as dbt_snapshot_time
    ) as __dbt_sbq
    where false
    limit 0
/* {"app": "dbt", "dbt_version": "1.11.2", "profile_name": "snowflake_spotify_project", "target_name": "dev", "node_id": "snapshot.snowflake_spotify_project.dim_listings"} */
/* {"app": "dbt", "dbt_version": "1.11.2", "profile_name": "snowflake_spotify_project", "target_name": "dev", "node_id": "snapshot.snowflake_spotify_project.dim_listings"} */
[0m22:13:08.216372 [debug] [Thread-2 (]: SQL status: SUCCESS 0 in 0.112 seconds
[0m22:13:08.217602 [debug] [Thread-2 (]: Writing runtime sql for node "snapshot.snowflake_spotify_project.dim_listings"
[0m22:13:08.220597 [debug] [Thread-2 (]: Using snowflake connection "snapshot.snowflake_spotify_project.dim_listings"
[0m22:13:08.221082 [debug] [Thread-2 (]: On snapshot.snowflake_spotify_project.dim_listings: create or replace transient table spotify_db.gold.dim_listings
    
    
    
    as (
    

    select *,
        md5(coalesce(cast(listing_id as varchar ), '')
         || '|' || coalesce(cast(listing_created_at as varchar ), '')
        ) as dbt_scd_id,
        listing_created_at as dbt_updated_at,
        listing_created_at as dbt_valid_from,
        
  
  coalesce(nullif(listing_created_at, listing_created_at), to_date('9999-12-31'))
  as dbt_valid_to
from (
        with __dbt__cte__obt as (


select 
    
        silver_bookings.*,
    
        silver_listings.host_id,silver_listings.property_type,silver_listings.room_type,silver_listings.city,silver_listings.country,silver_listings.accommodates,silver_listings.bathrooms,silver_listings.bedrooms,silver_listings.price_per_night,silver_listings.price_per_night_tag,silver_listings.listing_created_at,
    
        silver_hosts.host_name,silver_hosts.host_since,silver_hosts.is_superhost,silver_hosts.response_rate,silver_hosts.response_rate_category,silver_hosts.host_created_at
    
from
   
   
        spotify_db.silver.silver_bookings as silver_bookings
   
            
   
        left join spotify_db.silver.silver_listings as silver_listings
            on silver_bookings.listing_id = silver_listings.listing_id
            
            
   
        left join spotify_db.silver.silver_hosts as silver_hosts
            on silver_listings.host_id = silver_hosts.host_id
            
            
),  __dbt__cte__listings as (



with listings as (
    select 
        listing_id,
        property_type,
        room_type,
        city,
        country,
        price_per_night_tag,
        listing_created_at
    from __dbt__cte__obt
)

select * from listings
) select * from __dbt__cte__listings
    ) sbq



    )

/* {"app": "dbt", "dbt_version": "1.11.2", "profile_name": "snowflake_spotify_project", "target_name": "dev", "node_id": "snapshot.snowflake_spotify_project.dim_listings"} */;
[0m22:13:10.354054 [debug] [Thread-2 (]: SQL status: SUCCESS 1 in 2.132 seconds
[0m22:13:10.358559 [debug] [Thread-2 (]: Sending event: {'category': 'dbt', 'action': 'run_model', 'label': 'ca548b48-06db-4747-a085-0dc1bc33fa37', 'context': [<snowplow_tracker.self_describing_json.SelfDescribingJson object at 0x125990550>]}
[0m22:13:10.359467 [info ] [Thread-2 (]: 3 of 3 OK snapshotted spotify_db.gold.dim_listings ............................. [[32mSUCCESS 1[0m in 2.44s]
[0m22:13:10.360037 [debug] [Thread-2 (]: Finished running node snapshot.snowflake_spotify_project.dim_listings
[0m22:13:10.361371 [debug] [MainThread]: Connection 'master' was properly closed.
[0m22:13:10.361684 [debug] [MainThread]: Connection 'snapshot.snowflake_spotify_project.dim_listings' was left open.
[0m22:13:10.361942 [debug] [MainThread]: On snapshot.snowflake_spotify_project.dim_listings: Close
[0m22:13:10.562265 [info ] [MainThread]: 
[0m22:13:10.563026 [info ] [MainThread]: Finished running 3 snapshots in 0 hours 0 minutes and 11.13 seconds (11.13s).
[0m22:13:10.563939 [debug] [MainThread]: Command end result
[0m22:13:10.630696 [debug] [MainThread]: Wrote artifact WritableManifest to /Users/faizaan/Desktop/dbt_spotify_prj/snowflake_spotify_project/target/manifest.json
[0m22:13:10.631485 [debug] [MainThread]: Wrote artifact SemanticManifest to /Users/faizaan/Desktop/dbt_spotify_prj/snowflake_spotify_project/target/semantic_manifest.json
[0m22:13:10.633618 [debug] [MainThread]: Wrote artifact RunExecutionResult to /Users/faizaan/Desktop/dbt_spotify_prj/snowflake_spotify_project/target/run_results.json
[0m22:13:10.633735 [info ] [MainThread]: 
[0m22:13:10.633879 [info ] [MainThread]: [32mCompleted successfully[0m
[0m22:13:10.633977 [info ] [MainThread]: 
[0m22:13:10.634080 [info ] [MainThread]: Done. PASS=3 WARN=0 ERROR=0 SKIP=0 NO-OP=0 TOTAL=3
[0m22:13:10.634277 [warn ] [MainThread]: [[33mWARNING[0m][DeprecationsSummary]: Deprecated functionality
Summary of encountered deprecations:
- DuplicateYAMLKeysDeprecation: 1 occurrence
- MissingPlusPrefixDeprecation: 1 occurrence
To see all deprecation instances instead of just the first occurrence of each,
run command again with the `--show-all-deprecations` flag. You may also need to
run with `--no-partial-parse` as some deprecations are only encountered during
parsing.
[0m22:13:10.636009 [debug] [MainThread]: Resource report: {"command_name": "snapshot", "command_success": true, "command_wall_clock_time": 11.5861225, "process_in_blocks": "0", "process_kernel_time": 0.188849, "process_mem_max_rss": "168329216", "process_out_blocks": "0", "process_user_time": 1.151886}
[0m22:13:10.636209 [debug] [MainThread]: Command `dbt snapshot` succeeded at 22:13:10.636177 after 11.59 seconds
[0m22:13:10.636353 [debug] [MainThread]: Sending event: {'category': 'dbt', 'action': 'invocation', 'label': 'end', 'context': [<snowplow_tracker.self_describing_json.SelfDescribingJson object at 0x104bf2050>, <snowplow_tracker.self_describing_json.SelfDescribingJson object at 0x104bf2010>, <snowplow_tracker.self_describing_json.SelfDescribingJson object at 0x104d408d0>]}
[0m22:13:10.636485 [debug] [MainThread]: Flushing usage events
[0m22:13:10.991802 [debug] [MainThread]: An error was encountered while trying to flush usage events
[0m22:14:05.857662 [debug] [MainThread]: Sending event: {'category': 'dbt', 'action': 'invocation', 'label': 'start', 'context': [<snowplow_tracker.self_describing_json.SelfDescribingJson object at 0x10589c350>, <snowplow_tracker.self_describing_json.SelfDescribingJson object at 0x10590cd10>, <snowplow_tracker.self_describing_json.SelfDescribingJson object at 0x10592b2d0>]}


============================== 22:14:05.858905 | 00ecbbfa-c8d9-4035-92b1-f428f881db08 ==============================
[0m22:14:05.858905 [info ] [MainThread]: Running with dbt=1.11.2
[0m22:14:05.859122 [debug] [MainThread]: running dbt with arguments {'empty': 'False', 'use_colors': 'True', 'profiles_dir': '/Users/faizaan/Desktop/dbt_spotify_prj/snowflake_spotify_project', 'fail_fast': 'False', 'invocation_command': 'dbt build', 'log_format': 'default', 'static_parser': 'True', 'warn_error': 'None', 'version_check': 'True', 'cache_selected_only': 'False', 'no_print': 'None', 'send_anonymous_usage_stats': 'True', 'introspect': 'True', 'printer_width': '80', 'log_path': '/Users/faizaan/Desktop/dbt_spotify_prj/snowflake_spotify_project/logs', 'write_json': 'True', 'quiet': 'False', 'use_experimental_parser': 'False', 'log_cache_events': 'False', 'debug': 'False', 'indirect_selection': 'eager', 'partial_parse': 'True', 'warn_error_options': 'WarnErrorOptionsV2(error=[], warn=[], silence=[])', 'target_path': 'None'}
[0m22:14:05.942718 [debug] [MainThread]: Snowflake adapter: Setting snowflake.connector to ERROR (file logging only)
[0m22:14:05.942920 [debug] [MainThread]: Snowflake adapter: Setting botocore to ERROR (file logging only)
[0m22:14:05.943024 [debug] [MainThread]: Snowflake adapter: Setting boto3 to ERROR (file logging only)
[0m22:14:05.959087 [warn ] [MainThread]: [[33mWARNING[0m][DuplicateYAMLKeysDeprecation]: Deprecated functionality
Duplicate key '+materialized' in "<unicode string>", line 44, column 7 in file `
/Users/faizaan/Desktop/dbt_spotify_prj/snowflake_spotify_project/dbt_project.yml
`
[0m22:14:05.959328 [debug] [MainThread]: Sending event: {'category': 'dbt', 'action': 'deprecation', 'label': '00ecbbfa-c8d9-4035-92b1-f428f881db08', 'property_': 'warn', 'context': [<snowplow_tracker.self_describing_json.SelfDescribingJson object at 0x10589bd90>]}
[0m22:14:05.960462 [warn ] [MainThread]: [[33mWARNING[0m][MissingPlusPrefixDeprecation]: Deprecated functionality
Missing '+' prefix on `ephemeral` found at
`snowflake_spotify_project.gold.ephemeral` in file `/Users/faizaan/Desktop/dbt_s
potify_prj/snowflake_spotify_project/dbt_project.yml`. Hierarchical config
values without a '+' prefix are deprecated in dbt_project.yml.
[0m22:14:05.960605 [debug] [MainThread]: Sending event: {'category': 'dbt', 'action': 'deprecation', 'label': '00ecbbfa-c8d9-4035-92b1-f428f881db08', 'property_': 'warn', 'context': [<snowplow_tracker.self_describing_json.SelfDescribingJson object at 0x10675a9d0>]}
[0m22:14:05.992347 [debug] [MainThread]: Sending event: {'category': 'dbt', 'action': 'project_id', 'label': '00ecbbfa-c8d9-4035-92b1-f428f881db08', 'context': [<snowplow_tracker.self_describing_json.SelfDescribingJson object at 0x1066e5c10>]}
[0m22:14:06.008740 [debug] [MainThread]: Sending event: {'category': 'dbt', 'action': 'adapter_info', 'label': '00ecbbfa-c8d9-4035-92b1-f428f881db08', 'context': [<snowplow_tracker.self_describing_json.SelfDescribingJson object at 0x104a72a90>]}
[0m22:14:06.009009 [info ] [MainThread]: Registered adapter: snowflake=1.11.1
[0m22:14:06.051326 [debug] [MainThread]: checksum: 3d40d8bbe1bef07db1c24822f2dbfff8bc07f2a48ed4fe2658a40653aec0b54b, vars: {}, profile: , target: , version: 1.11.2
[0m22:14:06.092371 [debug] [MainThread]: Partial parsing enabled: 0 files deleted, 0 files added, 0 files changed.
[0m22:14:06.092520 [debug] [MainThread]: Nothing changed, skipping partial parsing.
[0m22:14:06.092606 [debug] [MainThread]: Partial parsing enabled, no changes found, skipping parsing
[0m22:14:06.109478 [debug] [MainThread]: Sending event: {'category': 'dbt', 'action': 'load_project', 'label': '00ecbbfa-c8d9-4035-92b1-f428f881db08', 'context': [<snowplow_tracker.self_describing_json.SelfDescribingJson object at 0x1067b6250>]}
[0m22:14:06.138504 [debug] [MainThread]: Wrote artifact WritableManifest to /Users/faizaan/Desktop/dbt_spotify_prj/snowflake_spotify_project/target/manifest.json
[0m22:14:06.139172 [debug] [MainThread]: Wrote artifact SemanticManifest to /Users/faizaan/Desktop/dbt_spotify_prj/snowflake_spotify_project/target/semantic_manifest.json
[0m22:14:06.148962 [debug] [MainThread]: Sending event: {'category': 'dbt', 'action': 'resource_counts', 'label': '00ecbbfa-c8d9-4035-92b1-f428f881db08', 'context': [<snowplow_tracker.self_describing_json.SelfDescribingJson object at 0x1078fced0>]}
[0m22:14:06.149138 [info ] [MainThread]: Found 10 models, 1 analysis, 3 snapshots, 3 sources, 527 macros
[0m22:14:06.149985 [info ] [MainThread]: 
[0m22:14:06.150102 [info ] [MainThread]: Concurrency: 1 threads (target='dev')
[0m22:14:06.150192 [info ] [MainThread]: 
[0m22:14:06.150365 [debug] [MainThread]: Acquiring new snowflake connection 'master'
[0m22:14:06.151812 [debug] [ThreadPool]: Acquiring new snowflake connection 'list_SPOTIFY_DB'
[0m22:14:06.168853 [debug] [ThreadPool]: Using snowflake connection "list_SPOTIFY_DB"
[0m22:14:06.169002 [debug] [ThreadPool]: On list_SPOTIFY_DB: show terse schemas in database SPOTIFY_DB
    limit 10000
/* {"app": "dbt", "dbt_version": "1.11.2", "profile_name": "snowflake_spotify_project", "target_name": "dev", "connection_name": "list_SPOTIFY_DB"} */
[0m22:14:06.169097 [debug] [ThreadPool]: Opening a new connection, currently in state init
[0m22:14:07.417786 [debug] [ThreadPool]: SQL status: SUCCESS 6 in 1.249 seconds
[0m22:14:07.419278 [debug] [ThreadPool]: Re-using an available connection from the pool (formerly list_SPOTIFY_DB, now list_spotify_db)
[0m22:14:07.421314 [debug] [ThreadPool]: Using snowflake connection "list_spotify_db"
[0m22:14:07.421563 [debug] [ThreadPool]: On list_spotify_db: show terse schemas in database spotify_db
    limit 10000
/* {"app": "dbt", "dbt_version": "1.11.2", "profile_name": "snowflake_spotify_project", "target_name": "dev", "connection_name": "list_spotify_db"} */
[0m22:14:07.558391 [debug] [ThreadPool]: SQL status: SUCCESS 6 in 0.137 seconds
[0m22:14:07.560309 [debug] [ThreadPool]: Re-using an available connection from the pool (formerly list_spotify_db, now list_SPOTIFY_DB)
[0m22:14:07.563160 [debug] [ThreadPool]: Using snowflake connection "list_SPOTIFY_DB"
[0m22:14:07.563519 [debug] [ThreadPool]: On list_SPOTIFY_DB: show terse schemas in database SPOTIFY_DB
    limit 10000
/* {"app": "dbt", "dbt_version": "1.11.2", "profile_name": "snowflake_spotify_project", "target_name": "dev", "connection_name": "list_SPOTIFY_DB"} */
[0m22:14:07.694773 [debug] [ThreadPool]: SQL status: SUCCESS 6 in 0.131 seconds
[0m22:14:07.700559 [debug] [ThreadPool]: Re-using an available connection from the pool (formerly list_SPOTIFY_DB, now list_SPOTIFY_DB_bronze)
[0m22:14:07.712139 [debug] [ThreadPool]: Using snowflake connection "list_SPOTIFY_DB_bronze"
[0m22:14:07.712411 [debug] [ThreadPool]: On list_SPOTIFY_DB_bronze: show objects in SPOTIFY_DB.bronze
    limit 10000
    

/* {"app": "dbt", "dbt_version": "1.11.2", "profile_name": "snowflake_spotify_project", "target_name": "dev", "connection_name": "list_SPOTIFY_DB_bronze"} */;
[0m22:14:07.853130 [debug] [ThreadPool]: SQL status: SUCCESS 3 in 0.140 seconds
[0m22:14:07.856070 [debug] [ThreadPool]: Re-using an available connection from the pool (formerly list_SPOTIFY_DB_bronze, now list_spotify_db_gold)
[0m22:14:07.859597 [debug] [ThreadPool]: Using snowflake connection "list_spotify_db_gold"
[0m22:14:07.859911 [debug] [ThreadPool]: On list_spotify_db_gold: show objects in spotify_db.gold
    limit 10000
    

/* {"app": "dbt", "dbt_version": "1.11.2", "profile_name": "snowflake_spotify_project", "target_name": "dev", "connection_name": "list_spotify_db_gold"} */;
[0m22:14:08.015950 [debug] [ThreadPool]: SQL status: SUCCESS 4 in 0.156 seconds
[0m22:14:08.020060 [debug] [ThreadPool]: Re-using an available connection from the pool (formerly list_spotify_db_gold, now list_SPOTIFY_DB_silver)
[0m22:14:08.023192 [debug] [ThreadPool]: Using snowflake connection "list_SPOTIFY_DB_silver"
[0m22:14:08.023500 [debug] [ThreadPool]: On list_SPOTIFY_DB_silver: show objects in SPOTIFY_DB.silver
    limit 10000
    

/* {"app": "dbt", "dbt_version": "1.11.2", "profile_name": "snowflake_spotify_project", "target_name": "dev", "connection_name": "list_SPOTIFY_DB_silver"} */;
[0m22:14:08.161261 [debug] [ThreadPool]: SQL status: SUCCESS 3 in 0.137 seconds
[0m22:14:08.162821 [debug] [MainThread]: Sending event: {'category': 'dbt', 'action': 'runnable_timing', 'label': '00ecbbfa-c8d9-4035-92b1-f428f881db08', 'context': [<snowplow_tracker.self_describing_json.SelfDescribingJson object at 0x107bead50>]}
[0m22:14:08.163818 [debug] [Thread-2 (]: Began running node model.snowflake_spotify_project.bronze_bookings
[0m22:14:08.164041 [info ] [Thread-2 (]: 1 of 9 START sql incremental model bronze.bronze_bookings ...................... [RUN]
[0m22:14:08.164229 [debug] [Thread-2 (]: Re-using an available connection from the pool (formerly list_SPOTIFY_DB_silver, now model.snowflake_spotify_project.bronze_bookings)
[0m22:14:08.164372 [debug] [Thread-2 (]: Began compiling node model.snowflake_spotify_project.bronze_bookings
[0m22:14:08.170494 [debug] [Thread-2 (]: Writing injected SQL for node "model.snowflake_spotify_project.bronze_bookings"
[0m22:14:08.172972 [debug] [Thread-2 (]: Began executing node model.snowflake_spotify_project.bronze_bookings
[0m22:14:08.193001 [debug] [Thread-2 (]: Using snowflake connection "model.snowflake_spotify_project.bronze_bookings"
[0m22:14:08.193206 [debug] [Thread-2 (]: On model.snowflake_spotify_project.bronze_bookings: create or replace  temporary view SPOTIFY_DB.bronze.bronze_bookings__dbt_tmp
  
  
  
  
  as (
    

select * from SPOTIFY_DB.source.bookings


    where created_at >= (select coalesce(max(created_at), '1900-01-01') from SPOTIFY_DB.bronze.bronze_bookings)

  )
/* {"app": "dbt", "dbt_version": "1.11.2", "profile_name": "snowflake_spotify_project", "target_name": "dev", "node_id": "model.snowflake_spotify_project.bronze_bookings"} */;
[0m22:14:08.472179 [debug] [Thread-2 (]: SQL status: SUCCESS 1 in 0.279 seconds
[0m22:14:08.481304 [debug] [Thread-2 (]: Using snowflake connection "model.snowflake_spotify_project.bronze_bookings"
[0m22:14:08.481713 [debug] [Thread-2 (]: On model.snowflake_spotify_project.bronze_bookings: describe table SPOTIFY_DB.bronze.bronze_bookings__dbt_tmp
/* {"app": "dbt", "dbt_version": "1.11.2", "profile_name": "snowflake_spotify_project", "target_name": "dev", "node_id": "model.snowflake_spotify_project.bronze_bookings"} */
[0m22:14:08.613620 [debug] [Thread-2 (]: SQL status: SUCCESS 9 in 0.131 seconds
[0m22:14:08.619779 [debug] [Thread-2 (]: Using snowflake connection "model.snowflake_spotify_project.bronze_bookings"
[0m22:14:08.620207 [debug] [Thread-2 (]: On model.snowflake_spotify_project.bronze_bookings: describe table SPOTIFY_DB.bronze.bronze_bookings
/* {"app": "dbt", "dbt_version": "1.11.2", "profile_name": "snowflake_spotify_project", "target_name": "dev", "node_id": "model.snowflake_spotify_project.bronze_bookings"} */
[0m22:14:08.736103 [debug] [Thread-2 (]: SQL status: SUCCESS 9 in 0.115 seconds
[0m22:14:08.746373 [debug] [Thread-2 (]: Using snowflake connection "model.snowflake_spotify_project.bronze_bookings"
[0m22:14:08.746727 [debug] [Thread-2 (]: On model.snowflake_spotify_project.bronze_bookings: describe table "SPOTIFY_DB"."BRONZE"."BRONZE_BOOKINGS"
/* {"app": "dbt", "dbt_version": "1.11.2", "profile_name": "snowflake_spotify_project", "target_name": "dev", "node_id": "model.snowflake_spotify_project.bronze_bookings"} */
[0m22:14:08.866259 [debug] [Thread-2 (]: SQL status: SUCCESS 9 in 0.119 seconds
[0m22:14:08.882930 [debug] [Thread-2 (]: Writing runtime sql for node "model.snowflake_spotify_project.bronze_bookings"
[0m22:14:08.884001 [debug] [Thread-2 (]: Using snowflake connection "model.snowflake_spotify_project.bronze_bookings"
[0m22:14:08.884394 [debug] [Thread-2 (]: On model.snowflake_spotify_project.bronze_bookings: -- back compat for old kwarg name
  
  begin
/* {"app": "dbt", "dbt_version": "1.11.2", "profile_name": "snowflake_spotify_project", "target_name": "dev", "node_id": "model.snowflake_spotify_project.bronze_bookings"} */;
[0m22:14:09.021468 [debug] [Thread-2 (]: SQL status: SUCCESS 1 in 0.137 seconds
[0m22:14:09.022678 [debug] [Thread-2 (]: Using snowflake connection "model.snowflake_spotify_project.bronze_bookings"
[0m22:14:09.023460 [debug] [Thread-2 (]: On model.snowflake_spotify_project.bronze_bookings: insert into SPOTIFY_DB.bronze.bronze_bookings ("BOOKING_ID", "LISTING_ID", "BOOKING_DATE", "NIGHTS_BOOKED", "BOOKING_AMOUNT", "CLEANING_FEE", "SERVICE_FEE", "BOOKING_STATUS", "CREATED_AT")
        (
            select "BOOKING_ID", "LISTING_ID", "BOOKING_DATE", "NIGHTS_BOOKED", "BOOKING_AMOUNT", "CLEANING_FEE", "SERVICE_FEE", "BOOKING_STATUS", "CREATED_AT"
            from SPOTIFY_DB.bronze.bronze_bookings__dbt_tmp
        )
/* {"app": "dbt", "dbt_version": "1.11.2", "profile_name": "snowflake_spotify_project", "target_name": "dev", "node_id": "model.snowflake_spotify_project.bronze_bookings"} */;
[0m22:14:10.155667 [debug] [Thread-2 (]: SQL status: SUCCESS 5000 in 1.131 seconds
[0m22:14:10.157073 [debug] [Thread-2 (]: Using snowflake connection "model.snowflake_spotify_project.bronze_bookings"
[0m22:14:10.157856 [debug] [Thread-2 (]: On model.snowflake_spotify_project.bronze_bookings: COMMIT
/* {"app": "dbt", "dbt_version": "1.11.2", "profile_name": "snowflake_spotify_project", "target_name": "dev", "node_id": "model.snowflake_spotify_project.bronze_bookings"} */
[0m22:14:10.435102 [debug] [Thread-2 (]: SQL status: SUCCESS 1 in 0.276 seconds
[0m22:14:10.445099 [debug] [Thread-2 (]: Applying DROP to: SPOTIFY_DB.bronze.bronze_bookings__dbt_tmp
[0m22:14:10.450272 [debug] [Thread-2 (]: Using snowflake connection "model.snowflake_spotify_project.bronze_bookings"
[0m22:14:10.450579 [debug] [Thread-2 (]: On model.snowflake_spotify_project.bronze_bookings: drop view if exists SPOTIFY_DB.bronze.bronze_bookings__dbt_tmp cascade
/* {"app": "dbt", "dbt_version": "1.11.2", "profile_name": "snowflake_spotify_project", "target_name": "dev", "node_id": "model.snowflake_spotify_project.bronze_bookings"} */
[0m22:14:10.617428 [debug] [Thread-2 (]: SQL status: SUCCESS 1 in 0.166 seconds
[0m22:14:10.638766 [debug] [Thread-2 (]: Sending event: {'category': 'dbt', 'action': 'run_model', 'label': '00ecbbfa-c8d9-4035-92b1-f428f881db08', 'context': [<snowplow_tracker.self_describing_json.SelfDescribingJson object at 0x107e9f1d0>]}
[0m22:14:10.639160 [info ] [Thread-2 (]: 1 of 9 OK created sql incremental model bronze.bronze_bookings ................. [[32mSUCCESS 5000[0m in 2.47s]
[0m22:14:10.639443 [debug] [Thread-2 (]: Finished running node model.snowflake_spotify_project.bronze_bookings
[0m22:14:10.639637 [debug] [Thread-2 (]: Began running node model.snowflake_spotify_project.bronze_hosts
[0m22:14:10.639838 [info ] [Thread-2 (]: 2 of 9 START sql incremental model bronze.bronze_hosts ......................... [RUN]
[0m22:14:10.640191 [debug] [Thread-2 (]: Re-using an available connection from the pool (formerly model.snowflake_spotify_project.bronze_bookings, now model.snowflake_spotify_project.bronze_hosts)
[0m22:14:10.640365 [debug] [Thread-2 (]: Began compiling node model.snowflake_spotify_project.bronze_hosts
[0m22:14:10.643290 [debug] [Thread-2 (]: Writing injected SQL for node "model.snowflake_spotify_project.bronze_hosts"
[0m22:14:10.643747 [debug] [Thread-2 (]: Began executing node model.snowflake_spotify_project.bronze_hosts
[0m22:14:10.645432 [debug] [Thread-2 (]: Using snowflake connection "model.snowflake_spotify_project.bronze_hosts"
[0m22:14:10.645601 [debug] [Thread-2 (]: On model.snowflake_spotify_project.bronze_hosts: create or replace  temporary view SPOTIFY_DB.bronze.bronze_hosts__dbt_tmp
  
  
  
  
  as (
    

select * from SPOTIFY_DB.source.hosts


    where created_at >= (select coalesce(max(created_at), '1900-01-01') from SPOTIFY_DB.bronze.bronze_hosts)

  )
/* {"app": "dbt", "dbt_version": "1.11.2", "profile_name": "snowflake_spotify_project", "target_name": "dev", "node_id": "model.snowflake_spotify_project.bronze_hosts"} */;
[0m22:14:11.282689 [debug] [Thread-2 (]: SQL status: SUCCESS 1 in 0.637 seconds
[0m22:14:11.288488 [debug] [Thread-2 (]: Using snowflake connection "model.snowflake_spotify_project.bronze_hosts"
[0m22:14:11.288967 [debug] [Thread-2 (]: On model.snowflake_spotify_project.bronze_hosts: describe table SPOTIFY_DB.bronze.bronze_hosts__dbt_tmp
/* {"app": "dbt", "dbt_version": "1.11.2", "profile_name": "snowflake_spotify_project", "target_name": "dev", "node_id": "model.snowflake_spotify_project.bronze_hosts"} */
[0m22:14:11.419671 [debug] [Thread-2 (]: SQL status: SUCCESS 6 in 0.130 seconds
[0m22:14:11.425996 [debug] [Thread-2 (]: Using snowflake connection "model.snowflake_spotify_project.bronze_hosts"
[0m22:14:11.426448 [debug] [Thread-2 (]: On model.snowflake_spotify_project.bronze_hosts: describe table SPOTIFY_DB.bronze.bronze_hosts
/* {"app": "dbt", "dbt_version": "1.11.2", "profile_name": "snowflake_spotify_project", "target_name": "dev", "node_id": "model.snowflake_spotify_project.bronze_hosts"} */
[0m22:14:11.895076 [debug] [Thread-2 (]: SQL status: SUCCESS 6 in 0.468 seconds
[0m22:14:11.902930 [debug] [Thread-2 (]: Using snowflake connection "model.snowflake_spotify_project.bronze_hosts"
[0m22:14:11.903401 [debug] [Thread-2 (]: On model.snowflake_spotify_project.bronze_hosts: describe table "SPOTIFY_DB"."BRONZE"."BRONZE_HOSTS"
/* {"app": "dbt", "dbt_version": "1.11.2", "profile_name": "snowflake_spotify_project", "target_name": "dev", "node_id": "model.snowflake_spotify_project.bronze_hosts"} */
[0m22:14:12.010177 [debug] [Thread-2 (]: SQL status: SUCCESS 6 in 0.106 seconds
[0m22:14:12.014226 [debug] [Thread-2 (]: Writing runtime sql for node "model.snowflake_spotify_project.bronze_hosts"
[0m22:14:12.015535 [debug] [Thread-2 (]: Using snowflake connection "model.snowflake_spotify_project.bronze_hosts"
[0m22:14:12.015868 [debug] [Thread-2 (]: On model.snowflake_spotify_project.bronze_hosts: -- back compat for old kwarg name
  
  begin
/* {"app": "dbt", "dbt_version": "1.11.2", "profile_name": "snowflake_spotify_project", "target_name": "dev", "node_id": "model.snowflake_spotify_project.bronze_hosts"} */;
[0m22:14:12.161021 [debug] [Thread-2 (]: SQL status: SUCCESS 1 in 0.145 seconds
[0m22:14:12.162268 [debug] [Thread-2 (]: Using snowflake connection "model.snowflake_spotify_project.bronze_hosts"
[0m22:14:12.163055 [debug] [Thread-2 (]: On model.snowflake_spotify_project.bronze_hosts: insert into SPOTIFY_DB.bronze.bronze_hosts ("HOST_ID", "HOST_NAME", "HOST_SINCE", "IS_SUPERHOST", "RESPONSE_RATE", "CREATED_AT")
        (
            select "HOST_ID", "HOST_NAME", "HOST_SINCE", "IS_SUPERHOST", "RESPONSE_RATE", "CREATED_AT"
            from SPOTIFY_DB.bronze.bronze_hosts__dbt_tmp
        )
/* {"app": "dbt", "dbt_version": "1.11.2", "profile_name": "snowflake_spotify_project", "target_name": "dev", "node_id": "model.snowflake_spotify_project.bronze_hosts"} */;
[0m22:14:13.022211 [debug] [Thread-2 (]: SQL status: SUCCESS 200 in 0.858 seconds
[0m22:14:13.023558 [debug] [Thread-2 (]: Using snowflake connection "model.snowflake_spotify_project.bronze_hosts"
[0m22:14:13.024385 [debug] [Thread-2 (]: On model.snowflake_spotify_project.bronze_hosts: COMMIT
/* {"app": "dbt", "dbt_version": "1.11.2", "profile_name": "snowflake_spotify_project", "target_name": "dev", "node_id": "model.snowflake_spotify_project.bronze_hosts"} */
[0m22:14:13.307919 [debug] [Thread-2 (]: SQL status: SUCCESS 1 in 0.283 seconds
[0m22:14:13.311741 [debug] [Thread-2 (]: Applying DROP to: SPOTIFY_DB.bronze.bronze_hosts__dbt_tmp
[0m22:14:13.312596 [debug] [Thread-2 (]: Using snowflake connection "model.snowflake_spotify_project.bronze_hosts"
[0m22:14:13.312878 [debug] [Thread-2 (]: On model.snowflake_spotify_project.bronze_hosts: drop view if exists SPOTIFY_DB.bronze.bronze_hosts__dbt_tmp cascade
/* {"app": "dbt", "dbt_version": "1.11.2", "profile_name": "snowflake_spotify_project", "target_name": "dev", "node_id": "model.snowflake_spotify_project.bronze_hosts"} */
[0m22:14:13.475301 [debug] [Thread-2 (]: SQL status: SUCCESS 1 in 0.162 seconds
[0m22:14:13.479615 [debug] [Thread-2 (]: Sending event: {'category': 'dbt', 'action': 'run_model', 'label': '00ecbbfa-c8d9-4035-92b1-f428f881db08', 'context': [<snowplow_tracker.self_describing_json.SelfDescribingJson object at 0x107e8dd50>]}
[0m22:14:13.480348 [info ] [Thread-2 (]: 2 of 9 OK created sql incremental model bronze.bronze_hosts .................... [[32mSUCCESS 200[0m in 2.84s]
[0m22:14:13.480839 [debug] [Thread-2 (]: Finished running node model.snowflake_spotify_project.bronze_hosts
[0m22:14:13.481160 [debug] [Thread-2 (]: Began running node model.snowflake_spotify_project.bronze_listings
[0m22:14:13.481596 [info ] [Thread-2 (]: 3 of 9 START sql incremental model bronze.bronze_listings ...................... [RUN]
[0m22:14:13.482115 [debug] [Thread-2 (]: Re-using an available connection from the pool (formerly model.snowflake_spotify_project.bronze_hosts, now model.snowflake_spotify_project.bronze_listings)
[0m22:14:13.482364 [debug] [Thread-2 (]: Began compiling node model.snowflake_spotify_project.bronze_listings
[0m22:14:13.485490 [debug] [Thread-2 (]: Writing injected SQL for node "model.snowflake_spotify_project.bronze_listings"
[0m22:14:13.486118 [debug] [Thread-2 (]: Began executing node model.snowflake_spotify_project.bronze_listings
[0m22:14:13.489031 [debug] [Thread-2 (]: Using snowflake connection "model.snowflake_spotify_project.bronze_listings"
[0m22:14:13.489375 [debug] [Thread-2 (]: On model.snowflake_spotify_project.bronze_listings: create or replace  temporary view SPOTIFY_DB.bronze.bronze_listings__dbt_tmp
  
  
  
  
  as (
    


select * from SPOTIFY_DB.source.listings


    where created_at >= (select coalesce(max(created_at), '1900-01-01') from SPOTIFY_DB.bronze.bronze_listings)

  )
/* {"app": "dbt", "dbt_version": "1.11.2", "profile_name": "snowflake_spotify_project", "target_name": "dev", "node_id": "model.snowflake_spotify_project.bronze_listings"} */;
[0m22:14:13.740722 [debug] [Thread-2 (]: SQL status: SUCCESS 1 in 0.251 seconds
[0m22:14:13.746448 [debug] [Thread-2 (]: Using snowflake connection "model.snowflake_spotify_project.bronze_listings"
[0m22:14:13.746863 [debug] [Thread-2 (]: On model.snowflake_spotify_project.bronze_listings: describe table SPOTIFY_DB.bronze.bronze_listings__dbt_tmp
/* {"app": "dbt", "dbt_version": "1.11.2", "profile_name": "snowflake_spotify_project", "target_name": "dev", "node_id": "model.snowflake_spotify_project.bronze_listings"} */
[0m22:14:13.883575 [debug] [Thread-2 (]: SQL status: SUCCESS 11 in 0.136 seconds
[0m22:14:13.949877 [debug] [Thread-2 (]: Using snowflake connection "model.snowflake_spotify_project.bronze_listings"
[0m22:14:13.950088 [debug] [Thread-2 (]: On model.snowflake_spotify_project.bronze_listings: describe table SPOTIFY_DB.bronze.bronze_listings
/* {"app": "dbt", "dbt_version": "1.11.2", "profile_name": "snowflake_spotify_project", "target_name": "dev", "node_id": "model.snowflake_spotify_project.bronze_listings"} */
[0m22:14:14.056603 [debug] [Thread-2 (]: SQL status: SUCCESS 11 in 0.106 seconds
[0m22:14:14.059866 [debug] [Thread-2 (]: Using snowflake connection "model.snowflake_spotify_project.bronze_listings"
[0m22:14:14.060131 [debug] [Thread-2 (]: On model.snowflake_spotify_project.bronze_listings: describe table "SPOTIFY_DB"."BRONZE"."BRONZE_LISTINGS"
/* {"app": "dbt", "dbt_version": "1.11.2", "profile_name": "snowflake_spotify_project", "target_name": "dev", "node_id": "model.snowflake_spotify_project.bronze_listings"} */
[0m22:14:14.174165 [debug] [Thread-2 (]: SQL status: SUCCESS 11 in 0.114 seconds
[0m22:14:14.178914 [debug] [Thread-2 (]: Writing runtime sql for node "model.snowflake_spotify_project.bronze_listings"
[0m22:14:14.180124 [debug] [Thread-2 (]: Using snowflake connection "model.snowflake_spotify_project.bronze_listings"
[0m22:14:14.180432 [debug] [Thread-2 (]: On model.snowflake_spotify_project.bronze_listings: -- back compat for old kwarg name
  
  begin
/* {"app": "dbt", "dbt_version": "1.11.2", "profile_name": "snowflake_spotify_project", "target_name": "dev", "node_id": "model.snowflake_spotify_project.bronze_listings"} */;
[0m22:14:14.318224 [debug] [Thread-2 (]: SQL status: SUCCESS 1 in 0.137 seconds
[0m22:14:14.319559 [debug] [Thread-2 (]: Using snowflake connection "model.snowflake_spotify_project.bronze_listings"
[0m22:14:14.320410 [debug] [Thread-2 (]: On model.snowflake_spotify_project.bronze_listings: insert into SPOTIFY_DB.bronze.bronze_listings ("LISTING_ID", "HOST_ID", "PROPERTY_TYPE", "ROOM_TYPE", "CITY", "COUNTRY", "ACCOMMODATES", "BEDROOMS", "BATHROOMS", "PRICE_PER_NIGHT", "CREATED_AT")
        (
            select "LISTING_ID", "HOST_ID", "PROPERTY_TYPE", "ROOM_TYPE", "CITY", "COUNTRY", "ACCOMMODATES", "BEDROOMS", "BATHROOMS", "PRICE_PER_NIGHT", "CREATED_AT"
            from SPOTIFY_DB.bronze.bronze_listings__dbt_tmp
        )
/* {"app": "dbt", "dbt_version": "1.11.2", "profile_name": "snowflake_spotify_project", "target_name": "dev", "node_id": "model.snowflake_spotify_project.bronze_listings"} */;
[0m22:14:14.972474 [debug] [Thread-2 (]: SQL status: SUCCESS 500 in 0.651 seconds
[0m22:14:14.973994 [debug] [Thread-2 (]: Using snowflake connection "model.snowflake_spotify_project.bronze_listings"
[0m22:14:14.974870 [debug] [Thread-2 (]: On model.snowflake_spotify_project.bronze_listings: COMMIT
/* {"app": "dbt", "dbt_version": "1.11.2", "profile_name": "snowflake_spotify_project", "target_name": "dev", "node_id": "model.snowflake_spotify_project.bronze_listings"} */
[0m22:14:15.854619 [debug] [Thread-2 (]: SQL status: SUCCESS 1 in 0.879 seconds
[0m22:14:15.859087 [debug] [Thread-2 (]: Applying DROP to: SPOTIFY_DB.bronze.bronze_listings__dbt_tmp
[0m22:14:15.859843 [debug] [Thread-2 (]: Using snowflake connection "model.snowflake_spotify_project.bronze_listings"
[0m22:14:15.860152 [debug] [Thread-2 (]: On model.snowflake_spotify_project.bronze_listings: drop view if exists SPOTIFY_DB.bronze.bronze_listings__dbt_tmp cascade
/* {"app": "dbt", "dbt_version": "1.11.2", "profile_name": "snowflake_spotify_project", "target_name": "dev", "node_id": "model.snowflake_spotify_project.bronze_listings"} */
[0m22:14:16.042089 [debug] [Thread-2 (]: SQL status: SUCCESS 1 in 0.181 seconds
[0m22:14:16.045908 [debug] [Thread-2 (]: Sending event: {'category': 'dbt', 'action': 'run_model', 'label': '00ecbbfa-c8d9-4035-92b1-f428f881db08', 'context': [<snowplow_tracker.self_describing_json.SelfDescribingJson object at 0x107ff2350>]}
[0m22:14:16.046701 [info ] [Thread-2 (]: 3 of 9 OK created sql incremental model bronze.bronze_listings ................. [[32mSUCCESS 500[0m in 2.56s]
[0m22:14:16.047264 [debug] [Thread-2 (]: Finished running node model.snowflake_spotify_project.bronze_listings
[0m22:14:16.047638 [debug] [Thread-2 (]: Began running node model.snowflake_spotify_project.obt
[0m22:14:16.048258 [debug] [Thread-2 (]: Re-using an available connection from the pool (formerly model.snowflake_spotify_project.bronze_listings, now model.snowflake_spotify_project.obt)
[0m22:14:16.048579 [debug] [Thread-2 (]: Began compiling node model.snowflake_spotify_project.obt
[0m22:14:16.053575 [debug] [Thread-2 (]: Writing injected SQL for node "model.snowflake_spotify_project.obt"
[0m22:14:16.054378 [debug] [Thread-2 (]: Finished running node model.snowflake_spotify_project.obt
[0m22:14:16.054649 [debug] [Thread-2 (]: Began running node model.snowflake_spotify_project.silver_bookings
[0m22:14:16.055069 [info ] [Thread-2 (]: 4 of 9 START sql incremental model silver.silver_bookings ...................... [RUN]
[0m22:14:16.055505 [debug] [Thread-2 (]: Re-using an available connection from the pool (formerly model.snowflake_spotify_project.obt, now model.snowflake_spotify_project.silver_bookings)
[0m22:14:16.055745 [debug] [Thread-2 (]: Began compiling node model.snowflake_spotify_project.silver_bookings
[0m22:14:16.058829 [debug] [Thread-2 (]: Writing injected SQL for node "model.snowflake_spotify_project.silver_bookings"
[0m22:14:16.059233 [debug] [Thread-2 (]: Began executing node model.snowflake_spotify_project.silver_bookings
[0m22:14:16.062253 [debug] [Thread-2 (]: Using snowflake connection "model.snowflake_spotify_project.silver_bookings"
[0m22:14:16.062746 [debug] [Thread-2 (]: On model.snowflake_spotify_project.silver_bookings: create or replace  temporary view SPOTIFY_DB.silver.silver_bookings__dbt_tmp
  
  
  
  
  as (
    


select 
    booking_id,
    listing_id,
    booking_date,
    
    ROUND(booking_amount * nights_booked, 2)
 as total_amount,
    service_fee,
    cleaning_fee,
    booking_status,
    created_at as booking_created_at 
from 
    SPOTIFY_DB.bronze.bronze_bookings
  )
/* {"app": "dbt", "dbt_version": "1.11.2", "profile_name": "snowflake_spotify_project", "target_name": "dev", "node_id": "model.snowflake_spotify_project.silver_bookings"} */;
[0m22:14:16.297552 [debug] [Thread-2 (]: SQL status: SUCCESS 1 in 0.234 seconds
[0m22:14:16.301180 [debug] [Thread-2 (]: Using snowflake connection "model.snowflake_spotify_project.silver_bookings"
[0m22:14:16.301470 [debug] [Thread-2 (]: On model.snowflake_spotify_project.silver_bookings: describe table SPOTIFY_DB.silver.silver_bookings__dbt_tmp
/* {"app": "dbt", "dbt_version": "1.11.2", "profile_name": "snowflake_spotify_project", "target_name": "dev", "node_id": "model.snowflake_spotify_project.silver_bookings"} */
[0m22:14:16.432129 [debug] [Thread-2 (]: SQL status: SUCCESS 8 in 0.130 seconds
[0m22:14:16.437614 [debug] [Thread-2 (]: Using snowflake connection "model.snowflake_spotify_project.silver_bookings"
[0m22:14:16.438032 [debug] [Thread-2 (]: On model.snowflake_spotify_project.silver_bookings: describe table SPOTIFY_DB.silver.silver_bookings
/* {"app": "dbt", "dbt_version": "1.11.2", "profile_name": "snowflake_spotify_project", "target_name": "dev", "node_id": "model.snowflake_spotify_project.silver_bookings"} */
[0m22:14:16.555578 [debug] [Thread-2 (]: SQL status: SUCCESS 8 in 0.117 seconds
[0m22:14:16.560651 [debug] [Thread-2 (]: Using snowflake connection "model.snowflake_spotify_project.silver_bookings"
[0m22:14:16.561071 [debug] [Thread-2 (]: On model.snowflake_spotify_project.silver_bookings: describe table "SPOTIFY_DB"."SILVER"."SILVER_BOOKINGS"
/* {"app": "dbt", "dbt_version": "1.11.2", "profile_name": "snowflake_spotify_project", "target_name": "dev", "node_id": "model.snowflake_spotify_project.silver_bookings"} */
[0m22:14:16.674802 [debug] [Thread-2 (]: SQL status: SUCCESS 8 in 0.113 seconds
[0m22:14:16.694412 [debug] [Thread-2 (]: Writing runtime sql for node "model.snowflake_spotify_project.silver_bookings"
[0m22:14:16.695813 [debug] [Thread-2 (]: Using snowflake connection "model.snowflake_spotify_project.silver_bookings"
[0m22:14:16.696102 [debug] [Thread-2 (]: On model.snowflake_spotify_project.silver_bookings: -- back compat for old kwarg name
  
  begin
/* {"app": "dbt", "dbt_version": "1.11.2", "profile_name": "snowflake_spotify_project", "target_name": "dev", "node_id": "model.snowflake_spotify_project.silver_bookings"} */;
[0m22:14:16.827745 [debug] [Thread-2 (]: SQL status: SUCCESS 1 in 0.131 seconds
[0m22:14:16.828523 [debug] [Thread-2 (]: Using snowflake connection "model.snowflake_spotify_project.silver_bookings"
[0m22:14:16.829130 [debug] [Thread-2 (]: On model.snowflake_spotify_project.silver_bookings: merge into SPOTIFY_DB.silver.silver_bookings as DBT_INTERNAL_DEST
        using SPOTIFY_DB.silver.silver_bookings__dbt_tmp as DBT_INTERNAL_SOURCE
        on ((DBT_INTERNAL_SOURCE.booking_id = DBT_INTERNAL_DEST.booking_id))

    
    when matched then update set
        "BOOKING_ID" = DBT_INTERNAL_SOURCE."BOOKING_ID","LISTING_ID" = DBT_INTERNAL_SOURCE."LISTING_ID","BOOKING_DATE" = DBT_INTERNAL_SOURCE."BOOKING_DATE","TOTAL_AMOUNT" = DBT_INTERNAL_SOURCE."TOTAL_AMOUNT","SERVICE_FEE" = DBT_INTERNAL_SOURCE."SERVICE_FEE","CLEANING_FEE" = DBT_INTERNAL_SOURCE."CLEANING_FEE","BOOKING_STATUS" = DBT_INTERNAL_SOURCE."BOOKING_STATUS","BOOKING_CREATED_AT" = DBT_INTERNAL_SOURCE."BOOKING_CREATED_AT"
    

    when not matched then insert
        ("BOOKING_ID", "LISTING_ID", "BOOKING_DATE", "TOTAL_AMOUNT", "SERVICE_FEE", "CLEANING_FEE", "BOOKING_STATUS", "BOOKING_CREATED_AT")
    values
        ("BOOKING_ID", "LISTING_ID", "BOOKING_DATE", "TOTAL_AMOUNT", "SERVICE_FEE", "CLEANING_FEE", "BOOKING_STATUS", "BOOKING_CREATED_AT")


/* {"app": "dbt", "dbt_version": "1.11.2", "profile_name": "snowflake_spotify_project", "target_name": "dev", "node_id": "model.snowflake_spotify_project.silver_bookings"} */;
[0m22:14:17.630396 [debug] [Thread-2 (]: Snowflake adapter: Snowflake query id: 01c1fbd6-3203-abb2-0000-0007183a4bad
[0m22:14:17.630932 [debug] [Thread-2 (]: Snowflake adapter: Snowflake error: 100090 (42P18): Duplicate row detected during DML action
Row Values: [redacted]
[0m22:14:17.634410 [debug] [Thread-2 (]: Database Error in model silver_bookings (models/silver/silver_bookings.sql)
  100090 (42P18): Duplicate row detected during DML action
  Row Values: [redacted]
  compiled code at target/run/snowflake_spotify_project/models/silver/silver_bookings.sql
[0m22:14:17.635021 [debug] [Thread-2 (]: Sending event: {'category': 'dbt', 'action': 'run_model', 'label': '00ecbbfa-c8d9-4035-92b1-f428f881db08', 'context': [<snowplow_tracker.self_describing_json.SelfDescribingJson object at 0x10589b710>]}
[0m22:14:17.635700 [error] [Thread-2 (]: 4 of 9 ERROR creating sql incremental model silver.silver_bookings ............. [[31mERROR[0m in 1.58s]
[0m22:14:17.636198 [debug] [Thread-2 (]: Finished running node model.snowflake_spotify_project.silver_bookings
[0m22:14:17.636513 [debug] [Thread-2 (]: Began running node model.snowflake_spotify_project.silver_hosts
[0m22:14:17.636868 [debug] [Thread-5 (]: Marking all children of 'model.snowflake_spotify_project.silver_bookings' to be skipped because of status 'error'.  Reason: Database Error in model silver_bookings (models/silver/silver_bookings.sql)
  100090 (42P18): Duplicate row detected during DML action
  Row Values: [redacted]
  compiled code at target/run/snowflake_spotify_project/models/silver/silver_bookings.sql.
[0m22:14:17.637249 [info ] [Thread-2 (]: 5 of 9 START sql incremental model silver.silver_hosts ......................... [RUN]
[0m22:14:17.638007 [debug] [Thread-2 (]: Re-using an available connection from the pool (formerly model.snowflake_spotify_project.silver_bookings, now model.snowflake_spotify_project.silver_hosts)
[0m22:14:17.638513 [debug] [Thread-2 (]: Began compiling node model.snowflake_spotify_project.silver_hosts
[0m22:14:17.643535 [debug] [Thread-2 (]: Writing injected SQL for node "model.snowflake_spotify_project.silver_hosts"
[0m22:14:17.644192 [debug] [Thread-2 (]: Began executing node model.snowflake_spotify_project.silver_hosts
[0m22:14:17.647846 [debug] [Thread-2 (]: Using snowflake connection "model.snowflake_spotify_project.silver_hosts"
[0m22:14:17.648475 [debug] [Thread-2 (]: On model.snowflake_spotify_project.silver_hosts: create or replace  temporary view SPOTIFY_DB.silver.silver_hosts__dbt_tmp
  
  
  
  
  as (
    


select 
    host_id,
    
    UPPER(host_name)
   as host_name,
    host_since,
    is_superhost,
    response_rate,
    
    case 
        when response_rate > 95 then 'Very Good'
        when response_rate > 80 then 'Good'
        when response_rate > 60 then 'Average'
        else 'Poor'
    end
 as response_rate_category,
    created_at as host_created_at
from
    SPOTIFY_DB.bronze.bronze_hosts
  )
/* {"app": "dbt", "dbt_version": "1.11.2", "profile_name": "snowflake_spotify_project", "target_name": "dev", "node_id": "model.snowflake_spotify_project.silver_hosts"} */;
[0m22:14:18.038139 [debug] [Thread-2 (]: SQL status: SUCCESS 1 in 0.389 seconds
[0m22:14:18.042743 [debug] [Thread-2 (]: Using snowflake connection "model.snowflake_spotify_project.silver_hosts"
[0m22:14:18.043190 [debug] [Thread-2 (]: On model.snowflake_spotify_project.silver_hosts: describe table SPOTIFY_DB.silver.silver_hosts__dbt_tmp
/* {"app": "dbt", "dbt_version": "1.11.2", "profile_name": "snowflake_spotify_project", "target_name": "dev", "node_id": "model.snowflake_spotify_project.silver_hosts"} */
[0m22:14:18.175164 [debug] [Thread-2 (]: SQL status: SUCCESS 7 in 0.132 seconds
[0m22:14:18.177156 [debug] [Thread-2 (]: Using snowflake connection "model.snowflake_spotify_project.silver_hosts"
[0m22:14:18.177339 [debug] [Thread-2 (]: On model.snowflake_spotify_project.silver_hosts: describe table SPOTIFY_DB.silver.silver_hosts
/* {"app": "dbt", "dbt_version": "1.11.2", "profile_name": "snowflake_spotify_project", "target_name": "dev", "node_id": "model.snowflake_spotify_project.silver_hosts"} */
[0m22:14:18.304895 [debug] [Thread-2 (]: SQL status: SUCCESS 7 in 0.127 seconds
[0m22:14:18.309107 [debug] [Thread-2 (]: Using snowflake connection "model.snowflake_spotify_project.silver_hosts"
[0m22:14:18.309519 [debug] [Thread-2 (]: On model.snowflake_spotify_project.silver_hosts: describe table "SPOTIFY_DB"."SILVER"."SILVER_HOSTS"
/* {"app": "dbt", "dbt_version": "1.11.2", "profile_name": "snowflake_spotify_project", "target_name": "dev", "node_id": "model.snowflake_spotify_project.silver_hosts"} */
[0m22:14:18.419274 [debug] [Thread-2 (]: SQL status: SUCCESS 7 in 0.109 seconds
[0m22:14:18.424480 [debug] [Thread-2 (]: Writing runtime sql for node "model.snowflake_spotify_project.silver_hosts"
[0m22:14:18.426225 [debug] [Thread-2 (]: Using snowflake connection "model.snowflake_spotify_project.silver_hosts"
[0m22:14:18.426566 [debug] [Thread-2 (]: On model.snowflake_spotify_project.silver_hosts: -- back compat for old kwarg name
  
  begin
/* {"app": "dbt", "dbt_version": "1.11.2", "profile_name": "snowflake_spotify_project", "target_name": "dev", "node_id": "model.snowflake_spotify_project.silver_hosts"} */;
[0m22:14:18.568995 [debug] [Thread-2 (]: SQL status: SUCCESS 1 in 0.142 seconds
[0m22:14:18.570256 [debug] [Thread-2 (]: Using snowflake connection "model.snowflake_spotify_project.silver_hosts"
[0m22:14:18.571097 [debug] [Thread-2 (]: On model.snowflake_spotify_project.silver_hosts: merge into SPOTIFY_DB.silver.silver_hosts as DBT_INTERNAL_DEST
        using SPOTIFY_DB.silver.silver_hosts__dbt_tmp as DBT_INTERNAL_SOURCE
        on ((DBT_INTERNAL_SOURCE.host_id = DBT_INTERNAL_DEST.host_id))

    
    when matched then update set
        "HOST_ID" = DBT_INTERNAL_SOURCE."HOST_ID","HOST_NAME" = DBT_INTERNAL_SOURCE."HOST_NAME","HOST_SINCE" = DBT_INTERNAL_SOURCE."HOST_SINCE","IS_SUPERHOST" = DBT_INTERNAL_SOURCE."IS_SUPERHOST","RESPONSE_RATE" = DBT_INTERNAL_SOURCE."RESPONSE_RATE","RESPONSE_RATE_CATEGORY" = DBT_INTERNAL_SOURCE."RESPONSE_RATE_CATEGORY","HOST_CREATED_AT" = DBT_INTERNAL_SOURCE."HOST_CREATED_AT"
    

    when not matched then insert
        ("HOST_ID", "HOST_NAME", "HOST_SINCE", "IS_SUPERHOST", "RESPONSE_RATE", "RESPONSE_RATE_CATEGORY", "HOST_CREATED_AT")
    values
        ("HOST_ID", "HOST_NAME", "HOST_SINCE", "IS_SUPERHOST", "RESPONSE_RATE", "RESPONSE_RATE_CATEGORY", "HOST_CREATED_AT")


/* {"app": "dbt", "dbt_version": "1.11.2", "profile_name": "snowflake_spotify_project", "target_name": "dev", "node_id": "model.snowflake_spotify_project.silver_hosts"} */;
[0m22:14:19.063734 [debug] [Thread-2 (]: Snowflake adapter: Snowflake query id: 01c1fbd6-3203-ac7d-0000-0007183a7151
[0m22:14:19.064812 [debug] [Thread-2 (]: Snowflake adapter: Snowflake error: 100090 (42P18): Duplicate row detected during DML action
Row Values: [redacted]
[0m22:14:19.069027 [debug] [Thread-2 (]: Database Error in model silver_hosts (models/silver/silver_hosts.sql)
  100090 (42P18): Duplicate row detected during DML action
  Row Values: [redacted]
  compiled code at target/run/snowflake_spotify_project/models/silver/silver_hosts.sql
[0m22:14:19.069734 [debug] [Thread-2 (]: Sending event: {'category': 'dbt', 'action': 'run_model', 'label': '00ecbbfa-c8d9-4035-92b1-f428f881db08', 'context': [<snowplow_tracker.self_describing_json.SelfDescribingJson object at 0x1067cd7d0>]}
[0m22:14:19.070386 [error] [Thread-2 (]: 5 of 9 ERROR creating sql incremental model silver.silver_hosts ................ [[31mERROR[0m in 1.43s]
[0m22:14:19.070830 [debug] [Thread-2 (]: Finished running node model.snowflake_spotify_project.silver_hosts
[0m22:14:19.071152 [debug] [Thread-2 (]: Began running node model.snowflake_spotify_project.silver_listings
[0m22:14:19.071533 [debug] [Thread-5 (]: Marking all children of 'model.snowflake_spotify_project.silver_hosts' to be skipped because of status 'error'.  Reason: Database Error in model silver_hosts (models/silver/silver_hosts.sql)
  100090 (42P18): Duplicate row detected during DML action
  Row Values: [redacted]
  compiled code at target/run/snowflake_spotify_project/models/silver/silver_hosts.sql.
[0m22:14:19.071913 [info ] [Thread-2 (]: 6 of 9 START sql incremental model silver.silver_listings ...................... [RUN]
[0m22:14:19.072443 [debug] [Thread-2 (]: Re-using an available connection from the pool (formerly model.snowflake_spotify_project.silver_hosts, now model.snowflake_spotify_project.silver_listings)
[0m22:14:19.072729 [debug] [Thread-2 (]: Began compiling node model.snowflake_spotify_project.silver_listings
[0m22:14:19.077964 [debug] [Thread-2 (]: Writing injected SQL for node "model.snowflake_spotify_project.silver_listings"
[0m22:14:19.078749 [debug] [Thread-2 (]: Began executing node model.snowflake_spotify_project.silver_listings
[0m22:14:19.082499 [debug] [Thread-2 (]: Using snowflake connection "model.snowflake_spotify_project.silver_listings"
[0m22:14:19.082836 [debug] [Thread-2 (]: On model.snowflake_spotify_project.silver_listings: create or replace  temporary view SPOTIFY_DB.silver.silver_listings__dbt_tmp
  
  
  
  
  as (
    


select 
    listing_id,
    host_id,
    
    UPPER(property_type)
   as property_type,
    
    UPPER(room_type)
   as room_type,
    
    UPPER(city)
   as city,
    
    UPPER(country)
   as country,
    accommodates,
    bathrooms,
    bedrooms,
    price_per_night,
    
    case 
        when price_per_night < 100 then 'low'
        when price_per_night < 200 then 'medium'
        else 'high'
    end
 as price_per_night_tag,
    created_at as listing_created_at
from 
    SPOTIFY_DB.bronze.bronze_listings
  )
/* {"app": "dbt", "dbt_version": "1.11.2", "profile_name": "snowflake_spotify_project", "target_name": "dev", "node_id": "model.snowflake_spotify_project.silver_listings"} */;
[0m22:14:19.471485 [debug] [Thread-2 (]: SQL status: SUCCESS 1 in 0.388 seconds
[0m22:14:19.479352 [debug] [Thread-2 (]: Using snowflake connection "model.snowflake_spotify_project.silver_listings"
[0m22:14:19.479916 [debug] [Thread-2 (]: On model.snowflake_spotify_project.silver_listings: describe table SPOTIFY_DB.silver.silver_listings__dbt_tmp
/* {"app": "dbt", "dbt_version": "1.11.2", "profile_name": "snowflake_spotify_project", "target_name": "dev", "node_id": "model.snowflake_spotify_project.silver_listings"} */
[0m22:14:19.614394 [debug] [Thread-2 (]: SQL status: SUCCESS 12 in 0.134 seconds
[0m22:14:19.618929 [debug] [Thread-2 (]: Using snowflake connection "model.snowflake_spotify_project.silver_listings"
[0m22:14:19.619355 [debug] [Thread-2 (]: On model.snowflake_spotify_project.silver_listings: describe table SPOTIFY_DB.silver.silver_listings
/* {"app": "dbt", "dbt_version": "1.11.2", "profile_name": "snowflake_spotify_project", "target_name": "dev", "node_id": "model.snowflake_spotify_project.silver_listings"} */
[0m22:14:19.878031 [debug] [Thread-2 (]: SQL status: SUCCESS 12 in 0.258 seconds
[0m22:14:19.882553 [debug] [Thread-2 (]: Using snowflake connection "model.snowflake_spotify_project.silver_listings"
[0m22:14:19.883062 [debug] [Thread-2 (]: On model.snowflake_spotify_project.silver_listings: describe table "SPOTIFY_DB"."SILVER"."SILVER_LISTINGS"
/* {"app": "dbt", "dbt_version": "1.11.2", "profile_name": "snowflake_spotify_project", "target_name": "dev", "node_id": "model.snowflake_spotify_project.silver_listings"} */
[0m22:14:19.989124 [debug] [Thread-2 (]: SQL status: SUCCESS 12 in 0.106 seconds
[0m22:14:19.994094 [debug] [Thread-2 (]: Writing runtime sql for node "model.snowflake_spotify_project.silver_listings"
[0m22:14:19.995851 [debug] [Thread-2 (]: Using snowflake connection "model.snowflake_spotify_project.silver_listings"
[0m22:14:19.996189 [debug] [Thread-2 (]: On model.snowflake_spotify_project.silver_listings: -- back compat for old kwarg name
  
  begin
/* {"app": "dbt", "dbt_version": "1.11.2", "profile_name": "snowflake_spotify_project", "target_name": "dev", "node_id": "model.snowflake_spotify_project.silver_listings"} */;
[0m22:14:20.151991 [debug] [Thread-2 (]: SQL status: SUCCESS 1 in 0.155 seconds
[0m22:14:20.152866 [debug] [Thread-2 (]: Using snowflake connection "model.snowflake_spotify_project.silver_listings"
[0m22:14:20.153368 [debug] [Thread-2 (]: On model.snowflake_spotify_project.silver_listings: merge into SPOTIFY_DB.silver.silver_listings as DBT_INTERNAL_DEST
        using SPOTIFY_DB.silver.silver_listings__dbt_tmp as DBT_INTERNAL_SOURCE
        on ((DBT_INTERNAL_SOURCE.listing_id = DBT_INTERNAL_DEST.listing_id))

    
    when matched then update set
        "LISTING_ID" = DBT_INTERNAL_SOURCE."LISTING_ID","HOST_ID" = DBT_INTERNAL_SOURCE."HOST_ID","PROPERTY_TYPE" = DBT_INTERNAL_SOURCE."PROPERTY_TYPE","ROOM_TYPE" = DBT_INTERNAL_SOURCE."ROOM_TYPE","CITY" = DBT_INTERNAL_SOURCE."CITY","COUNTRY" = DBT_INTERNAL_SOURCE."COUNTRY","ACCOMMODATES" = DBT_INTERNAL_SOURCE."ACCOMMODATES","BATHROOMS" = DBT_INTERNAL_SOURCE."BATHROOMS","BEDROOMS" = DBT_INTERNAL_SOURCE."BEDROOMS","PRICE_PER_NIGHT" = DBT_INTERNAL_SOURCE."PRICE_PER_NIGHT","PRICE_PER_NIGHT_TAG" = DBT_INTERNAL_SOURCE."PRICE_PER_NIGHT_TAG","LISTING_CREATED_AT" = DBT_INTERNAL_SOURCE."LISTING_CREATED_AT"
    

    when not matched then insert
        ("LISTING_ID", "HOST_ID", "PROPERTY_TYPE", "ROOM_TYPE", "CITY", "COUNTRY", "ACCOMMODATES", "BATHROOMS", "BEDROOMS", "PRICE_PER_NIGHT", "PRICE_PER_NIGHT_TAG", "LISTING_CREATED_AT")
    values
        ("LISTING_ID", "HOST_ID", "PROPERTY_TYPE", "ROOM_TYPE", "CITY", "COUNTRY", "ACCOMMODATES", "BATHROOMS", "BEDROOMS", "PRICE_PER_NIGHT", "PRICE_PER_NIGHT_TAG", "LISTING_CREATED_AT")


/* {"app": "dbt", "dbt_version": "1.11.2", "profile_name": "snowflake_spotify_project", "target_name": "dev", "node_id": "model.snowflake_spotify_project.silver_listings"} */;
[0m22:14:20.700397 [debug] [Thread-2 (]: Snowflake adapter: Snowflake query id: 01c1fbd6-3203-ac7d-0000-0007183a715d
[0m22:14:20.701441 [debug] [Thread-2 (]: Snowflake adapter: Snowflake error: 100090 (42P18): Duplicate row detected during DML action
Row Values: [redacted]
[0m22:14:20.705881 [debug] [Thread-2 (]: Database Error in model silver_listings (models/silver/silver_listings.sql)
  100090 (42P18): Duplicate row detected during DML action
  Row Values: [redacted]
  compiled code at target/run/snowflake_spotify_project/models/silver/silver_listings.sql
[0m22:14:20.706856 [debug] [Thread-2 (]: Sending event: {'category': 'dbt', 'action': 'run_model', 'label': '00ecbbfa-c8d9-4035-92b1-f428f881db08', 'context': [<snowplow_tracker.self_describing_json.SelfDescribingJson object at 0x1078fd110>]}
[0m22:14:20.708721 [error] [Thread-2 (]: 6 of 9 ERROR creating sql incremental model silver.silver_listings ............. [[31mERROR[0m in 1.63s]
[0m22:14:20.709792 [debug] [Thread-2 (]: Finished running node model.snowflake_spotify_project.silver_listings
[0m22:14:20.710263 [debug] [Thread-2 (]: Began running node model.snowflake_spotify_project.bookings
[0m22:14:20.710915 [debug] [Thread-5 (]: Marking all children of 'model.snowflake_spotify_project.silver_listings' to be skipped because of status 'error'.  Reason: Database Error in model silver_listings (models/silver/silver_listings.sql)
  100090 (42P18): Duplicate row detected during DML action
  Row Values: [redacted]
  compiled code at target/run/snowflake_spotify_project/models/silver/silver_listings.sql.
[0m22:14:20.711840 [debug] [Thread-2 (]: Re-using an available connection from the pool (formerly model.snowflake_spotify_project.silver_listings, now model.snowflake_spotify_project.bookings)
[0m22:14:20.712433 [debug] [Thread-2 (]: Began compiling node model.snowflake_spotify_project.bookings
[0m22:14:20.717690 [debug] [Thread-2 (]: Writing injected SQL for node "model.snowflake_spotify_project.bookings"
[0m22:14:20.718623 [debug] [Thread-2 (]: Finished running node model.snowflake_spotify_project.bookings
[0m22:14:20.718924 [debug] [Thread-2 (]: Began running node model.snowflake_spotify_project.hosts
[0m22:14:20.719388 [debug] [Thread-2 (]: Re-using an available connection from the pool (formerly model.snowflake_spotify_project.bookings, now model.snowflake_spotify_project.hosts)
[0m22:14:20.719793 [debug] [Thread-2 (]: Began compiling node model.snowflake_spotify_project.hosts
[0m22:14:20.724527 [debug] [Thread-2 (]: Writing injected SQL for node "model.snowflake_spotify_project.hosts"
[0m22:14:20.726048 [debug] [Thread-2 (]: Finished running node model.snowflake_spotify_project.hosts
[0m22:14:20.726584 [debug] [Thread-2 (]: Began running node model.snowflake_spotify_project.listings
[0m22:14:20.727986 [debug] [Thread-2 (]: Re-using an available connection from the pool (formerly model.snowflake_spotify_project.hosts, now model.snowflake_spotify_project.listings)
[0m22:14:20.728495 [debug] [Thread-2 (]: Began compiling node model.snowflake_spotify_project.listings
[0m22:14:20.733420 [debug] [Thread-2 (]: Writing injected SQL for node "model.snowflake_spotify_project.listings"
[0m22:14:20.734059 [debug] [Thread-2 (]: Finished running node model.snowflake_spotify_project.listings
[0m22:14:20.734317 [debug] [Thread-2 (]: Began running node snapshot.snowflake_spotify_project.dim_bookings
[0m22:14:20.734804 [info ] [Thread-2 (]: 7 of 9 START snapshot spotify_db.gold.dim_bookings ............................. [RUN]
[0m22:14:20.735326 [debug] [Thread-2 (]: Re-using an available connection from the pool (formerly model.snowflake_spotify_project.listings, now snapshot.snowflake_spotify_project.dim_bookings)
[0m22:14:20.735946 [debug] [Thread-2 (]: Began compiling node snapshot.snowflake_spotify_project.dim_bookings
[0m22:14:20.738204 [debug] [Thread-2 (]: Began executing node snapshot.snowflake_spotify_project.dim_bookings
[0m22:14:20.760522 [debug] [Thread-2 (]: Using snowflake connection "snapshot.snowflake_spotify_project.dim_bookings"
[0m22:14:20.760760 [debug] [Thread-2 (]: On snapshot.snowflake_spotify_project.dim_bookings: describe table "SPOTIFY_DB"."GOLD"."DIM_BOOKINGS"
/* {"app": "dbt", "dbt_version": "1.11.2", "profile_name": "snowflake_spotify_project", "target_name": "dev", "node_id": "snapshot.snowflake_spotify_project.dim_bookings"} */
[0m22:14:20.899026 [debug] [Thread-2 (]: SQL status: SUCCESS 7 in 0.138 seconds
[0m22:14:20.923139 [debug] [Thread-2 (]: Using snowflake connection "snapshot.snowflake_spotify_project.dim_bookings"
[0m22:14:20.923431 [debug] [Thread-2 (]: On snapshot.snowflake_spotify_project.dim_bookings: create or replace temporary table "SPOTIFY_DB"."GOLD"."DIM_BOOKINGS__dbt_tmp"
as (
    
    
    with snapshot_query as (

        with __dbt__cte__obt as (


select 
    
        silver_bookings.*,
    
        silver_listings.host_id,silver_listings.property_type,silver_listings.room_type,silver_listings.city,silver_listings.country,silver_listings.accommodates,silver_listings.bathrooms,silver_listings.bedrooms,silver_listings.price_per_night,silver_listings.price_per_night_tag,silver_listings.listing_created_at,
    
        silver_hosts.host_name,silver_hosts.host_since,silver_hosts.is_superhost,silver_hosts.response_rate,silver_hosts.response_rate_category,silver_hosts.host_created_at
    
from
   
   
        spotify_db.silver.silver_bookings as silver_bookings
   
            
   
        left join spotify_db.silver.silver_listings as silver_listings
            on silver_bookings.listing_id = silver_listings.listing_id
            
            
   
        left join spotify_db.silver.silver_hosts as silver_hosts
            on silver_listings.host_id = silver_hosts.host_id
            
            
),  __dbt__cte__bookings as (


with  bookings as (

    select
        booking_id,
        booking_status,
        booking_created_at 
    from __dbt__cte__obt
)

select * from bookings
) select * from __dbt__cte__bookings

    ),

    snapshotted_data as (

        select *, 
    
        booking_id as dbt_unique_key
    

        from "SPOTIFY_DB"."GOLD"."DIM_BOOKINGS"
        where
            
		
		

		
                ( (dbt_valid_to = to_date('9999-12-31'))
 or dbt_valid_to is null )
            

    ),

    insertions_source_data as (

        select *, 
    
        booking_id as dbt_unique_key
    
,
            booking_created_at as dbt_updated_at,
            booking_created_at as dbt_valid_from,
            
  
  coalesce(nullif(booking_created_at, booking_created_at), to_date('9999-12-31'))
  as dbt_valid_to
,
            md5(coalesce(cast(booking_id as varchar ), '')
         || '|' || coalesce(cast(booking_created_at as varchar ), '')
        ) as dbt_scd_id

        from snapshot_query
    ),

    updates_source_data as (

        select *, 
    
        booking_id as dbt_unique_key
    
,
            booking_created_at as dbt_updated_at,
            booking_created_at as dbt_valid_from,
            booking_created_at as dbt_valid_to

        from snapshot_query
    ),

    insertions as (

        select
            'insert' as dbt_change_type,
            source_data.*

        from insertions_source_data as source_data
        left outer join snapshotted_data
            on 
    
        snapshotted_data.dbt_unique_key = source_data.dbt_unique_key
    

            where 
    
        snapshotted_data.dbt_unique_key is null
    

            or (
    
        snapshotted_data.dbt_unique_key is not null
    
 and (
               (snapshotted_data.dbt_valid_from < source_data.booking_created_at)
            )

        )

    ),

    updates as (

        select
            'update' as dbt_change_type,
            source_data.*,
            snapshotted_data.dbt_scd_id

        from updates_source_data as source_data
        join snapshotted_data
            on 
    
        snapshotted_data.dbt_unique_key = source_data.dbt_unique_key
    

        where (
            (snapshotted_data.dbt_valid_from < source_data.booking_created_at)
        )
    )

    select * from insertions
    union all
    select * from updates

    )

/* {"app": "dbt", "dbt_version": "1.11.2", "profile_name": "snowflake_spotify_project", "target_name": "dev", "node_id": "snapshot.snowflake_spotify_project.dim_bookings"} */;
[0m22:14:22.645788 [debug] [Thread-2 (]: SQL status: SUCCESS 1 in 1.722 seconds
[0m22:14:22.652164 [debug] [Thread-2 (]: Using snowflake connection "snapshot.snowflake_spotify_project.dim_bookings"
[0m22:14:22.652704 [debug] [Thread-2 (]: On snapshot.snowflake_spotify_project.dim_bookings: describe table "SPOTIFY_DB"."GOLD"."DIM_BOOKINGS__dbt_tmp"
/* {"app": "dbt", "dbt_version": "1.11.2", "profile_name": "snowflake_spotify_project", "target_name": "dev", "node_id": "snapshot.snowflake_spotify_project.dim_bookings"} */
[0m22:14:22.787535 [debug] [Thread-2 (]: SQL status: SUCCESS 9 in 0.134 seconds
[0m22:14:22.793547 [debug] [Thread-2 (]: Using snowflake connection "snapshot.snowflake_spotify_project.dim_bookings"
[0m22:14:22.794109 [debug] [Thread-2 (]: On snapshot.snowflake_spotify_project.dim_bookings: describe table "SPOTIFY_DB"."GOLD"."DIM_BOOKINGS"
/* {"app": "dbt", "dbt_version": "1.11.2", "profile_name": "snowflake_spotify_project", "target_name": "dev", "node_id": "snapshot.snowflake_spotify_project.dim_bookings"} */
[0m22:14:22.953206 [debug] [Thread-2 (]: SQL status: SUCCESS 7 in 0.158 seconds
[0m22:14:22.958721 [debug] [Thread-2 (]: Using snowflake connection "snapshot.snowflake_spotify_project.dim_bookings"
[0m22:14:22.959137 [debug] [Thread-2 (]: On snapshot.snowflake_spotify_project.dim_bookings: describe table "SPOTIFY_DB"."GOLD"."DIM_BOOKINGS__dbt_tmp"
/* {"app": "dbt", "dbt_version": "1.11.2", "profile_name": "snowflake_spotify_project", "target_name": "dev", "node_id": "snapshot.snowflake_spotify_project.dim_bookings"} */
[0m22:14:23.070772 [debug] [Thread-2 (]: SQL status: SUCCESS 9 in 0.111 seconds
[0m22:14:23.075517 [debug] [Thread-2 (]: Using snowflake connection "snapshot.snowflake_spotify_project.dim_bookings"
[0m22:14:23.075976 [debug] [Thread-2 (]: On snapshot.snowflake_spotify_project.dim_bookings: describe table "SPOTIFY_DB"."GOLD"."DIM_BOOKINGS"
/* {"app": "dbt", "dbt_version": "1.11.2", "profile_name": "snowflake_spotify_project", "target_name": "dev", "node_id": "snapshot.snowflake_spotify_project.dim_bookings"} */
[0m22:14:23.233787 [debug] [Thread-2 (]: SQL status: SUCCESS 7 in 0.157 seconds
[0m22:14:23.237987 [debug] [Thread-2 (]: Using snowflake connection "snapshot.snowflake_spotify_project.dim_bookings"
[0m22:14:23.238237 [debug] [Thread-2 (]: On snapshot.snowflake_spotify_project.dim_bookings: describe table "SPOTIFY_DB"."GOLD"."DIM_BOOKINGS__dbt_tmp"
/* {"app": "dbt", "dbt_version": "1.11.2", "profile_name": "snowflake_spotify_project", "target_name": "dev", "node_id": "snapshot.snowflake_spotify_project.dim_bookings"} */
[0m22:14:23.357183 [debug] [Thread-2 (]: SQL status: SUCCESS 9 in 0.119 seconds
[0m22:14:23.376313 [debug] [Thread-2 (]: Using snowflake connection "snapshot.snowflake_spotify_project.dim_bookings"
[0m22:14:23.376760 [debug] [Thread-2 (]: On snapshot.snowflake_spotify_project.dim_bookings: select * from (
        
    
    with snapshot_query as (

        with __dbt__cte__obt as (


select 
    
        silver_bookings.*,
    
        silver_listings.host_id,silver_listings.property_type,silver_listings.room_type,silver_listings.city,silver_listings.country,silver_listings.accommodates,silver_listings.bathrooms,silver_listings.bedrooms,silver_listings.price_per_night,silver_listings.price_per_night_tag,silver_listings.listing_created_at,
    
        silver_hosts.host_name,silver_hosts.host_since,silver_hosts.is_superhost,silver_hosts.response_rate,silver_hosts.response_rate_category,silver_hosts.host_created_at
    
from
   
   
        spotify_db.silver.silver_bookings as silver_bookings
   
            
   
        left join spotify_db.silver.silver_listings as silver_listings
            on silver_bookings.listing_id = silver_listings.listing_id
            
            
   
        left join spotify_db.silver.silver_hosts as silver_hosts
            on silver_listings.host_id = silver_hosts.host_id
            
            
),  __dbt__cte__bookings as (


with  bookings as (

    select
        booking_id,
        booking_status,
        booking_created_at 
    from __dbt__cte__obt
)

select * from bookings
) select * from __dbt__cte__bookings

    ),

    snapshotted_data as (

        select *, 
    
        booking_id as dbt_unique_key
    

        from "SPOTIFY_DB"."GOLD"."DIM_BOOKINGS"
        where
            
		
		

		
                ( (dbt_valid_to = to_date('9999-12-31'))
 or dbt_valid_to is null )
            

    ),

    insertions_source_data as (

        select *, 
    
        booking_id as dbt_unique_key
    
,
            booking_created_at as dbt_updated_at,
            booking_created_at as dbt_valid_from,
            
  
  coalesce(nullif(booking_created_at, booking_created_at), to_date('9999-12-31'))
  as dbt_valid_to
,
            md5(coalesce(cast(booking_id as varchar ), '')
         || '|' || coalesce(cast(booking_created_at as varchar ), '')
        ) as dbt_scd_id

        from snapshot_query
    ),

    updates_source_data as (

        select *, 
    
        booking_id as dbt_unique_key
    
,
            booking_created_at as dbt_updated_at,
            booking_created_at as dbt_valid_from,
            booking_created_at as dbt_valid_to

        from snapshot_query
    ),

    insertions as (

        select
            'insert' as dbt_change_type,
            source_data.*

        from insertions_source_data as source_data
        left outer join snapshotted_data
            on 
    
        snapshotted_data.dbt_unique_key = source_data.dbt_unique_key
    

            where 
    
        snapshotted_data.dbt_unique_key is null
    

            or (
    
        snapshotted_data.dbt_unique_key is not null
    
 and (
               (snapshotted_data.dbt_valid_from < source_data.booking_created_at)
            )

        )

    ),

    updates as (

        select
            'update' as dbt_change_type,
            source_data.*,
            snapshotted_data.dbt_scd_id

        from updates_source_data as source_data
        join snapshotted_data
            on 
    
        snapshotted_data.dbt_unique_key = source_data.dbt_unique_key
    

        where (
            (snapshotted_data.dbt_valid_from < source_data.booking_created_at)
        )
    )

    select * from insertions
    union all
    select * from updates

    ) as __dbt_sbq
    where false
    limit 0
/* {"app": "dbt", "dbt_version": "1.11.2", "profile_name": "snowflake_spotify_project", "target_name": "dev", "node_id": "snapshot.snowflake_spotify_project.dim_bookings"} */
/* {"app": "dbt", "dbt_version": "1.11.2", "profile_name": "snowflake_spotify_project", "target_name": "dev", "node_id": "snapshot.snowflake_spotify_project.dim_bookings"} */
[0m22:14:23.772342 [debug] [Thread-2 (]: SQL status: SUCCESS 0 in 0.395 seconds
[0m22:14:23.778464 [debug] [Thread-2 (]: Using snowflake connection "snapshot.snowflake_spotify_project.dim_bookings"
[0m22:14:23.778899 [debug] [Thread-2 (]: On snapshot.snowflake_spotify_project.dim_bookings: select * from (
        select to_timestamp_ntz(convert_timezone('UTC', current_timestamp())) as dbt_snapshot_time
    ) as __dbt_sbq
    where false
    limit 0
/* {"app": "dbt", "dbt_version": "1.11.2", "profile_name": "snowflake_spotify_project", "target_name": "dev", "node_id": "snapshot.snowflake_spotify_project.dim_bookings"} */
/* {"app": "dbt", "dbt_version": "1.11.2", "profile_name": "snowflake_spotify_project", "target_name": "dev", "node_id": "snapshot.snowflake_spotify_project.dim_bookings"} */
[0m22:14:23.891412 [debug] [Thread-2 (]: SQL status: SUCCESS 0 in 0.112 seconds
[0m22:14:23.892172 [debug] [Thread-2 (]: Writing runtime sql for node "snapshot.snowflake_spotify_project.dim_bookings"
[0m22:14:23.893272 [debug] [Thread-2 (]: Using snowflake connection "snapshot.snowflake_spotify_project.dim_bookings"
[0m22:14:23.893521 [debug] [Thread-2 (]: On snapshot.snowflake_spotify_project.dim_bookings: BEGIN
/* {"app": "dbt", "dbt_version": "1.11.2", "profile_name": "snowflake_spotify_project", "target_name": "dev", "node_id": "snapshot.snowflake_spotify_project.dim_bookings"} */
[0m22:14:24.070296 [debug] [Thread-2 (]: SQL status: SUCCESS 1 in 0.176 seconds
[0m22:14:24.071421 [debug] [Thread-2 (]: Using snowflake connection "snapshot.snowflake_spotify_project.dim_bookings"
[0m22:14:24.072198 [debug] [Thread-2 (]: On snapshot.snowflake_spotify_project.dim_bookings: merge into "SPOTIFY_DB"."GOLD"."DIM_BOOKINGS" as DBT_INTERNAL_DEST
    using "SPOTIFY_DB"."GOLD"."DIM_BOOKINGS__dbt_tmp" as DBT_INTERNAL_SOURCE
    on DBT_INTERNAL_SOURCE.dbt_scd_id = DBT_INTERNAL_DEST.dbt_scd_id

    when matched
     
	
	
	and ((DBT_INTERNAL_DEST.dbt_valid_to = to_date('9999-12-31'))
 or DBT_INTERNAL_DEST.dbt_valid_to is null)

     
     and DBT_INTERNAL_SOURCE.dbt_change_type in ('update', 'delete')
        then update
        set dbt_valid_to = DBT_INTERNAL_SOURCE.dbt_valid_to

    when not matched
     and DBT_INTERNAL_SOURCE.dbt_change_type = 'insert'
        then insert ("BOOKING_ID", "BOOKING_STATUS", "BOOKING_CREATED_AT", "DBT_UPDATED_AT", "DBT_VALID_FROM", "DBT_VALID_TO", "DBT_SCD_ID")
        values ("BOOKING_ID", "BOOKING_STATUS", "BOOKING_CREATED_AT", "DBT_UPDATED_AT", "DBT_VALID_FROM", "DBT_VALID_TO", "DBT_SCD_ID")


/* {"app": "dbt", "dbt_version": "1.11.2", "profile_name": "snowflake_spotify_project", "target_name": "dev", "node_id": "snapshot.snowflake_spotify_project.dim_bookings"} */;
[0m22:14:25.310562 [debug] [Thread-2 (]: SQL status: SUCCESS 0 in 1.238 seconds
[0m22:14:25.311788 [debug] [Thread-2 (]: Using snowflake connection "snapshot.snowflake_spotify_project.dim_bookings"
[0m22:14:25.312206 [debug] [Thread-2 (]: On snapshot.snowflake_spotify_project.dim_bookings: COMMIT
/* {"app": "dbt", "dbt_version": "1.11.2", "profile_name": "snowflake_spotify_project", "target_name": "dev", "node_id": "snapshot.snowflake_spotify_project.dim_bookings"} */
[0m22:14:25.718053 [debug] [Thread-2 (]: SQL status: SUCCESS 1 in 0.405 seconds
[0m22:14:25.723543 [debug] [Thread-2 (]: Sending event: {'category': 'dbt', 'action': 'run_model', 'label': '00ecbbfa-c8d9-4035-92b1-f428f881db08', 'context': [<snowplow_tracker.self_describing_json.SelfDescribingJson object at 0x107debb90>]}
[0m22:14:25.724419 [info ] [Thread-2 (]: 7 of 9 OK snapshotted spotify_db.gold.dim_bookings ............................. [[32mSUCCESS 0[0m in 4.99s]
[0m22:14:25.724916 [debug] [Thread-2 (]: Finished running node snapshot.snowflake_spotify_project.dim_bookings
[0m22:14:25.725260 [debug] [Thread-2 (]: Began running node snapshot.snowflake_spotify_project.dim_hosts
[0m22:14:25.725689 [info ] [Thread-2 (]: 8 of 9 START snapshot spotify_db.gold.dim_hosts ................................ [RUN]
[0m22:14:25.728608 [debug] [Thread-2 (]: Re-using an available connection from the pool (formerly snapshot.snowflake_spotify_project.dim_bookings, now snapshot.snowflake_spotify_project.dim_hosts)
[0m22:14:25.728901 [debug] [Thread-2 (]: Began compiling node snapshot.snowflake_spotify_project.dim_hosts
[0m22:14:25.732119 [debug] [Thread-2 (]: Began executing node snapshot.snowflake_spotify_project.dim_hosts
[0m22:14:25.736040 [debug] [Thread-2 (]: Using snowflake connection "snapshot.snowflake_spotify_project.dim_hosts"
[0m22:14:25.736530 [debug] [Thread-2 (]: On snapshot.snowflake_spotify_project.dim_hosts: describe table "SPOTIFY_DB"."GOLD"."DIM_HOSTS"
/* {"app": "dbt", "dbt_version": "1.11.2", "profile_name": "snowflake_spotify_project", "target_name": "dev", "node_id": "snapshot.snowflake_spotify_project.dim_hosts"} */
[0m22:14:25.860254 [debug] [Thread-2 (]: SQL status: SUCCESS 10 in 0.123 seconds
[0m22:14:25.864970 [debug] [Thread-2 (]: Using snowflake connection "snapshot.snowflake_spotify_project.dim_hosts"
[0m22:14:25.865391 [debug] [Thread-2 (]: On snapshot.snowflake_spotify_project.dim_hosts: create or replace temporary table "SPOTIFY_DB"."GOLD"."DIM_HOSTS__dbt_tmp"
as (
    
    
    with snapshot_query as (

        with __dbt__cte__obt as (


select 
    
        silver_bookings.*,
    
        silver_listings.host_id,silver_listings.property_type,silver_listings.room_type,silver_listings.city,silver_listings.country,silver_listings.accommodates,silver_listings.bathrooms,silver_listings.bedrooms,silver_listings.price_per_night,silver_listings.price_per_night_tag,silver_listings.listing_created_at,
    
        silver_hosts.host_name,silver_hosts.host_since,silver_hosts.is_superhost,silver_hosts.response_rate,silver_hosts.response_rate_category,silver_hosts.host_created_at
    
from
   
   
        spotify_db.silver.silver_bookings as silver_bookings
   
            
   
        left join spotify_db.silver.silver_listings as silver_listings
            on silver_bookings.listing_id = silver_listings.listing_id
            
            
   
        left join spotify_db.silver.silver_hosts as silver_hosts
            on silver_listings.host_id = silver_hosts.host_id
            
            
),  __dbt__cte__hosts as (



with hosts as (
    select
        host_id,
        host_name,
        host_since,
        is_superhost,
        response_rate,
        host_created_at
    from __dbt__cte__obt
)

select * from hosts
) select * from __dbt__cte__hosts

    ),

    snapshotted_data as (

        select *, 
    
        host_id as dbt_unique_key
    

        from "SPOTIFY_DB"."GOLD"."DIM_HOSTS"
        where
            
		
		

		
                ( (dbt_valid_to = to_date('9999-12-31'))
 or dbt_valid_to is null )
            

    ),

    insertions_source_data as (

        select *, 
    
        host_id as dbt_unique_key
    
,
            host_created_at as dbt_updated_at,
            host_created_at as dbt_valid_from,
            
  
  coalesce(nullif(host_created_at, host_created_at), to_date('9999-12-31'))
  as dbt_valid_to
,
            md5(coalesce(cast(host_id as varchar ), '')
         || '|' || coalesce(cast(host_created_at as varchar ), '')
        ) as dbt_scd_id

        from snapshot_query
    ),

    updates_source_data as (

        select *, 
    
        host_id as dbt_unique_key
    
,
            host_created_at as dbt_updated_at,
            host_created_at as dbt_valid_from,
            host_created_at as dbt_valid_to

        from snapshot_query
    ),

    insertions as (

        select
            'insert' as dbt_change_type,
            source_data.*

        from insertions_source_data as source_data
        left outer join snapshotted_data
            on 
    
        snapshotted_data.dbt_unique_key = source_data.dbt_unique_key
    

            where 
    
        snapshotted_data.dbt_unique_key is null
    

            or (
    
        snapshotted_data.dbt_unique_key is not null
    
 and (
               (snapshotted_data.dbt_valid_from < source_data.host_created_at)
            )

        )

    ),

    updates as (

        select
            'update' as dbt_change_type,
            source_data.*,
            snapshotted_data.dbt_scd_id

        from updates_source_data as source_data
        join snapshotted_data
            on 
    
        snapshotted_data.dbt_unique_key = source_data.dbt_unique_key
    

        where (
            (snapshotted_data.dbt_valid_from < source_data.host_created_at)
        )
    )

    select * from insertions
    union all
    select * from updates

    )

/* {"app": "dbt", "dbt_version": "1.11.2", "profile_name": "snowflake_spotify_project", "target_name": "dev", "node_id": "snapshot.snowflake_spotify_project.dim_hosts"} */;
[0m22:15:06.269987 [debug] [Thread-2 (]: SQL status: SUCCESS 1 in 40.404 seconds
[0m22:15:06.275482 [debug] [Thread-2 (]: Using snowflake connection "snapshot.snowflake_spotify_project.dim_hosts"
[0m22:15:06.276002 [debug] [Thread-2 (]: On snapshot.snowflake_spotify_project.dim_hosts: describe table "SPOTIFY_DB"."GOLD"."DIM_HOSTS__dbt_tmp"
/* {"app": "dbt", "dbt_version": "1.11.2", "profile_name": "snowflake_spotify_project", "target_name": "dev", "node_id": "snapshot.snowflake_spotify_project.dim_hosts"} */
[0m22:15:06.470662 [debug] [Thread-2 (]: SQL status: SUCCESS 12 in 0.194 seconds
[0m22:15:06.478964 [debug] [Thread-2 (]: Using snowflake connection "snapshot.snowflake_spotify_project.dim_hosts"
[0m22:15:06.479460 [debug] [Thread-2 (]: On snapshot.snowflake_spotify_project.dim_hosts: describe table "SPOTIFY_DB"."GOLD"."DIM_HOSTS"
/* {"app": "dbt", "dbt_version": "1.11.2", "profile_name": "snowflake_spotify_project", "target_name": "dev", "node_id": "snapshot.snowflake_spotify_project.dim_hosts"} */
[0m22:15:06.614592 [debug] [Thread-2 (]: SQL status: SUCCESS 10 in 0.135 seconds
[0m22:15:06.620359 [debug] [Thread-2 (]: Using snowflake connection "snapshot.snowflake_spotify_project.dim_hosts"
[0m22:15:06.620750 [debug] [Thread-2 (]: On snapshot.snowflake_spotify_project.dim_hosts: describe table "SPOTIFY_DB"."GOLD"."DIM_HOSTS__dbt_tmp"
/* {"app": "dbt", "dbt_version": "1.11.2", "profile_name": "snowflake_spotify_project", "target_name": "dev", "node_id": "snapshot.snowflake_spotify_project.dim_hosts"} */
[0m22:15:07.189901 [debug] [Thread-2 (]: SQL status: SUCCESS 12 in 0.569 seconds
[0m22:15:07.196765 [debug] [Thread-2 (]: Using snowflake connection "snapshot.snowflake_spotify_project.dim_hosts"
[0m22:15:07.197234 [debug] [Thread-2 (]: On snapshot.snowflake_spotify_project.dim_hosts: describe table "SPOTIFY_DB"."GOLD"."DIM_HOSTS"
/* {"app": "dbt", "dbt_version": "1.11.2", "profile_name": "snowflake_spotify_project", "target_name": "dev", "node_id": "snapshot.snowflake_spotify_project.dim_hosts"} */
[0m22:15:07.311628 [debug] [Thread-2 (]: SQL status: SUCCESS 10 in 0.114 seconds
[0m22:15:07.317716 [debug] [Thread-2 (]: Using snowflake connection "snapshot.snowflake_spotify_project.dim_hosts"
[0m22:15:07.318107 [debug] [Thread-2 (]: On snapshot.snowflake_spotify_project.dim_hosts: describe table "SPOTIFY_DB"."GOLD"."DIM_HOSTS__dbt_tmp"
/* {"app": "dbt", "dbt_version": "1.11.2", "profile_name": "snowflake_spotify_project", "target_name": "dev", "node_id": "snapshot.snowflake_spotify_project.dim_hosts"} */
[0m22:15:07.457267 [debug] [Thread-2 (]: SQL status: SUCCESS 12 in 0.139 seconds
[0m22:15:07.468465 [debug] [Thread-2 (]: Using snowflake connection "snapshot.snowflake_spotify_project.dim_hosts"
[0m22:15:07.469048 [debug] [Thread-2 (]: On snapshot.snowflake_spotify_project.dim_hosts: select * from (
        
    
    with snapshot_query as (

        with __dbt__cte__obt as (


select 
    
        silver_bookings.*,
    
        silver_listings.host_id,silver_listings.property_type,silver_listings.room_type,silver_listings.city,silver_listings.country,silver_listings.accommodates,silver_listings.bathrooms,silver_listings.bedrooms,silver_listings.price_per_night,silver_listings.price_per_night_tag,silver_listings.listing_created_at,
    
        silver_hosts.host_name,silver_hosts.host_since,silver_hosts.is_superhost,silver_hosts.response_rate,silver_hosts.response_rate_category,silver_hosts.host_created_at
    
from
   
   
        spotify_db.silver.silver_bookings as silver_bookings
   
            
   
        left join spotify_db.silver.silver_listings as silver_listings
            on silver_bookings.listing_id = silver_listings.listing_id
            
            
   
        left join spotify_db.silver.silver_hosts as silver_hosts
            on silver_listings.host_id = silver_hosts.host_id
            
            
),  __dbt__cte__hosts as (



with hosts as (
    select
        host_id,
        host_name,
        host_since,
        is_superhost,
        response_rate,
        host_created_at
    from __dbt__cte__obt
)

select * from hosts
) select * from __dbt__cte__hosts

    ),

    snapshotted_data as (

        select *, 
    
        host_id as dbt_unique_key
    

        from "SPOTIFY_DB"."GOLD"."DIM_HOSTS"
        where
            
		
		

		
                ( (dbt_valid_to = to_date('9999-12-31'))
 or dbt_valid_to is null )
            

    ),

    insertions_source_data as (

        select *, 
    
        host_id as dbt_unique_key
    
,
            host_created_at as dbt_updated_at,
            host_created_at as dbt_valid_from,
            
  
  coalesce(nullif(host_created_at, host_created_at), to_date('9999-12-31'))
  as dbt_valid_to
,
            md5(coalesce(cast(host_id as varchar ), '')
         || '|' || coalesce(cast(host_created_at as varchar ), '')
        ) as dbt_scd_id

        from snapshot_query
    ),

    updates_source_data as (

        select *, 
    
        host_id as dbt_unique_key
    
,
            host_created_at as dbt_updated_at,
            host_created_at as dbt_valid_from,
            host_created_at as dbt_valid_to

        from snapshot_query
    ),

    insertions as (

        select
            'insert' as dbt_change_type,
            source_data.*

        from insertions_source_data as source_data
        left outer join snapshotted_data
            on 
    
        snapshotted_data.dbt_unique_key = source_data.dbt_unique_key
    

            where 
    
        snapshotted_data.dbt_unique_key is null
    

            or (
    
        snapshotted_data.dbt_unique_key is not null
    
 and (
               (snapshotted_data.dbt_valid_from < source_data.host_created_at)
            )

        )

    ),

    updates as (

        select
            'update' as dbt_change_type,
            source_data.*,
            snapshotted_data.dbt_scd_id

        from updates_source_data as source_data
        join snapshotted_data
            on 
    
        snapshotted_data.dbt_unique_key = source_data.dbt_unique_key
    

        where (
            (snapshotted_data.dbt_valid_from < source_data.host_created_at)
        )
    )

    select * from insertions
    union all
    select * from updates

    ) as __dbt_sbq
    where false
    limit 0
/* {"app": "dbt", "dbt_version": "1.11.2", "profile_name": "snowflake_spotify_project", "target_name": "dev", "node_id": "snapshot.snowflake_spotify_project.dim_hosts"} */
/* {"app": "dbt", "dbt_version": "1.11.2", "profile_name": "snowflake_spotify_project", "target_name": "dev", "node_id": "snapshot.snowflake_spotify_project.dim_hosts"} */
[0m22:15:07.705116 [debug] [Thread-2 (]: SQL status: SUCCESS 0 in 0.235 seconds
[0m22:15:07.707517 [debug] [Thread-2 (]: Using snowflake connection "snapshot.snowflake_spotify_project.dim_hosts"
[0m22:15:07.708122 [debug] [Thread-2 (]: On snapshot.snowflake_spotify_project.dim_hosts: select * from (
        select to_timestamp_ntz(convert_timezone('UTC', current_timestamp())) as dbt_snapshot_time
    ) as __dbt_sbq
    where false
    limit 0
/* {"app": "dbt", "dbt_version": "1.11.2", "profile_name": "snowflake_spotify_project", "target_name": "dev", "node_id": "snapshot.snowflake_spotify_project.dim_hosts"} */
/* {"app": "dbt", "dbt_version": "1.11.2", "profile_name": "snowflake_spotify_project", "target_name": "dev", "node_id": "snapshot.snowflake_spotify_project.dim_hosts"} */
[0m22:15:07.838561 [debug] [Thread-2 (]: SQL status: SUCCESS 0 in 0.130 seconds
[0m22:15:07.840038 [debug] [Thread-2 (]: Writing runtime sql for node "snapshot.snowflake_spotify_project.dim_hosts"
[0m22:15:07.843043 [debug] [Thread-2 (]: Using snowflake connection "snapshot.snowflake_spotify_project.dim_hosts"
[0m22:15:07.843583 [debug] [Thread-2 (]: On snapshot.snowflake_spotify_project.dim_hosts: BEGIN
/* {"app": "dbt", "dbt_version": "1.11.2", "profile_name": "snowflake_spotify_project", "target_name": "dev", "node_id": "snapshot.snowflake_spotify_project.dim_hosts"} */
[0m22:15:07.991456 [debug] [Thread-2 (]: SQL status: SUCCESS 1 in 0.147 seconds
[0m22:15:07.992590 [debug] [Thread-2 (]: Using snowflake connection "snapshot.snowflake_spotify_project.dim_hosts"
[0m22:15:07.993377 [debug] [Thread-2 (]: On snapshot.snowflake_spotify_project.dim_hosts: merge into "SPOTIFY_DB"."GOLD"."DIM_HOSTS" as DBT_INTERNAL_DEST
    using "SPOTIFY_DB"."GOLD"."DIM_HOSTS__dbt_tmp" as DBT_INTERNAL_SOURCE
    on DBT_INTERNAL_SOURCE.dbt_scd_id = DBT_INTERNAL_DEST.dbt_scd_id

    when matched
     
	
	
	and ((DBT_INTERNAL_DEST.dbt_valid_to = to_date('9999-12-31'))
 or DBT_INTERNAL_DEST.dbt_valid_to is null)

     
     and DBT_INTERNAL_SOURCE.dbt_change_type in ('update', 'delete')
        then update
        set dbt_valid_to = DBT_INTERNAL_SOURCE.dbt_valid_to

    when not matched
     and DBT_INTERNAL_SOURCE.dbt_change_type = 'insert'
        then insert ("HOST_ID", "HOST_NAME", "HOST_SINCE", "IS_SUPERHOST", "RESPONSE_RATE", "HOST_CREATED_AT", "DBT_UPDATED_AT", "DBT_VALID_FROM", "DBT_VALID_TO", "DBT_SCD_ID")
        values ("HOST_ID", "HOST_NAME", "HOST_SINCE", "IS_SUPERHOST", "RESPONSE_RATE", "HOST_CREATED_AT", "DBT_UPDATED_AT", "DBT_VALID_FROM", "DBT_VALID_TO", "DBT_SCD_ID")


/* {"app": "dbt", "dbt_version": "1.11.2", "profile_name": "snowflake_spotify_project", "target_name": "dev", "node_id": "snapshot.snowflake_spotify_project.dim_hosts"} */;
[0m22:15:09.204184 [debug] [Thread-2 (]: SQL status: SUCCESS 0 in 1.210 seconds
[0m22:15:09.205093 [debug] [Thread-2 (]: Using snowflake connection "snapshot.snowflake_spotify_project.dim_hosts"
[0m22:15:09.205481 [debug] [Thread-2 (]: On snapshot.snowflake_spotify_project.dim_hosts: COMMIT
/* {"app": "dbt", "dbt_version": "1.11.2", "profile_name": "snowflake_spotify_project", "target_name": "dev", "node_id": "snapshot.snowflake_spotify_project.dim_hosts"} */
[0m22:15:09.484989 [debug] [Thread-2 (]: SQL status: SUCCESS 1 in 0.279 seconds
[0m22:15:09.488760 [debug] [Thread-2 (]: Sending event: {'category': 'dbt', 'action': 'run_model', 'label': '00ecbbfa-c8d9-4035-92b1-f428f881db08', 'context': [<snowplow_tracker.self_describing_json.SelfDescribingJson object at 0x104b58890>]}
[0m22:15:09.489497 [info ] [Thread-2 (]: 8 of 9 OK snapshotted spotify_db.gold.dim_hosts ................................ [[32mSUCCESS 0[0m in 43.76s]
[0m22:15:09.489923 [debug] [Thread-2 (]: Finished running node snapshot.snowflake_spotify_project.dim_hosts
[0m22:15:09.490205 [debug] [Thread-2 (]: Began running node snapshot.snowflake_spotify_project.dim_listings
[0m22:15:09.490588 [info ] [Thread-2 (]: 9 of 9 START snapshot spotify_db.gold.dim_listings ............................. [RUN]
[0m22:15:09.490939 [debug] [Thread-2 (]: Re-using an available connection from the pool (formerly snapshot.snowflake_spotify_project.dim_hosts, now snapshot.snowflake_spotify_project.dim_listings)
[0m22:15:09.491194 [debug] [Thread-2 (]: Began compiling node snapshot.snowflake_spotify_project.dim_listings
[0m22:15:09.496596 [debug] [Thread-2 (]: Began executing node snapshot.snowflake_spotify_project.dim_listings
[0m22:15:09.500681 [debug] [Thread-2 (]: Using snowflake connection "snapshot.snowflake_spotify_project.dim_listings"
[0m22:15:09.501124 [debug] [Thread-2 (]: On snapshot.snowflake_spotify_project.dim_listings: describe table "SPOTIFY_DB"."GOLD"."DIM_LISTINGS"
/* {"app": "dbt", "dbt_version": "1.11.2", "profile_name": "snowflake_spotify_project", "target_name": "dev", "node_id": "snapshot.snowflake_spotify_project.dim_listings"} */
[0m22:15:09.628132 [debug] [Thread-2 (]: SQL status: SUCCESS 11 in 0.127 seconds
[0m22:15:09.633301 [debug] [Thread-2 (]: Using snowflake connection "snapshot.snowflake_spotify_project.dim_listings"
[0m22:15:09.633739 [debug] [Thread-2 (]: On snapshot.snowflake_spotify_project.dim_listings: create or replace temporary table "SPOTIFY_DB"."GOLD"."DIM_LISTINGS__dbt_tmp"
as (
    
    
    with snapshot_query as (

        with __dbt__cte__obt as (


select 
    
        silver_bookings.*,
    
        silver_listings.host_id,silver_listings.property_type,silver_listings.room_type,silver_listings.city,silver_listings.country,silver_listings.accommodates,silver_listings.bathrooms,silver_listings.bedrooms,silver_listings.price_per_night,silver_listings.price_per_night_tag,silver_listings.listing_created_at,
    
        silver_hosts.host_name,silver_hosts.host_since,silver_hosts.is_superhost,silver_hosts.response_rate,silver_hosts.response_rate_category,silver_hosts.host_created_at
    
from
   
   
        spotify_db.silver.silver_bookings as silver_bookings
   
            
   
        left join spotify_db.silver.silver_listings as silver_listings
            on silver_bookings.listing_id = silver_listings.listing_id
            
            
   
        left join spotify_db.silver.silver_hosts as silver_hosts
            on silver_listings.host_id = silver_hosts.host_id
            
            
),  __dbt__cte__listings as (



with listings as (
    select 
        listing_id,
        property_type,
        room_type,
        city,
        country,
        price_per_night_tag,
        listing_created_at
    from __dbt__cte__obt
)

select * from listings
) select * from __dbt__cte__listings

    ),

    snapshotted_data as (

        select *, 
    
        listing_id as dbt_unique_key
    

        from "SPOTIFY_DB"."GOLD"."DIM_LISTINGS"
        where
            
		
		

		
                ( (dbt_valid_to = to_date('9999-12-31'))
 or dbt_valid_to is null )
            

    ),

    insertions_source_data as (

        select *, 
    
        listing_id as dbt_unique_key
    
,
            listing_created_at as dbt_updated_at,
            listing_created_at as dbt_valid_from,
            
  
  coalesce(nullif(listing_created_at, listing_created_at), to_date('9999-12-31'))
  as dbt_valid_to
,
            md5(coalesce(cast(listing_id as varchar ), '')
         || '|' || coalesce(cast(listing_created_at as varchar ), '')
        ) as dbt_scd_id

        from snapshot_query
    ),

    updates_source_data as (

        select *, 
    
        listing_id as dbt_unique_key
    
,
            listing_created_at as dbt_updated_at,
            listing_created_at as dbt_valid_from,
            listing_created_at as dbt_valid_to

        from snapshot_query
    ),

    insertions as (

        select
            'insert' as dbt_change_type,
            source_data.*

        from insertions_source_data as source_data
        left outer join snapshotted_data
            on 
    
        snapshotted_data.dbt_unique_key = source_data.dbt_unique_key
    

            where 
    
        snapshotted_data.dbt_unique_key is null
    

            or (
    
        snapshotted_data.dbt_unique_key is not null
    
 and (
               (snapshotted_data.dbt_valid_from < source_data.listing_created_at)
            )

        )

    ),

    updates as (

        select
            'update' as dbt_change_type,
            source_data.*,
            snapshotted_data.dbt_scd_id

        from updates_source_data as source_data
        join snapshotted_data
            on 
    
        snapshotted_data.dbt_unique_key = source_data.dbt_unique_key
    

        where (
            (snapshotted_data.dbt_valid_from < source_data.listing_created_at)
        )
    )

    select * from insertions
    union all
    select * from updates

    )

/* {"app": "dbt", "dbt_version": "1.11.2", "profile_name": "snowflake_spotify_project", "target_name": "dev", "node_id": "snapshot.snowflake_spotify_project.dim_listings"} */;
[0m22:15:24.597585 [debug] [Thread-2 (]: SQL status: SUCCESS 1 in 14.963 seconds
[0m22:15:24.604967 [debug] [Thread-2 (]: Using snowflake connection "snapshot.snowflake_spotify_project.dim_listings"
[0m22:15:24.605799 [debug] [Thread-2 (]: On snapshot.snowflake_spotify_project.dim_listings: describe table "SPOTIFY_DB"."GOLD"."DIM_LISTINGS__dbt_tmp"
/* {"app": "dbt", "dbt_version": "1.11.2", "profile_name": "snowflake_spotify_project", "target_name": "dev", "node_id": "snapshot.snowflake_spotify_project.dim_listings"} */
[0m22:15:24.745549 [debug] [Thread-2 (]: SQL status: SUCCESS 13 in 0.139 seconds
[0m22:15:24.752613 [debug] [Thread-2 (]: Using snowflake connection "snapshot.snowflake_spotify_project.dim_listings"
[0m22:15:24.753080 [debug] [Thread-2 (]: On snapshot.snowflake_spotify_project.dim_listings: describe table "SPOTIFY_DB"."GOLD"."DIM_LISTINGS"
/* {"app": "dbt", "dbt_version": "1.11.2", "profile_name": "snowflake_spotify_project", "target_name": "dev", "node_id": "snapshot.snowflake_spotify_project.dim_listings"} */
[0m22:15:24.874856 [debug] [Thread-2 (]: SQL status: SUCCESS 11 in 0.121 seconds
[0m22:15:24.880238 [debug] [Thread-2 (]: Using snowflake connection "snapshot.snowflake_spotify_project.dim_listings"
[0m22:15:24.880671 [debug] [Thread-2 (]: On snapshot.snowflake_spotify_project.dim_listings: describe table "SPOTIFY_DB"."GOLD"."DIM_LISTINGS__dbt_tmp"
/* {"app": "dbt", "dbt_version": "1.11.2", "profile_name": "snowflake_spotify_project", "target_name": "dev", "node_id": "snapshot.snowflake_spotify_project.dim_listings"} */
[0m22:15:25.002742 [debug] [Thread-2 (]: SQL status: SUCCESS 13 in 0.122 seconds
[0m22:15:25.010903 [debug] [Thread-2 (]: Using snowflake connection "snapshot.snowflake_spotify_project.dim_listings"
[0m22:15:25.011389 [debug] [Thread-2 (]: On snapshot.snowflake_spotify_project.dim_listings: describe table "SPOTIFY_DB"."GOLD"."DIM_LISTINGS"
/* {"app": "dbt", "dbt_version": "1.11.2", "profile_name": "snowflake_spotify_project", "target_name": "dev", "node_id": "snapshot.snowflake_spotify_project.dim_listings"} */
[0m22:15:25.141313 [debug] [Thread-2 (]: SQL status: SUCCESS 11 in 0.129 seconds
[0m22:15:25.146749 [debug] [Thread-2 (]: Using snowflake connection "snapshot.snowflake_spotify_project.dim_listings"
[0m22:15:25.147260 [debug] [Thread-2 (]: On snapshot.snowflake_spotify_project.dim_listings: describe table "SPOTIFY_DB"."GOLD"."DIM_LISTINGS__dbt_tmp"
/* {"app": "dbt", "dbt_version": "1.11.2", "profile_name": "snowflake_spotify_project", "target_name": "dev", "node_id": "snapshot.snowflake_spotify_project.dim_listings"} */
[0m22:15:25.297428 [debug] [Thread-2 (]: SQL status: SUCCESS 13 in 0.150 seconds
[0m22:15:25.304517 [debug] [Thread-2 (]: Using snowflake connection "snapshot.snowflake_spotify_project.dim_listings"
[0m22:15:25.305042 [debug] [Thread-2 (]: On snapshot.snowflake_spotify_project.dim_listings: select * from (
        
    
    with snapshot_query as (

        with __dbt__cte__obt as (


select 
    
        silver_bookings.*,
    
        silver_listings.host_id,silver_listings.property_type,silver_listings.room_type,silver_listings.city,silver_listings.country,silver_listings.accommodates,silver_listings.bathrooms,silver_listings.bedrooms,silver_listings.price_per_night,silver_listings.price_per_night_tag,silver_listings.listing_created_at,
    
        silver_hosts.host_name,silver_hosts.host_since,silver_hosts.is_superhost,silver_hosts.response_rate,silver_hosts.response_rate_category,silver_hosts.host_created_at
    
from
   
   
        spotify_db.silver.silver_bookings as silver_bookings
   
            
   
        left join spotify_db.silver.silver_listings as silver_listings
            on silver_bookings.listing_id = silver_listings.listing_id
            
            
   
        left join spotify_db.silver.silver_hosts as silver_hosts
            on silver_listings.host_id = silver_hosts.host_id
            
            
),  __dbt__cte__listings as (



with listings as (
    select 
        listing_id,
        property_type,
        room_type,
        city,
        country,
        price_per_night_tag,
        listing_created_at
    from __dbt__cte__obt
)

select * from listings
) select * from __dbt__cte__listings

    ),

    snapshotted_data as (

        select *, 
    
        listing_id as dbt_unique_key
    

        from "SPOTIFY_DB"."GOLD"."DIM_LISTINGS"
        where
            
		
		

		
                ( (dbt_valid_to = to_date('9999-12-31'))
 or dbt_valid_to is null )
            

    ),

    insertions_source_data as (

        select *, 
    
        listing_id as dbt_unique_key
    
,
            listing_created_at as dbt_updated_at,
            listing_created_at as dbt_valid_from,
            
  
  coalesce(nullif(listing_created_at, listing_created_at), to_date('9999-12-31'))
  as dbt_valid_to
,
            md5(coalesce(cast(listing_id as varchar ), '')
         || '|' || coalesce(cast(listing_created_at as varchar ), '')
        ) as dbt_scd_id

        from snapshot_query
    ),

    updates_source_data as (

        select *, 
    
        listing_id as dbt_unique_key
    
,
            listing_created_at as dbt_updated_at,
            listing_created_at as dbt_valid_from,
            listing_created_at as dbt_valid_to

        from snapshot_query
    ),

    insertions as (

        select
            'insert' as dbt_change_type,
            source_data.*

        from insertions_source_data as source_data
        left outer join snapshotted_data
            on 
    
        snapshotted_data.dbt_unique_key = source_data.dbt_unique_key
    

            where 
    
        snapshotted_data.dbt_unique_key is null
    

            or (
    
        snapshotted_data.dbt_unique_key is not null
    
 and (
               (snapshotted_data.dbt_valid_from < source_data.listing_created_at)
            )

        )

    ),

    updates as (

        select
            'update' as dbt_change_type,
            source_data.*,
            snapshotted_data.dbt_scd_id

        from updates_source_data as source_data
        join snapshotted_data
            on 
    
        snapshotted_data.dbt_unique_key = source_data.dbt_unique_key
    

        where (
            (snapshotted_data.dbt_valid_from < source_data.listing_created_at)
        )
    )

    select * from insertions
    union all
    select * from updates

    ) as __dbt_sbq
    where false
    limit 0
/* {"app": "dbt", "dbt_version": "1.11.2", "profile_name": "snowflake_spotify_project", "target_name": "dev", "node_id": "snapshot.snowflake_spotify_project.dim_listings"} */
/* {"app": "dbt", "dbt_version": "1.11.2", "profile_name": "snowflake_spotify_project", "target_name": "dev", "node_id": "snapshot.snowflake_spotify_project.dim_listings"} */
[0m22:15:25.519379 [debug] [Thread-2 (]: SQL status: SUCCESS 0 in 0.214 seconds
[0m22:15:25.522008 [debug] [Thread-2 (]: Using snowflake connection "snapshot.snowflake_spotify_project.dim_listings"
[0m22:15:25.522838 [debug] [Thread-2 (]: On snapshot.snowflake_spotify_project.dim_listings: select * from (
        select to_timestamp_ntz(convert_timezone('UTC', current_timestamp())) as dbt_snapshot_time
    ) as __dbt_sbq
    where false
    limit 0
/* {"app": "dbt", "dbt_version": "1.11.2", "profile_name": "snowflake_spotify_project", "target_name": "dev", "node_id": "snapshot.snowflake_spotify_project.dim_listings"} */
/* {"app": "dbt", "dbt_version": "1.11.2", "profile_name": "snowflake_spotify_project", "target_name": "dev", "node_id": "snapshot.snowflake_spotify_project.dim_listings"} */
[0m22:15:25.641791 [debug] [Thread-2 (]: SQL status: SUCCESS 0 in 0.118 seconds
[0m22:15:25.643403 [debug] [Thread-2 (]: Writing runtime sql for node "snapshot.snowflake_spotify_project.dim_listings"
[0m22:15:25.645725 [debug] [Thread-2 (]: Using snowflake connection "snapshot.snowflake_spotify_project.dim_listings"
[0m22:15:25.646161 [debug] [Thread-2 (]: On snapshot.snowflake_spotify_project.dim_listings: BEGIN
/* {"app": "dbt", "dbt_version": "1.11.2", "profile_name": "snowflake_spotify_project", "target_name": "dev", "node_id": "snapshot.snowflake_spotify_project.dim_listings"} */
[0m22:15:25.807836 [debug] [Thread-2 (]: SQL status: SUCCESS 1 in 0.161 seconds
[0m22:15:25.809019 [debug] [Thread-2 (]: Using snowflake connection "snapshot.snowflake_spotify_project.dim_listings"
[0m22:15:25.809854 [debug] [Thread-2 (]: On snapshot.snowflake_spotify_project.dim_listings: merge into "SPOTIFY_DB"."GOLD"."DIM_LISTINGS" as DBT_INTERNAL_DEST
    using "SPOTIFY_DB"."GOLD"."DIM_LISTINGS__dbt_tmp" as DBT_INTERNAL_SOURCE
    on DBT_INTERNAL_SOURCE.dbt_scd_id = DBT_INTERNAL_DEST.dbt_scd_id

    when matched
     
	
	
	and ((DBT_INTERNAL_DEST.dbt_valid_to = to_date('9999-12-31'))
 or DBT_INTERNAL_DEST.dbt_valid_to is null)

     
     and DBT_INTERNAL_SOURCE.dbt_change_type in ('update', 'delete')
        then update
        set dbt_valid_to = DBT_INTERNAL_SOURCE.dbt_valid_to

    when not matched
     and DBT_INTERNAL_SOURCE.dbt_change_type = 'insert'
        then insert ("LISTING_ID", "PROPERTY_TYPE", "ROOM_TYPE", "CITY", "COUNTRY", "PRICE_PER_NIGHT_TAG", "LISTING_CREATED_AT", "DBT_UPDATED_AT", "DBT_VALID_FROM", "DBT_VALID_TO", "DBT_SCD_ID")
        values ("LISTING_ID", "PROPERTY_TYPE", "ROOM_TYPE", "CITY", "COUNTRY", "PRICE_PER_NIGHT_TAG", "LISTING_CREATED_AT", "DBT_UPDATED_AT", "DBT_VALID_FROM", "DBT_VALID_TO", "DBT_SCD_ID")


/* {"app": "dbt", "dbt_version": "1.11.2", "profile_name": "snowflake_spotify_project", "target_name": "dev", "node_id": "snapshot.snowflake_spotify_project.dim_listings"} */;
[0m22:15:27.464669 [debug] [Thread-2 (]: SQL status: SUCCESS 0 in 1.654 seconds
[0m22:15:27.465981 [debug] [Thread-2 (]: Using snowflake connection "snapshot.snowflake_spotify_project.dim_listings"
[0m22:15:27.466698 [debug] [Thread-2 (]: On snapshot.snowflake_spotify_project.dim_listings: COMMIT
/* {"app": "dbt", "dbt_version": "1.11.2", "profile_name": "snowflake_spotify_project", "target_name": "dev", "node_id": "snapshot.snowflake_spotify_project.dim_listings"} */
[0m22:15:27.765942 [debug] [Thread-2 (]: SQL status: SUCCESS 1 in 0.298 seconds
[0m22:15:27.769950 [debug] [Thread-2 (]: Sending event: {'category': 'dbt', 'action': 'run_model', 'label': '00ecbbfa-c8d9-4035-92b1-f428f881db08', 'context': [<snowplow_tracker.self_describing_json.SelfDescribingJson object at 0x1078fe650>]}
[0m22:15:27.770854 [info ] [Thread-2 (]: 9 of 9 OK snapshotted spotify_db.gold.dim_listings ............................. [[32mSUCCESS 0[0m in 18.28s]
[0m22:15:27.771328 [debug] [Thread-2 (]: Finished running node snapshot.snowflake_spotify_project.dim_listings
[0m22:15:27.772654 [debug] [MainThread]: Connection 'master' was properly closed.
[0m22:15:27.772932 [debug] [MainThread]: Connection 'snapshot.snowflake_spotify_project.dim_listings' was left open.
[0m22:15:27.773164 [debug] [MainThread]: On snapshot.snowflake_spotify_project.dim_listings: Close
[0m22:15:27.972884 [info ] [MainThread]: 
[0m22:15:27.973499 [info ] [MainThread]: Finished running 6 incremental models, 3 snapshots in 0 hours 1 minutes and 21.82 seconds (81.82s).
[0m22:15:27.974847 [debug] [MainThread]: Command end result
[0m22:15:27.998924 [debug] [MainThread]: Wrote artifact WritableManifest to /Users/faizaan/Desktop/dbt_spotify_prj/snowflake_spotify_project/target/manifest.json
[0m22:15:28.001304 [debug] [MainThread]: Wrote artifact SemanticManifest to /Users/faizaan/Desktop/dbt_spotify_prj/snowflake_spotify_project/target/semantic_manifest.json
[0m22:15:28.003578 [debug] [MainThread]: Wrote artifact RunExecutionResult to /Users/faizaan/Desktop/dbt_spotify_prj/snowflake_spotify_project/target/run_results.json
[0m22:15:28.003701 [info ] [MainThread]: 
[0m22:15:28.003891 [info ] [MainThread]: [31mCompleted with 3 errors, 0 partial successes, and 0 warnings:[0m
[0m22:15:28.004034 [info ] [MainThread]: 
[0m22:15:28.004207 [error] [MainThread]: [31mFailure in model silver_bookings (models/silver/silver_bookings.sql)[0m
[0m22:15:28.004370 [error] [MainThread]:   Database Error in model silver_bookings (models/silver/silver_bookings.sql)
  100090 (42P18): Duplicate row detected during DML action
  Row Values: [redacted]
  compiled code at target/run/snowflake_spotify_project/models/silver/silver_bookings.sql
[0m22:15:28.004498 [info ] [MainThread]: 
[0m22:15:28.004642 [info ] [MainThread]:   compiled code at target/compiled/snowflake_spotify_project/models/silver/silver_bookings.sql
[0m22:15:28.004766 [info ] [MainThread]: 
[0m22:15:28.004909 [error] [MainThread]: [31mFailure in model silver_hosts (models/silver/silver_hosts.sql)[0m
[0m22:15:28.005059 [error] [MainThread]:   Database Error in model silver_hosts (models/silver/silver_hosts.sql)
  100090 (42P18): Duplicate row detected during DML action
  Row Values: [redacted]
  compiled code at target/run/snowflake_spotify_project/models/silver/silver_hosts.sql
[0m22:15:28.005177 [info ] [MainThread]: 
[0m22:15:28.005316 [info ] [MainThread]:   compiled code at target/compiled/snowflake_spotify_project/models/silver/silver_hosts.sql
[0m22:15:28.005398 [info ] [MainThread]: 
[0m22:15:28.005546 [error] [MainThread]: [31mFailure in model silver_listings (models/silver/silver_listings.sql)[0m
[0m22:15:28.005683 [error] [MainThread]:   Database Error in model silver_listings (models/silver/silver_listings.sql)
  100090 (42P18): Duplicate row detected during DML action
  Row Values: [redacted]
  compiled code at target/run/snowflake_spotify_project/models/silver/silver_listings.sql
[0m22:15:28.005778 [info ] [MainThread]: 
[0m22:15:28.005884 [info ] [MainThread]:   compiled code at target/compiled/snowflake_spotify_project/models/silver/silver_listings.sql
[0m22:15:28.005976 [info ] [MainThread]: 
[0m22:15:28.006085 [info ] [MainThread]: Done. PASS=6 WARN=0 ERROR=3 SKIP=0 NO-OP=0 TOTAL=9
[0m22:15:28.006396 [warn ] [MainThread]: [[33mWARNING[0m][DeprecationsSummary]: Deprecated functionality
Summary of encountered deprecations:
- DuplicateYAMLKeysDeprecation: 1 occurrence
- MissingPlusPrefixDeprecation: 1 occurrence
To see all deprecation instances instead of just the first occurrence of each,
run command again with the `--show-all-deprecations` flag. You may also need to
run with `--no-partial-parse` as some deprecations are only encountered during
parsing.
[0m22:15:28.008340 [debug] [MainThread]: Resource report: {"command_name": "build", "command_success": false, "command_wall_clock_time": 82.17197, "process_in_blocks": "0", "process_kernel_time": 0.239933, "process_mem_max_rss": "173047808", "process_out_blocks": "0", "process_user_time": 1.842459}
[0m22:15:28.008546 [debug] [MainThread]: Command `dbt build` failed at 22:15:28.008510 after 82.17 seconds
[0m22:15:28.008726 [debug] [MainThread]: Sending event: {'category': 'dbt', 'action': 'invocation', 'label': 'end', 'context': [<snowplow_tracker.self_describing_json.SelfDescribingJson object at 0x105947c10>, <snowplow_tracker.self_describing_json.SelfDescribingJson object at 0x105947c50>, <snowplow_tracker.self_describing_json.SelfDescribingJson object at 0x1011889d0>]}
[0m22:15:28.008887 [debug] [MainThread]: Flushing usage events
[0m22:15:28.446533 [debug] [MainThread]: An error was encountered while trying to flush usage events
